activity_datetime,characteristicname,count,mean,median,min,max,year,month,month_name
1964-10-31,Dissolved oxygen (DO),10,8.17,11.149999999999999,1.8,12.1,1964,10,October
1964-10-31,Kjeldahl nitrogen,4,1.1075,0.65,0.33,2.8,1964,10,October
1964-10-31,"Temperature, water",10,12.45,11.0,9.5,18.0,1964,10,October
1964-10-31,"Total Phosphorus, mixed forms",4,5.165,0.255,0.15,20.0,1964,10,October
1964-11-30,Chloride,1,360.0,360.0,360.0,360.0,1964,11,November
1964-11-30,Dissolved oxygen (DO),10,11.67,12.850000000000001,6.2,14.2,1964,11,November
1964-11-30,Kjeldahl nitrogen,4,5.15,3.35,0.9,13.0,1964,11,November
1964-11-30,"Temperature, water",10,1.95,1.5,0.5,4.5,1964,11,November
1964-11-30,"Total Phosphorus, mixed forms",4,2909.045,0.98,0.22,11634.0,1964,11,November
1964-12-31,Chloride,1,265.0,265.0,265.0,265.0,1964,12,December
1964-12-31,Dissolved oxygen (DO),11,10.472727272727273,8.9,4.6,15.3,1964,12,December
1964-12-31,Kjeldahl nitrogen,3,6.466666666666666,1.5,0.9,17.0,1964,12,December
1964-12-31,"Temperature, water",11,1.781818181818182,1.0,0.3,5.5,1964,12,December
1964-12-31,"Total Phosphorus, mixed forms",3,926.0833333333334,0.2,0.05,2778.0,1964,12,December
1965-01-31,Chloride,2,237.0,237.0,79.0,395.0,1965,1,January
1965-01-31,Dissolved oxygen (DO),12,9.799999999999999,10.8,2.8,12.0,1965,1,January
1965-01-31,Kjeldahl nitrogen,4,13.15,11.0,6.6,24.0,1965,1,January
1965-01-31,"Temperature, water",12,1.8499999999999999,0.5,0.3,6.0,1965,1,January
1965-01-31,"Total Phosphorus, mixed forms",4,10460.25,5588.5,10.0,30654.0,1965,1,January
1965-02-28,Dissolved oxygen (DO),6,11.316666666666668,12.0,8.4,13.9,1965,2,February
1965-02-28,Kjeldahl nitrogen,4,3.4250000000000003,1.4,1.0,9.9,1965,2,February
1965-02-28,"Temperature, water",6,2.716666666666667,2.5,0.3,5.0,1965,2,February
1965-02-28,"Total Phosphorus, mixed forms",3,0.7166666666666667,0.21,0.11,1.83,1965,2,February
1965-03-31,Chloride,2,112.0,112.0,19.0,205.0,1965,3,March
1965-03-31,Dissolved oxygen (DO),14,11.5,11.85,7.6,15.2,1965,3,March
1965-03-31,Kjeldahl nitrogen,6,5.701666666666667,5.800000000000001,0.91,12.0,1965,3,March
1965-03-31,"Temperature, water",14,3.142857142857143,3.25,1.0,5.5,1965,3,March
1965-03-31,"Total Phosphorus, mixed forms",6,599.14,0.31,0.07,1895.0,1965,3,March
1965-04-30,Chloride,1,52.0,52.0,52.0,52.0,1965,4,April
1965-04-30,Kjeldahl nitrogen,1,1.7,1.7,1.7,1.7,1965,4,April
1965-04-30,"Total Phosphorus, mixed forms",1,0.32,0.32,0.32,0.32,1965,4,April
1965-05-31,Chloride,9,114.44444444444444,126.0,13.0,315.0,1965,5,May
1965-05-31,Dissolved oxygen (DO),12,8.833333333333334,8.7,7.0,11.2,1965,5,May
1965-05-31,Kjeldahl nitrogen,12,5.4225,1.7000000000000002,0.71,23.0,1965,5,May
1965-05-31,"Temperature, water",12,15.575000000000001,15.7,13.5,18.0,1965,5,May
1965-05-31,"Total Phosphorus, mixed forms",11,291.42727272727274,0.11,0.02,3203.0,1965,5,May
1965-06-30,Chloride,10,99.5,57.0,22.0,268.0,1965,6,June
1965-06-30,Dissolved oxygen (DO),4,7.1499999999999995,7.15,4.6,9.7,1965,6,June
1965-06-30,Kjeldahl nitrogen,10,13.341999999999999,1.65,0.52,61.8,1965,6,June
1965-06-30,"Temperature, water",4,18.0,17.5,16.0,21.0,1965,6,June
1965-06-30,"Total Phosphorus, mixed forms",8,1303.2425,0.75,0.17,10392.0,1965,6,June
1965-07-31,Chloride,24,88.5,77.0,3.0,294.0,1965,7,July
1965-07-31,Dissolved oxygen (DO),23,8.673913043478262,9.8,2.0,12.2,1965,7,July
1965-07-31,Kjeldahl nitrogen,30,3.985,1.025,0.43,20.0,1965,7,July
1965-07-31,"Temperature, water",23,19.695652173913043,19.5,15.0,25.5,1965,7,July
1965-07-31,"Total Phosphorus, mixed forms",25,2535.5004,30.0,0.05,21634.0,1965,7,July
1965-08-31,Chloride,23,90.47826086956522,69.0,10.0,269.0,1965,8,August
1965-08-31,Dissolved oxygen (DO),14,7.435714285714285,9.0,0.2,13.0,1965,8,August
1965-08-31,Kjeldahl nitrogen,29,3.685862068965517,1.2,0.13,21.0,1965,8,August
1965-08-31,"Temperature, water",17,19.076470588235296,19.5,1.3,23.0,1965,8,August
1965-08-31,"Total Phosphorus, mixed forms",24,1876.6616666666669,0.42000000000000004,0.06,21634.0,1965,8,August
1965-09-30,Chloride,6,73.66666666666667,36.5,18.0,261.0,1965,9,September
1965-09-30,Kjeldahl nitrogen,6,2.0666666666666664,1.755,0.26,4.3,1965,9,September
1965-09-30,"Total Phosphorus, mixed forms",6,724.4266666666667,588.11,0.14,1601.0,1965,9,September
1965-10-31,Chloride,21,62.23809523809524,29.0,15.0,305.0,1965,10,October
1965-10-31,Dissolved oxygen (DO),5,9.0,9.0,7.0,11.0,1965,10,October
1965-10-31,Kjeldahl nitrogen,25,4.3144,2.5,0.33,11.0,1965,10,October
1965-10-31,Specific conductance,15,638.2666666666667,580.0,440.0,980.0,1965,10,October
1965-10-31,"Temperature, water",5,9.5,9.5,7.5,12.0,1965,10,October
1965-10-31,"Total Phosphorus, mixed forms",25,1933.342,0.91,0.09,12941.0,1965,10,October
1965-11-30,Chloride,21,46.0,29.0,11.0,182.0,1965,11,November
1965-11-30,Dissolved oxygen (DO),4,11.0,11.0,10.0,12.0,1965,11,November
1965-11-30,Kjeldahl nitrogen,16,1.1275,0.7749999999999999,0.4,3.6,1965,11,November
1965-11-30,Specific conductance,10,554.5,472.5,400.0,820.0,1965,11,November
1965-11-30,"Temperature, water",4,3.75,3.25,2.5,6.0,1965,11,November
1965-11-30,"Total Phosphorus, mixed forms",16,0.245625,0.21000000000000002,0.03,0.71,1965,11,November
1965-12-31,Chloride,11,49.54545454545455,34.0,19.0,109.0,1965,12,December
1965-12-31,Dissolved oxygen (DO),2,8.5,8.5,8.0,9.0,1965,12,December
1965-12-31,Kjeldahl nitrogen,13,28.186153846153847,4.0,0.66,150.0,1965,12,December
1965-12-31,Specific conductance,8,596.25,505.0,450.0,1000.0,1965,12,December
1965-12-31,"Temperature, water",2,3.25,3.25,1.5,5.0,1965,12,December
1965-12-31,"Total Phosphorus, mixed forms",13,5135.99,0.41,0.13,20654.0,1965,12,December
1966-01-31,Chloride,11,95.54545454545455,45.0,22.0,350.0,1966,1,January
1966-01-31,Dissolved oxygen (DO),3,12.0,11.9,11.1,13.0,1966,1,January
1966-01-31,Kjeldahl nitrogen,19,8.67315789473684,1.4,0.39,31.4,1966,1,January
1966-01-31,Specific conductance,9,597.5555555555555,575.0,490.0,830.0,1966,1,January
1966-01-31,"Temperature, water",3,1.5666666666666667,1.7,1.0,2.0,1966,1,January
1966-01-31,"Total Phosphorus, mixed forms",33,4905.394848484849,30.98,0.05,22941.0,1966,1,January
1966-02-28,Chloride,13,72.53846153846153,36.0,6.0,202.0,1966,2,February
1966-02-28,Dissolved oxygen (DO),3,10.833333333333334,11.0,8.0,13.5,1966,2,February
1966-02-28,Kjeldahl nitrogen,13,39.565384615384616,1.2,0.58,453.0,1966,2,February
1966-02-28,Specific conductance,9,662.6666666666666,611.0,370.0,1287.0,1966,2,February
1966-02-28,"Temperature, water",3,1.3333333333333333,0.0,0.0,4.0,1966,2,February
1966-02-28,"Total Phosphorus, mixed forms",13,1976.0923076923077,0.32,0.09,13137.0,1966,2,February
1966-03-31,Chloride,25,44.16,36.0,12.0,169.0,1966,3,March
1966-03-31,Dissolved oxygen (DO),11,11.363636363636363,12.0,9.0,12.0,1966,3,March
1966-03-31,Kjeldahl nitrogen,30,3.7036666666666664,1.98,0.58,17.5,1966,3,March
1966-03-31,Specific conductance,25,543.56,462.0,373.0,1042.0,1966,3,March
1966-03-31,"Temperature, water",11,1.7272727272727273,2.0,0.0,4.0,1966,3,March
1966-03-31,"Total Phosphorus, mixed forms",30,1101.861,0.31,0.11,11307.0,1966,3,March
1966-04-30,Chloride,13,40.69230769230769,30.0,16.0,116.0,1966,4,April
1966-04-30,Dissolved oxygen (DO),2,10.5,10.5,10.0,11.0,1966,4,April
1966-04-30,Kjeldahl nitrogen,13,7.3015384615384615,0.98,0.4,25.0,1966,4,April
1966-04-30,Specific conductance,6,507.0,513.5,441.0,552.0,1966,4,April
1966-04-30,"Temperature, water",1,3.7,3.7,3.7,3.7,1966,4,April
1966-04-30,"Total Phosphorus, mixed forms",19,1355.5547368421053,0.29,0.05,11765.0,1966,4,April
1966-05-31,Chloride,20,76.25,49.5,4.0,236.0,1966,5,May
1966-05-31,Dissolved oxygen (DO),10,12.0,12.0,9.0,15.0,1966,5,May
1966-05-31,Kjeldahl nitrogen,27,4.7551851851851845,1.5,0.2,23.0,1966,5,May
1966-05-31,Specific conductance,23,765.1739130434783,622.0,436.0,1421.0,1966,5,May
1966-05-31,"Temperature, water",10,9.7,10.0,0.0,15.0,1966,5,May
1966-05-31,"Total Phosphorus, mixed forms",27,4544.379259259259,0.49,0.02,32124.0,1966,5,May
1966-06-30,Chloride,29,83.65517241379311,53.0,17.0,248.0,1966,6,June
1966-06-30,Dissolved oxygen (DO),16,9.875,10.0,6.0,13.0,1966,6,June
1966-06-30,Kjeldahl nitrogen,33,4.767878787878788,1.55,0.4,18.5,1966,6,June
1966-06-30,Specific conductance,20,883.6,804.0,497.0,1570.0,1966,6,June
1966-06-30,"Temperature, water",16,23.03125,22.25,20.0,27.0,1966,6,June
1966-06-30,"Total Phosphorus, mixed forms",30,4006.7490000000003,1.86,0.11,30163.0,1966,6,June
1966-07-31,Chloride,29,126.10344827586206,69.0,11.0,676.0,1966,7,July
1966-07-31,Dissolved oxygen (DO),22,9.045454545454545,9.5,3.0,12.0,1966,7,July
1966-07-31,Kjeldahl nitrogen,26,4.429230769230769,1.0750000000000002,0.13,23.5,1966,7,July
1966-07-31,Specific conductance,21,956.3809523809524,916.0,378.0,2690.0,1966,7,July
1966-07-31,"Temperature, water",22,21.068181818181817,20.0,18.0,27.0,1966,7,July
1966-07-31,"Total Phosphorus, mixed forms",34,3429.724117647059,0.9,0.03,20915.0,1966,7,July
1966-08-31,Chloride,27,83.51851851851852,74.0,11.0,201.0,1966,8,August
1966-08-31,Dissolved oxygen (DO),23,7.617391304347826,7.0,3.0,13.0,1966,8,August
1966-08-31,Kjeldahl nitrogen,35,3.168285714285714,1.4,0.07,18.0,1966,8,August
1966-08-31,Specific conductance,31,742.1935483870968,599.0,331.0,1557.0,1966,8,August
1966-08-31,"Temperature, water",23,21.391304347826086,20.0,17.5,29.0,1966,8,August
1966-08-31,"Total Phosphorus, mixed forms",37,3518.162702702703,0.58,0.02,21961.0,1966,8,August
1966-09-30,Chloride,34,62.38235294117647,42.0,1.0,243.0,1966,9,September
1966-09-30,Dissolved oxygen (DO),22,7.7727272727272725,8.0,5.0,11.0,1966,9,September
1966-09-30,Kjeldahl nitrogen,35,4.428,1.95,0.13,23.5,1966,9,September
1966-09-30,Specific conductance,26,673.0769230769231,641.5,21.0,1500.0,1966,9,September
1966-09-30,"Temperature, water",22,16.75,16.75,14.0,19.0,1966,9,September
1966-09-30,"Total Phosphorus, mixed forms",39,2434.340948717949,0.61,0.007,13203.0,1966,9,September
1966-10-31,Chloride,30,77.66666666666667,54.0,9.0,238.0,1966,10,October
1966-10-31,Dissolved oxygen (DO),24,8.416666666666666,8.5,4.0,12.0,1966,10,October
1966-10-31,Kjeldahl nitrogen,42,5.4435714285714285,1.825,0.13,23.1,1966,10,October
1966-10-31,Specific conductance,26,765.7307692307693,653.0,0.0,1530.0,1966,10,October
1966-10-31,"Temperature, water",25,9.5,10.0,5.0,13.5,1966,10,October
1966-10-31,"Total Phosphorus, mixed forms",42,5139.314285714286,0.68,0.01,22451.0,1966,10,October
1966-11-30,Chloride,28,96.82142857142857,62.0,9.0,608.0,1966,11,November
1966-11-30,Dissolved oxygen (DO),30,9.533333333333333,9.5,5.0,14.0,1966,11,November
1966-11-30,Kjeldahl nitrogen,34,5.431764705882353,1.475,0.13,28.0,1966,11,November
1966-11-30,Specific conductance,30,892.8,707.5,452.0,3000.0,1966,11,November
1966-11-30,"Temperature, water",30,8.416666666666666,9.0,4.0,12.0,1966,11,November
1966-11-30,"Total Phosphorus, mixed forms",30,1009.9739000000001,0.335,0.007,10327.0,1966,11,November
1966-12-31,Chloride,30,132.2,80.5,12.0,522.0,1966,12,December
1966-12-31,Dissolved oxygen (DO),30,8.7,8.5,5.0,15.0,1966,12,December
1966-12-31,Kjeldahl nitrogen,35,4.492571428571429,1.8,0.39,23.1,1966,12,December
1966-12-31,Specific conductance,28,973.2857142857143,796.0,304.0,2330.0,1966,12,December
1966-12-31,"Temperature, water",30,3.36,2.0,0.0,11.0,1966,12,December
1966-12-31,"Total Phosphorus, mixed forms",35,692.6731428571428,0.34,0.02,10621.0,1966,12,December
1967-01-31,Chloride,26,138.26923076923077,72.0,2.0,467.0,1967,1,January
1967-01-31,Dissolved oxygen (DO),26,9.192307692307692,9.0,5.0,13.0,1967,1,January
1967-01-31,Kjeldahl nitrogen,30,6.441333333333334,2.925,0.13,18.0,1967,1,January
1967-01-31,Specific conductance,18,1119.7777777777778,1003.0,532.0,1964.0,1967,1,January
1967-01-31,"Temperature, water",26,2.230769230769231,2.0,0.0,8.0,1967,1,January
1967-01-31,"Total Phosphorus, mixed forms",30,43.36033333333333,0.185,0.02,1294.0,1967,1,January
1967-02-28,Chloride,33,285.57575757575756,122.0,24.0,2302.0,1967,2,February
1967-02-28,Dissolved oxygen (DO),36,8.777777777777779,9.0,4.0,12.0,1967,2,February
1967-02-28,Kjeldahl nitrogen,35,4.8345714285714285,1.8,0.46,19.0,1967,2,February
1967-02-28,Specific conductance,33,1402.3333333333333,1013.0,430.0,6062.0,1967,2,February
1967-02-28,"Temperature, water",36,2.013888888888889,2.0,0.0,5.0,1967,2,February
1967-02-28,"Total Phosphorus, mixed forms",29,84.38748275862069,0.07,0.007,1281.0,1967,2,February
1967-03-31,Chloride,38,70.55263157894737,50.5,9.0,358.0,1967,3,March
1967-03-31,Dissolved oxygen (DO),38,10.421052631578947,11.0,6.0,14.0,1967,3,March
1967-03-31,Kjeldahl nitrogen,43,3.845581395348837,1.8,0.52,38.0,1967,3,March
1967-03-31,Specific conductance,38,709.2105263157895,610.0,240.0,1800.0,1967,3,March
1967-03-31,"Temperature, water",38,2.9342105263157894,2.25,1.0,8.0,1967,3,March
1967-03-31,"Total Phosphorus, mixed forms",41,67.75975609756098,0.28,0.02,1471.0,1967,3,March
1967-04-30,Chloride,39,69.23076923076923,43.0,16.0,170.0,1967,4,April
1967-04-30,Dissolved oxygen (DO),30,9.8,10.0,6.0,15.0,1967,4,April
1967-04-30,Kjeldahl nitrogen,35,4.822857142857143,1.2,0.52,18.5,1967,4,April
1967-04-30,Specific conductance,24,850.75,856.5,483.0,1205.0,1967,4,April
1967-04-30,"Temperature, water",30,8.016666666666667,8.5,4.0,12.0,1967,4,April
1967-04-30,"Total Phosphorus, mixed forms",33,362.79939393939395,0.27,0.02,10327.0,1967,4,April
1967-05-31,Chloride,38,77.84210526315789,52.0,11.0,209.0,1967,5,May
1967-05-31,Dissolved oxygen (DO),36,9.61111111111111,9.0,5.0,14.0,1967,5,May
1967-05-31,Kjeldahl nitrogen,41,4.689024390243903,1.1,0.52,23.2,1967,5,May
1967-05-31,Specific conductance,36,780.8611111111111,687.0,450.0,1391.0,1967,5,May
1967-05-31,"Temperature, water",36,11.308333333333334,11.1,7.0,15.0,1967,5,May
1967-05-31,"Total Phosphorus, mixed forms",29,463.41172413793106,0.12,0.01,11634.0,1967,5,May
1967-06-30,Chloride,40,70.15,47.5,11.0,221.0,1967,6,June
1967-06-30,Dissolved oxygen (DO),38,8.157894736842104,8.0,3.0,13.0,1967,6,June
1967-06-30,Kjeldahl nitrogen,41,5.144146341463415,1.16,0.65,25.0,1967,6,June
1967-06-30,Specific conductance,39,724.6666666666666,600.0,414.0,1385.0,1967,6,June
1967-06-30,"Temperature, water",38,20.392105263157895,20.75,12.0,24.0,1967,6,June
1967-06-30,"Total Phosphorus, mixed forms",41,2689.1863414634145,0.35,0.03,21797.0,1967,6,June
1967-07-31,Chloride,29,74.6896551724138,48.0,5.0,241.0,1967,7,July
1967-07-31,Dissolved oxygen (DO),28,8.25,8.0,4.0,13.0,1967,7,July
1967-07-31,Kjeldahl nitrogen,35,4.482857142857143,1.65,0.46,21.5,1967,7,July
1967-07-31,Specific conductance,29,772.7586206896551,673.0,444.0,1532.0,1967,7,July
1967-07-31,"Temperature, water",46,20.184782608695652,20.0,17.0,25.0,1967,7,July
1967-07-31,"Total Phosphorus, mixed forms",34,3063.634411764706,5.325,0.02,11961.0,1967,7,July
1967-08-31,Chloride,42,77.16666666666667,48.5,11.0,394.0,1967,8,August
1967-08-31,Dissolved oxygen (DO),41,7.7317073170731705,8.0,0.0,13.0,1967,8,August
1967-08-31,Kjeldahl nitrogen,41,5.335121951219512,1.65,0.39,71.0,1967,8,August
1967-08-31,Specific conductance,42,738.5714285714286,626.0,388.0,2218.0,1967,8,August
1967-08-31,"Temperature, water",41,20.4390243902439,21.0,2.0,25.0,1967,8,August
1967-08-31,"Total Phosphorus, mixed forms",42,2619.167142857143,0.35,0.01,31961.0,1967,8,August
1967-09-30,Chloride,24,100.54166666666667,100.0,15.0,547.0,1967,9,September
1967-09-30,Dissolved oxygen (DO),23,7.6521739130434785,8.0,0.0,12.0,1967,9,September
1967-09-30,Kjeldahl nitrogen,24,6.423749999999999,1.1,0.07,73.0,1967,9,September
1967-09-30,Specific conductance,24,836.0833333333334,705.0,431.0,3000.0,1967,9,September
1967-09-30,"Temperature, water",23,14.478260869565217,14.0,12.0,18.0,1967,9,September
1967-09-30,"Total Phosphorus, mixed forms",24,1017.8148749999999,0.2,0.007,10327.0,1967,9,September
1967-10-31,Chloride,30,71.4,52.0,11.0,240.0,1967,10,October
1967-10-31,Dissolved oxygen (DO),30,8.966666666666667,9.0,4.0,12.0,1967,10,October
1967-10-31,Kjeldahl nitrogen,30,3.4743333333333335,0.875,0.28,31.0,1967,10,October
1967-10-31,Specific conductance,30,739.2333333333333,673.5,462.0,1470.0,1967,10,October
1967-10-31,"Temperature, water",30,12.333333333333334,13.0,5.5,18.0,1967,10,October
1967-10-31,"Total Phosphorus, mixed forms",30,1785.5503333333334,0.19,0.01,12124.0,1967,10,October
1967-11-30,Chloride,36,75.41666666666667,50.0,12.0,221.0,1967,11,November
1967-11-30,Dissolved oxygen (DO),36,8.777777777777779,9.0,4.0,13.0,1967,11,November
1967-11-30,Kjeldahl nitrogen,36,3.3966666666666665,0.9099999999999999,0.33,21.5,1967,11,November
1967-11-30,Specific conductance,36,809.0555555555555,721.5,500.0,1305.0,1967,11,November
1967-11-30,"Temperature, water",36,4.222222222222222,3.5,0.0,9.5,1967,11,November
1967-11-30,"Total Phosphorus, mixed forms",36,474.3883333333333,0.14500000000000002,0.01,12614.0,1967,11,November
1967-12-31,Chloride,28,99.78571428571429,60.0,14.0,383.0,1967,12,December
1967-12-31,Dissolved oxygen (DO),28,8.642857142857142,9.0,6.0,12.0,1967,12,December
1967-12-31,Kjeldahl nitrogen,28,4.210714285714286,1.2999999999999998,0.2,25.0,1967,12,December
1967-12-31,Specific conductance,28,822.75,721.0,458.0,1760.0,1967,12,December
1967-12-31,"Temperature, water",28,3.1785714285714284,2.75,1.0,7.5,1967,12,December
1967-12-31,"Total Phosphorus, mixed forms",28,1809.2839285714285,0.20500000000000002,0.02,22288.0,1967,12,December
1968-01-31,Chloride,39,191.15384615384616,124.0,12.0,1255.0,1968,1,January
1968-01-31,Dissolved oxygen (DO),37,10.27027027027027,10.0,5.0,13.0,1968,1,January
1968-01-31,Kjeldahl nitrogen,39,5.366923076923077,1.3,0.33,29.7,1968,1,January
1968-01-31,Specific conductance,39,1176.6666666666667,1019.0,529.0,3750.0,1968,1,January
1968-01-31,"Temperature, water",37,1.2837837837837838,1.0,0.0,4.5,1968,1,January
1968-01-31,"Total Phosphorus, mixed forms",39,3007.62,0.28,0.01,22614.0,1968,1,January
1968-02-29,Chloride,30,105.4,66.5,14.0,464.0,1968,2,February
1968-02-29,Dissolved oxygen (DO),28,9.571428571428571,10.0,5.0,13.0,1968,2,February
1968-02-29,Kjeldahl nitrogen,31,5.096774193548387,1.4,0.39,25.0,1968,2,February
1968-02-29,Specific conductance,31,898.258064516129,772.0,504.0,2100.0,1968,2,February
1968-02-29,"Temperature, water",28,1.3214285714285714,1.0,0.0,4.0,1968,2,February
1968-02-29,"Total Phosphorus, mixed forms",31,1350.647741935484,0.32,0.01,21307.0,1968,2,February
1968-03-31,Chloride,37,71.35135135135135,36.0,5.0,273.0,1968,3,March
1968-03-31,Dissolved oxygen (DO),34,10.235294117647058,11.5,3.0,13.0,1968,3,March
1968-03-31,Kjeldahl nitrogen,38,3.211315789473684,1.625,0.39,23.0,1968,3,March
1968-03-31,Specific conductance,38,590.3157894736842,515.5,215.0,1630.0,1968,3,March
1968-03-31,"Temperature, water",34,2.7941176470588234,3.0,0.0,6.0,1968,3,March
1968-03-31,"Total Phosphorus, mixed forms",38,1065.0382368421053,0.49,0.003,20654.0,1968,3,March
1968-04-30,Chloride,47,68.06382978723404,43.0,1.0,182.0,1968,4,April
1968-04-30,Dissolved oxygen (DO),41,8.829268292682928,9.0,4.0,13.0,1968,4,April
1968-04-30,Kjeldahl nitrogen,47,3.421063829787234,1.04,0.19,22.6,1968,4,April
1968-04-30,Specific conductance,47,770.6382978723404,677.0,438.0,1460.0,1968,4,April
1968-04-30,"Temperature, water",41,10.341463414634147,11.0,6.0,13.0,1968,4,April
1968-04-30,"Total Phosphorus, mixed forms",47,673.9018510638299,0.13,0.007,22647.0,1968,4,April
1968-05-31,Chloride,35,75.71428571428571,58.0,13.0,196.0,1968,5,May
1968-05-31,Dissolved oxygen (DO),32,7.125,7.0,3.0,9.0,1968,5,May
1968-05-31,Kjeldahl nitrogen,34,3.059411764705882,1.59,0.28,12.8,1968,5,May
1968-05-31,Specific conductance,36,763.5277777777778,658.0,422.0,1680.0,1968,5,May
1968-05-31,"Temperature, water",32,14.875,15.0,10.5,22.0,1968,5,May
1968-05-31,"Total Phosphorus, mixed forms",36,104.63230555555555,0.18,0.003,1601.0,1968,5,May
1968-06-30,Chloride,27,79.0,54.0,12.0,242.0,1968,6,June
1968-06-30,Dissolved oxygen (DO),25,6.56,6.0,2.0,11.0,1968,6,June
1968-06-30,Kjeldahl nitrogen,27,3.757037037037037,1.38,0.4,25.2,1968,6,June
1968-06-30,Specific conductance,27,759.2222222222222,720.0,430.0,1534.0,1968,6,June
1968-06-30,"Temperature, water",26,19.673076923076923,20.0,7.0,23.5,1968,6,June
1968-06-30,"Total Phosphorus, mixed forms",27,2961.245185185185,0.75,0.01,31471.0,1968,6,June
1968-07-31,Chloride,48,93.375,53.5,12.0,574.0,1968,7,July
1968-07-31,Dissolved oxygen (DO),46,6.978260869565218,8.0,0.0,16.0,1968,7,July
1968-07-31,Kjeldahl nitrogen,48,6.932708333333333,0.99,0.14,170.0,1968,7,July
1968-07-31,Specific conductance,42,859.2142857142857,732.5,417.0,3714.0,1968,7,July
1968-07-31,"Temperature, water",46,20.902173913043477,21.0,16.0,26.0,1968,7,July
1968-07-31,"Total Phosphorus, mixed forms",47,1734.052340425532,0.28,0.01,22288.0,1968,7,July
1968-08-31,Chloride,28,68.46428571428571,47.0,3.0,227.0,1968,8,August
1968-08-31,Dissolved oxygen (DO),27,7.925925925925926,8.0,3.0,11.0,1968,8,August
1968-08-31,Kjeldahl nitrogen,29,4.200689655172414,1.2,0.26,23.0,1968,8,August
1968-08-31,Specific conductance,29,816.448275862069,893.0,413.0,1535.0,1968,8,August
1968-08-31,"Temperature, water",27,19.09259259259259,18.5,15.0,25.0,1968,8,August
1968-08-31,"Total Phosphorus, mixed forms",29,1677.6327586206896,0.45,0.02,20654.0,1968,8,August
1968-09-30,Chloride,34,75.26470588235294,59.5,8.0,206.0,1968,9,September
1968-09-30,Dissolved oxygen (DO),32,7.125,7.5,0.0,11.0,1968,9,September
1968-09-30,Kjeldahl nitrogen,34,4.639411764705883,0.96,0.16,27.0,1968,9,September
1968-09-30,Specific conductance,35,786.1428571428571,686.0,446.0,1600.0,1968,9,September
1968-09-30,"Temperature, water",32,19.015625,19.0,13.5,23.0,1968,9,September
1968-09-30,"Total Phosphorus, mixed forms",35,1895.6265714285717,0.26,0.01,21961.0,1968,9,September
1968-10-31,Chloride,45,58.955555555555556,25.0,1.0,235.0,1968,10,October
1968-10-31,Dissolved oxygen (DO),40,7.125,8.0,0.0,12.0,1968,10,October
1968-10-31,Kjeldahl nitrogen,45,16.467111111111112,0.8,0.24,520.0,1968,10,October
1968-10-31,Specific conductance,45,874.7777777777778,591.0,330.0,4738.0,1968,10,October
1968-10-31,"Temperature, water",40,12.2125,12.25,7.0,17.0,1968,10,October
1968-10-31,"Total Phosphorus, mixed forms",45,1174.9684444444445,0.22,0.01,21307.0,1968,10,October
1968-11-30,Chloride,33,78.3030303030303,56.0,9.0,270.0,1968,11,November
1968-11-30,Dissolved oxygen (DO),30,7.7,8.0,3.0,11.0,1968,11,November
1968-11-30,Kjeldahl nitrogen,33,3.758181818181818,0.88,0.24,25.0,1968,11,November
1968-11-30,Specific conductance,32,767.40625,679.5,468.0,1570.0,1968,11,November
1968-11-30,"Temperature, water",30,6.4,6.5,2.0,13.0,1968,11,November
1968-11-30,"Total Phosphorus, mixed forms",33,4262.451818181818,0.29,0.01,50654.0,1968,11,November
1968-12-31,Chloride,25,95.88,62.0,16.0,431.0,1968,12,December
1968-12-31,Dissolved oxygen (DO),23,6.817391304347827,8.0,0.8,11.0,1968,12,December
1968-12-31,Kjeldahl nitrogen,25,5.4952,1.0,0.49,99.0,1968,12,December
1968-12-31,Specific conductance,24,794.4166666666666,678.0,427.0,2959.0,1968,12,December
1968-12-31,"Temperature, water",25,4.26,4.0,0.0,8.0,1968,12,December
1968-12-31,"Total Phosphorus, mixed forms",25,1099.5444,0.24,0.11,21634.0,1968,12,December
1969-01-31,Chloride,38,194.44736842105263,115.0,15.0,1251.0,1969,1,January
1969-01-31,Dissolved oxygen (DO),37,8.121621621621621,8.0,0.5,12.0,1969,1,January
1969-01-31,Kjeldahl nitrogen,38,3.5915789473684208,1.75,0.3,13.0,1969,1,January
1969-01-31,Specific conductance,38,1116.3947368421052,811.5,522.0,4493.0,1969,1,January
1969-01-31,"Temperature, water",37,1.8891891891891894,1.5,0.0,10.0,1969,1,January
1969-01-31,"Total Phosphorus, mixed forms",37,1.0535135135135136,0.49,0.1,6.9,1969,1,January
1969-02-28,Chloride,29,164.58620689655172,128.0,12.0,769.0,1969,2,February
1969-02-28,Dissolved oxygen (DO),27,7.518518518518518,8.0,4.0,10.0,1969,2,February
1969-02-28,Kjeldahl nitrogen,29,4.4896551724137925,1.7,0.3,27.0,1969,2,February
1969-02-28,Specific conductance,30,1103.8666666666666,979.0,504.0,3050.0,1969,2,February
1969-02-28,"Temperature, water",27,1.7962962962962963,1.5,0.0,6.0,1969,2,February
1969-02-28,"Total Phosphorus, mixed forms",26,1.146923076923077,0.54,0.04,6.5,1969,2,February
1969-03-31,Chloride,43,94.86046511627907,61.0,15.0,453.0,1969,3,March
1969-03-31,Dissolved oxygen (DO),39,8.58974358974359,8.0,5.0,14.0,1969,3,March
1969-03-31,Kjeldahl nitrogen,43,2.3853488372093024,2.0,0.28,7.0,1969,3,March
1969-03-31,Specific conductance,43,748.7906976744187,604.0,266.0,1870.0,1969,3,March
1969-03-31,"Temperature, water",39,2.0256410256410255,2.0,0.0,5.0,1969,3,March
1969-03-31,"Total Phosphorus, mixed forms",39,0.7305128205128205,0.36,0.04,3.0,1969,3,March
1969-04-30,Chloride,46,60.97826086956522,37.0,1.0,182.0,1969,4,April
1969-04-30,Dissolved oxygen (DO),41,8.609756097560975,9.0,4.0,13.0,1969,4,April
1969-04-30,Kjeldahl nitrogen,46,2.5432608695652172,0.84,0.32,23.0,1969,4,April
1969-04-30,Specific conductance,45,685.4,597.0,396.0,1185.0,1969,4,April
1969-04-30,"Temperature, water",41,9.560975609756097,10.0,5.0,14.0,1969,4,April
1969-04-30,"Total Phosphorus, mixed forms",41,0.7492682926829268,0.23,0.04,5.7,1969,4,April
1969-05-31,Chloride,24,66.20833333333333,44.5,11.0,182.0,1969,5,May
1969-05-31,Dissolved oxygen (DO),25,8.424,9.0,0.6,13.0,1969,5,May
1969-05-31,Kjeldahl nitrogen,26,3.007307692307692,0.975,0.25,24.0,1969,5,May
1969-05-31,Specific conductance,26,733.0,640.0,389.0,1246.0,1969,5,May
1969-05-31,"Temperature, water",25,14.68,14.0,10.0,26.5,1969,5,May
1969-05-31,"Total Phosphorus, mixed forms",25,0.7567999999999999,0.21,0.04,4.8,1969,5,May
1969-06-30,Chloride,16,60.875,56.5,16.0,127.0,1969,6,June
1969-06-30,Dissolved oxygen (DO),12,6.5,6.5,1.0,11.0,1969,6,June
1969-06-30,Kjeldahl nitrogen,17,2.64,0.79,0.13,15.0,1969,6,June
1969-06-30,Specific conductance,17,638.8823529411765,551.0,492.0,921.0,1969,6,June
1969-06-30,"Temperature, water",12,16.916666666666668,16.25,14.0,20.5,1969,6,June
1969-06-30,"Total Phosphorus, mixed forms",12,1.09,0.6499999999999999,0.04,6.5,1969,6,June
1969-07-31,Chloride,32,96.375,49.0,3.0,1050.0,1969,7,July
1969-07-31,Dissolved oxygen (DO),29,7.410344827586207,7.0,0.9,17.0,1969,7,July
1969-07-31,Kjeldahl nitrogen,31,1.9516129032258065,0.8,0.19,12.0,1969,7,July
1969-07-31,Specific conductance,32,701.5625,554.5,397.0,2683.0,1969,7,July
1969-07-31,"Temperature, water",29,20.67241379310345,20.0,14.0,25.0,1969,7,July
1969-07-31,"Total Phosphorus, mixed forms",29,1.9337931034482758,0.38,0.03,19.0,1969,7,July
1969-08-31,Chloride,28,80.71428571428571,58.5,13.0,264.0,1969,8,August
1969-08-31,Dissolved oxygen (DO),25,8.28,9.0,2.0,16.0,1969,8,August
1969-08-31,Kjeldahl nitrogen,28,2.2989285714285717,0.9299999999999999,0.36,9.8,1969,8,August
1969-08-31,Specific conductance,28,736.8928571428571,640.0,370.0,1290.0,1969,8,August
1969-08-31,"Temperature, water",25,21.08,21.5,16.0,24.0,1969,8,August
1969-08-31,"Total Phosphorus, mixed forms",24,1.5345833333333332,0.485,0.02,7.4,1969,8,August
1969-09-30,Chloride,42,87.38095238095238,54.5,4.0,755.0,1969,9,September
1969-09-30,Dissolved oxygen (DO),41,6.024390243902439,5.0,2.0,12.0,1969,9,September
1969-09-30,Kjeldahl nitrogen,43,3.196744186046512,1.1,0.07,23.0,1969,9,September
1969-09-30,Specific conductance,43,773.6511627906976,621.0,403.0,2830.0,1969,9,September
1969-09-30,"Temperature, water",41,16.573170731707318,16.0,12.0,22.5,1969,9,September
1969-09-30,"Total Phosphorus, mixed forms",41,1.4034146341463414,0.31,0.02,8.0,1969,9,September
1969-10-31,Chloride,34,100.76470588235294,51.5,4.0,967.0,1969,10,October
1969-10-31,Dissolved oxygen (DO),34,8.264705882352942,9.0,2.0,13.0,1969,10,October
1969-10-31,Kjeldahl nitrogen,34,7.673823529411766,1.25,0.25,150.0,1969,10,October
1969-10-31,Specific conductance,34,837.6470588235294,618.0,389.0,4450.0,1969,10,October
1969-10-31,"Temperature, water",34,12.852941176470589,14.0,5.0,18.5,1969,10,October
1969-10-31,"Total Phosphorus, mixed forms",34,1.9429411764705884,0.44,0.01,19.0,1969,10,October
1969-11-30,Chloride,37,74.21621621621621,49.0,7.0,280.0,1969,11,November
1969-11-30,Dissolved oxygen (DO),37,7.297297297297297,8.0,2.0,10.0,1969,11,November
1969-11-30,Kjeldahl nitrogen,35,2.0722857142857145,1.1,0.45,8.0,1969,11,November
1969-11-30,Specific conductance,37,780.5945945945946,660.0,473.0,1640.0,1969,11,November
1969-11-30,"Temperature, water",37,10.27027027027027,10.0,8.0,15.0,1969,11,November
1969-11-30,"Total Phosphorus, mixed forms",35,0.838,0.32,0.02,5.8,1969,11,November
1969-12-31,Chloride,46,184.82608695652175,99.5,7.0,1255.0,1969,12,December
1969-12-31,Dissolved oxygen (DO),46,5.791304347826086,5.0,0.0,10.0,1969,12,December
1969-12-31,Kjeldahl nitrogen,45,3.852666666666667,1.2,0.33,24.0,1969,12,December
1969-12-31,Specific conductance,46,1149.9782608695652,932.0,498.0,4134.0,1969,12,December
1969-12-31,"Temperature, water",46,0.4934782608695652,0.2,0.0,3.0,1969,12,December
1969-12-31,"Total Phosphorus, mixed forms",45,1.2673333333333334,0.5,0.02,7.7,1969,12,December
1970-01-31,Chloride,36,144.75,53.5,6.0,676.0,1970,1,January
1970-01-31,Dissolved oxygen (DO),32,5.4375,5.0,3.0,11.0,1970,1,January
1970-01-31,Kjeldahl nitrogen,36,4.358333333333333,1.7,0.22,20.0,1970,1,January
1970-01-31,Specific conductance,36,1045.9166666666667,770.0,84.0,2610.0,1970,1,January
1970-01-31,"Temperature, water",33,0.3878787878787879,0.1,0.0,2.0,1970,1,January
1970-01-31,"Total Phosphorus, mixed forms",36,1.209861111111111,0.355,0.007,8.5,1970,1,January
1970-02-28,Chloride,39,199.43589743589743,96.0,8.0,1496.0,1970,2,February
1970-02-28,Dissolved oxygen (DO),35,4.942857142857143,4.0,2.0,11.0,1970,2,February
1970-02-28,Kjeldahl nitrogen,33,7.174242424242424,1.2,0.13,95.0,1970,2,February
1970-02-28,Specific conductance,39,1252.179487179487,870.0,450.0,5150.0,1970,2,February
1970-02-28,"Temperature, water",35,0.5685714285714285,0.2,0.0,3.0,1970,2,February
1970-02-28,"Total Phosphorus, mixed forms",33,1.6471515151515153,0.5,0.001,24.0,1970,2,February
1970-03-31,Chloride,36,100.75,67.0,16.0,466.0,1970,3,March
1970-03-31,Dissolved oxygen (DO),32,7.1875,8.0,1.0,12.0,1970,3,March
1970-03-31,Kjeldahl nitrogen,37,8.247837837837839,1.5,0.17,200.0,1970,3,March
1970-03-31,Specific conductance,32,814.59375,724.0,424.0,1700.0,1970,3,March
1970-03-31,"Temperature, water",32,2.34375,0.55,0.0,20.0,1970,3,March
1970-03-31,"Total Phosphorus, mixed forms",37,4.984756756756757,0.58,0.008,160.0,1970,3,March
1970-04-30,Chloride,54,83.70370370370371,65.0,9.0,203.0,1970,4,April
1970-04-30,Dissolved oxygen (DO),50,8.08,8.0,3.0,13.0,1970,4,April
1970-04-30,Kjeldahl nitrogen,54,1.725925925925926,1.0,0.32,9.5,1970,4,April
1970-04-30,Specific conductance,54,735.2777777777778,652.5,384.0,1350.0,1970,4,April
1970-04-30,"Temperature, water",50,4.5760000000000005,0.9,0.3,15.0,1970,4,April
1970-04-30,"Total Phosphorus, mixed forms",54,0.5966666666666667,0.185,0.01,4.3,1970,4,April
1970-05-31,Chloride,41,85.14634146341463,62.0,7.0,334.0,1970,5,May
1970-05-31,Dissolved oxygen (DO),39,8.743589743589743,9.0,2.0,13.0,1970,5,May
1970-05-31,Kjeldahl nitrogen,43,2.5653488372093025,0.91,0.3,18.0,1970,5,May
1970-05-31,Specific conductance,41,796.7317073170732,680.0,452.0,1880.0,1970,5,May
1970-05-31,"Temperature, water",40,15.0875,15.25,5.0,22.0,1970,5,May
1970-05-31,"Total Phosphorus, mixed forms",43,0.8792790697674419,0.16,0.009,6.8,1970,5,May
1970-06-30,Chloride,47,94.68085106382979,63.0,7.0,498.0,1970,6,June
1970-06-30,Dissolved oxygen (DO),42,6.261904761904762,6.0,0.0,13.0,1970,6,June
1970-06-30,Kjeldahl nitrogen,47,4.133829787234043,1.0,0.29,55.0,1970,6,June
1970-06-30,Specific conductance,41,799.9268292682926,680.0,434.0,2113.0,1970,6,June
1970-06-30,"Temperature, water",43,20.08139534883721,20.0,12.0,26.0,1970,6,June
1970-06-30,"Total Phosphorus, mixed forms",45,0.9441555555555556,0.26,0.007,6.6,1970,6,June
1970-07-31,Chloride,21,89.76190476190476,66.0,20.0,461.0,1970,7,July
1970-07-31,Dissolved oxygen (DO),20,6.55,7.0,3.0,10.0,1970,7,July
1970-07-31,Kjeldahl nitrogen,21,2.3985714285714286,0.7,0.28,29.0,1970,7,July
1970-07-31,Specific conductance,21,757.7142857142857,604.0,470.0,2100.0,1970,7,July
1970-07-31,"Temperature, water",20,20.0,20.25,12.0,24.0,1970,7,July
1970-07-31,"Total Phosphorus, mixed forms",21,1.1690476190476191,0.36,0.02,10.0,1970,7,July
1970-08-31,Chloride,48,77.83333333333333,47.5,6.0,336.0,1970,8,August
1970-08-31,Dissolved oxygen (DO),43,6.930232558139535,7.0,2.0,12.0,1970,8,August
1970-08-31,Kjeldahl nitrogen,48,1.8927083333333332,0.9450000000000001,0.18,12.0,1970,8,August
1970-08-31,Specific conductance,39,688.5384615384615,537.0,404.0,1812.0,1970,8,August
1970-08-31,"Temperature, water",43,20.941860465116278,22.0,15.0,25.0,1970,8,August
1970-08-31,"Total Phosphorus, mixed forms",48,1.0518750000000001,0.32,0.01,6.0,1970,8,August
1970-09-30,Chloride,23,112.6086956521739,51.0,18.0,975.0,1970,9,September
1970-09-30,Dissolved oxygen (DO),20,5.55,5.0,0.0,9.0,1970,9,September
1970-09-30,Kjeldahl nitrogen,23,12.85695652173913,1.2,0.28,250.0,1970,9,September
1970-09-30,Specific conductance,17,962.7058823529412,697.0,512.0,5079.0,1970,9,September
1970-09-30,"Temperature, water",20,16.630000000000003,17.5,12.0,21.0,1970,9,September
1970-09-30,"Total Phosphorus, mixed forms",23,0.8493913043478262,0.31,0.008,8.0,1970,9,September
1970-10-31,Chloride,44,91.70454545454545,57.5,8.0,550.0,1970,10,October
1970-10-31,Dissolved oxygen (DO),40,6.55,7.0,0.0,11.0,1970,10,October
1970-10-31,Kjeldahl nitrogen,44,3.293409090909091,1.25,0.27,46.0,1970,10,October
1970-10-31,Specific conductance,36,910.5,642.0,449.0,6930.0,1970,10,October
1970-10-31,"Temperature, water",40,12.445,13.0,7.8,17.0,1970,10,October
1970-10-31,"Total Phosphorus, mixed forms",44,0.800590909090909,0.30000000000000004,0.003,5.0,1970,10,October
1970-11-30,Chloride,38,81.34210526315789,53.5,8.0,423.0,1970,11,November
1970-11-30,Dissolved oxygen (DO),33,6.496969696969697,6.0,3.0,12.0,1970,11,November
1970-11-30,Kjeldahl nitrogen,38,1.552894736842105,0.8049999999999999,0.29,9.2,1970,11,November
1970-11-30,Specific conductance,37,807.8108108108108,687.0,495.0,1790.0,1970,11,November
1970-11-30,"Temperature, water",33,7.06969696969697,8.0,0.0,13.8,1970,11,November
1970-11-30,"Total Phosphorus, mixed forms",38,0.4703157894736842,0.18,0.006,3.8,1970,11,November
1970-12-31,Chloride,28,128.39285714285714,65.0,8.0,568.0,1970,12,December
1970-12-31,Dissolved oxygen (DO),24,4.125,3.0,2.0,8.0,1970,12,December
1970-12-31,Kjeldahl nitrogen,28,1.7339285714285713,0.94,0.25,8.8,1970,12,December
1970-12-31,Specific conductance,28,933.8571428571429,737.0,521.0,2339.0,1970,12,December
1970-12-31,"Temperature, water",24,3.3958333333333335,2.75,0.0,8.0,1970,12,December
1970-12-31,"Total Phosphorus, mixed forms",28,0.6998571428571428,0.215,0.002,4.8,1970,12,December
1971-01-31,Chloride,23,126.26086956521739,73.0,21.0,475.0,1971,1,January
1971-01-31,Dissolved oxygen (DO),23,7.0,7.0,1.0,11.0,1971,1,January
1971-01-31,Kjeldahl nitrogen,23,4.294782608695653,2.0,0.58,23.0,1971,1,January
1971-01-31,Specific conductance,23,1204.695652173913,751.0,554.0,7150.0,1971,1,January
1971-01-31,"Temperature, water",23,0.5478260869565217,0.0,0.0,2.0,1971,1,January
1971-01-31,"Total Phosphorus, mixed forms",23,0.3895652173913044,0.21,0.03,1.1,1971,1,January
1971-02-28,Chloride,16,152.625,86.0,22.0,589.0,1971,2,February
1971-02-28,Dissolved oxygen (DO),16,4.6875,4.5,3.0,10.0,1971,2,February
1971-02-28,Kjeldahl nitrogen,16,2.6325000000000003,1.75,0.82,5.7,1971,2,February
1971-02-28,Specific conductance,16,999.5625,880.5,560.0,2163.0,1971,2,February
1971-02-28,"Temperature, water",16,0.975,0.7,0.0,4.0,1971,2,February
1971-02-28,"Total Phosphorus, mixed forms",16,0.40249999999999997,0.39,0.05,0.86,1971,2,February
1971-03-31,Chloride,49,89.44897959183673,67.0,9.0,268.0,1971,3,March
1971-03-31,Dissolved oxygen (DO),49,5.3061224489795915,5.0,2.0,9.0,1971,3,March
1971-03-31,Kjeldahl nitrogen,49,1.97,1.3,0.29,7.2,1971,3,March
1971-03-31,Specific conductance,49,775.5714285714286,694.0,369.0,1535.0,1971,3,March
1971-03-31,"Temperature, water",49,1.2591836734693878,0.4,0.0,5.3,1971,3,March
1971-03-31,"Total Phosphorus, mixed forms",49,0.39183673469387753,0.23,0.02,2.4,1971,3,March
1971-04-30,Chloride,46,69.1086956521739,46.0,7.0,204.0,1971,4,April
1971-04-30,Dissolved oxygen (DO),46,7.043478260869565,7.0,3.0,12.0,1971,4,April
1971-04-30,Kjeldahl nitrogen,46,2.647173913043478,1.4,0.2,14.0,1971,4,April
1971-04-30,Specific conductance,46,677.2173913043479,597.0,338.0,1327.0,1971,4,April
1971-04-30,"Temperature, water",46,6.747826086956521,7.5,0.3,14.0,1971,4,April
1971-04-30,"Total Phosphorus, mixed forms",46,0.6358695652173914,0.315,0.02,4.7,1971,4,April
1971-05-31,Chloride,27,81.96296296296296,51.0,22.0,333.0,1971,5,May
1971-05-31,Dissolved oxygen (DO),27,7.7407407407407405,8.0,3.0,13.0,1971,5,May
1971-05-31,Kjeldahl nitrogen,27,2.652222222222222,1.2,0.34,16.0,1971,5,May
1971-05-31,Specific conductance,26,736.9615384615385,604.5,515.0,1751.0,1971,5,May
1971-05-31,"Temperature, water",27,13.38888888888889,13.0,10.0,20.0,1971,5,May
1971-05-31,"Total Phosphorus, mixed forms",26,0.5465384615384615,0.215,0.03,4.6,1971,5,May
1971-06-30,Chloride,16,95.0625,35.0,19.0,703.0,1971,6,June
1971-06-30,Dissolved oxygen (DO),33,7.8121212121212125,8.0,0.0,12.0,1971,6,June
1971-06-30,Kjeldahl nitrogen,16,16.301875,0.94,0.34,230.0,1971,6,June
1971-06-30,Specific conductance,33,662.4848484848485,530.0,125.0,3966.0,1971,6,June
1971-06-30,"Temperature, water",31,19.529032258064515,18.5,9.0,35.0,1971,6,June
1971-06-30,"Total Phosphorus, mixed forms",16,0.8306250000000001,0.185,0.04,8.0,1971,6,June
1971-07-31,Chloride,46,63.41304347826087,40.5,8.0,312.0,1971,7,July
1971-07-31,Dissolved oxygen (DO),46,7.065217391304348,7.0,3.0,13.0,1971,7,July
1971-07-31,Kjeldahl nitrogen,46,1.7280434782608693,0.925,0.48,14.0,1971,7,July
1971-07-31,Specific conductance,46,582.7826086956521,495.0,336.0,1670.0,1971,7,July
1971-07-31,"Temperature, water",46,22.0,21.75,15.0,30.0,1971,7,July
1971-07-31,"Total Phosphorus, mixed forms",44,0.6015909090909091,0.31,0.03,4.6,1971,7,July
1971-08-31,Chloride,31,89.80645161290323,49.0,19.0,356.0,1971,8,August
1971-08-31,Dissolved oxygen (DO),31,7.096774193548387,7.0,4.0,12.0,1971,8,August
1971-08-31,Kjeldahl nitrogen,31,2.7129032258064516,0.9,0.22,40.0,1971,8,August
1971-08-31,Specific conductance,30,691.9333333333333,540.0,348.0,1750.0,1971,8,August
1971-08-31,"Temperature, water",31,18.76451612903226,19.0,14.8,24.0,1971,8,August
1971-08-31,"Total Phosphorus, mixed forms",31,0.5929032258064516,0.17,0.05,4.6,1971,8,August
1971-09-30,Chloride,48,84.08333333333333,59.0,6.0,272.0,1971,9,September
1971-09-30,Dissolved oxygen (DO),48,6.4375,6.0,2.0,12.0,1971,9,September
1971-09-30,Kjeldahl nitrogen,48,2.3610416666666665,1.2000000000000002,0.33,15.0,1971,9,September
1971-09-30,Specific conductance,48,708.3541666666666,604.5,405.0,1317.0,1971,9,September
1971-09-30,"Temperature, water",48,20.4375,20.0,14.0,29.0,1971,9,September
1971-09-30,"Total Phosphorus, mixed forms",48,0.7254166666666667,0.28500000000000003,0.03,5.5,1971,9,September
1971-10-31,Chloride,46,109.8913043478261,67.0,7.0,1080.0,1971,10,October
1971-10-31,Dissolved oxygen (DO),46,6.8478260869565215,7.0,0.0,11.0,1971,10,October
1971-10-31,Kjeldahl nitrogen,45,7.540666666666667,1.1,0.23,210.0,1971,10,October
1971-10-31,Specific conductance,46,871.9130434782609,649.0,419.0,5800.0,1971,10,October
1971-10-31,"Temperature, water",46,16.08695652173913,16.0,12.0,22.0,1971,10,October
1971-10-31,"Total Phosphorus, mixed forms",46,1.1143478260869564,0.3,0.03,10.0,1971,10,October
1971-11-30,Chloride,45,95.06666666666666,48.0,6.0,631.0,1971,11,November
1971-11-30,Dissolved oxygen (DO),45,6.515555555555555,7.0,0.0,10.0,1971,11,November
1971-11-30,Kjeldahl nitrogen,45,7.154444444444445,0.9,0.18,180.0,1971,11,November
1971-11-30,Specific conductance,45,768.4222222222222,614.0,440.0,1900.0,1971,11,November
1971-11-30,"Temperature, water",45,8.342222222222222,9.0,1.0,15.0,1971,11,November
1971-11-30,"Total Phosphorus, mixed forms",45,1.3864444444444444,0.2,0.02,14.0,1971,11,November
1971-12-31,Chloride,18,82.72222222222223,51.0,22.0,390.0,1971,12,December
1971-12-31,Dissolved oxygen (DO),18,7.222222222222222,6.5,4.0,12.0,1971,12,December
1971-12-31,Kjeldahl nitrogen,18,1.7233333333333334,1.3,0.68,7.0,1971,12,December
1971-12-31,Specific conductance,18,741.4444444444445,634.0,504.0,1644.0,1971,12,December
1971-12-31,"Temperature, water",18,5.5,5.0,1.0,12.0,1971,12,December
1971-12-31,"Total Phosphorus, mixed forms",18,0.31222222222222223,0.235,0.03,0.9,1971,12,December
1972-01-31,Chloride,6,87.33333333333333,64.0,36.0,239.0,1972,1,January
1972-01-31,Dissolved oxygen (DO),27,8.929629629629629,9.0,3.5,15.0,1972,1,January
1972-01-31,Kjeldahl nitrogen,26,2.368076923076923,2.0999999999999996,0.54,9.0,1972,1,January
1972-01-31,Specific conductance,27,850.7407407407408,723.0,568.0,1488.0,1972,1,January
1972-01-31,"Temperature, water",27,1.3888888888888888,0.0,0.0,20.0,1972,1,January
1972-01-31,"Total Phosphorus, mixed forms",26,0.33115384615384613,0.225,0.04,1.0,1972,1,January
1972-02-29,Dissolved oxygen (DO),16,8.6375,9.25,0.0,13.5,1972,2,February
1972-02-29,Kjeldahl nitrogen,16,3.0875,3.2,0.68,8.0,1972,2,February
1972-02-29,Specific conductance,16,814.625,705.0,498.0,1617.0,1972,2,February
1972-02-29,"Temperature, water",16,0.25,0.0,0.0,4.0,1972,2,February
1972-02-29,"Total Phosphorus, mixed forms",16,0.42375,0.29500000000000004,0.04,0.9,1972,2,February
1972-03-31,Chloride,16,133.75,125.0,27.0,290.0,1972,3,March
1972-03-31,Dissolved oxygen (DO),35,8.154285714285713,7.0,1.0,14.4,1972,3,March
1972-03-31,Kjeldahl nitrogen,35,2.666857142857143,1.9,0.66,8.7,1972,3,March
1972-03-31,Specific conductance,35,830.1142857142858,760.0,422.0,1515.0,1972,3,March
1972-03-31,"Temperature, water",35,2.3285714285714287,2.0,0.0,8.0,1972,3,March
1972-03-31,"Total Phosphorus, mixed forms",35,0.4462857142857143,0.34,0.05,2.8,1972,3,March
1972-04-30,Chloride,20,78.1,52.5,18.0,215.0,1972,4,April
1972-04-30,Dissolved oxygen (DO),35,9.280000000000001,9.0,4.0,14.0,1972,4,April
1972-04-30,Kjeldahl nitrogen,35,1.7725714285714285,1.3,0.45,6.0,1972,4,April
1972-04-30,Specific conductance,35,585.3142857142857,510.0,181.0,1025.0,1972,4,April
1972-04-30,"Temperature, water",35,4.88,5.0,1.0,20.0,1972,4,April
1972-04-30,"Total Phosphorus, mixed forms",35,0.31142857142857144,0.23,0.02,1.3,1972,4,April
1972-05-31,Chloride,40,95.15,64.0,17.0,262.0,1972,5,May
1972-05-31,Dissolved oxygen (DO),45,8.24,9.0,3.0,13.0,1972,5,May
1972-05-31,Kjeldahl nitrogen,44,2.2381818181818183,1.15,0.39,17.0,1972,5,May
1972-05-31,Specific conductance,44,725.3636363636364,618.0,411.0,1420.0,1972,5,May
1972-05-31,"Temperature, water",45,15.771111111111113,15.5,9.7,22.0,1972,5,May
1972-05-31,"Total Phosphorus, mixed forms",44,0.5004545454545455,0.20500000000000002,0.02,6.5,1972,5,May
1972-06-30,Chloride,38,90.52631578947368,60.0,16.0,308.0,1972,6,June
1972-06-30,Dissolved oxygen (DO),38,7.21578947368421,7.0,3.0,12.0,1972,6,June
1972-06-30,Kjeldahl nitrogen,37,2.005945945945946,1.0,0.47,14.0,1972,6,June
1972-06-30,Specific conductance,38,796.8684210526316,670.0,468.0,1725.0,1972,6,June
1972-06-30,"Temperature, water",38,18.98421052631579,19.0,15.0,24.0,1972,6,June
1972-06-30,"Total Phosphorus, mixed forms",37,0.3910810810810811,0.24,0.03,1.2,1972,6,June
1972-07-31,Chloride,24,67.54166666666667,45.5,11.0,208.0,1972,7,July
1972-07-31,Dissolved oxygen (DO),24,7.3125,7.65,1.0,12.0,1972,7,July
1972-07-31,Kjeldahl nitrogen,24,1.2395833333333333,0.705,0.15,7.4,1972,7,July
1972-07-31,Specific conductance,24,682.2083333333334,601.0,467.0,1278.0,1972,7,July
1972-07-31,"Temperature, water",24,22.875,23.0,16.0,30.0,1972,7,July
1972-07-31,"Total Phosphorus, mixed forms",24,0.4479166666666667,0.175,0.02,2.0,1972,7,July
1972-08-31,Chloride,24,72.5,45.5,4.0,284.0,1972,8,August
1972-08-31,Dissolved oxygen (DO),24,6.266666666666667,4.75,1.5,12.0,1972,8,August
1972-08-31,Kjeldahl nitrogen,24,1.7599999999999998,0.735,0.28,10.0,1972,8,August
1972-08-31,Specific conductance,24,720.2083333333334,575.0,293.0,1920.0,1972,8,August
1972-08-31,"Temperature, water",24,19.791666666666668,19.0,15.0,27.0,1972,8,August
1972-08-31,"Total Phosphorus, mixed forms",24,0.5604166666666667,0.18,0.02,4.1,1972,8,August
1972-09-30,Chloride,14,58.0,31.0,4.0,346.0,1972,9,September
1972-09-30,Dissolved oxygen (DO),14,7.271428571428571,7.6,1.5,11.5,1972,9,September
1972-09-30,Kjeldahl nitrogen,14,0.8785714285714287,0.675,0.46,2.7,1972,9,September
1972-09-30,Specific conductance,14,641.4285714285714,522.0,310.0,1850.0,1972,9,September
1972-09-30,"Temperature, water",14,16.035714285714285,17.0,11.0,19.0,1972,9,September
1972-09-30,"Total Phosphorus, mixed forms",14,0.3892857142857143,0.22,0.02,1.3,1972,9,September
1972-10-31,Chloride,41,65.1219512195122,42.0,2.0,293.0,1972,10,October
1972-10-31,Dissolved oxygen (DO),41,10.639024390243902,10.8,1.8,14.0,1972,10,October
1972-10-31,Kjeldahl nitrogen,41,1.9729268292682927,0.72,0.23,24.0,1972,10,October
1972-10-31,Specific conductance,40,706.075,583.0,141.0,1696.0,1972,10,October
1972-10-31,"Temperature, water",41,7.251219512195123,6.0,3.0,14.3,1972,10,October
1972-10-31,"Total Phosphorus, mixed forms",41,0.5265853658536586,0.2,0.01,3.6,1972,10,October
1972-11-30,Chloride,38,78.73684210526316,69.0,11.0,185.0,1972,11,November
1972-11-30,Dissolved oxygen (DO),38,6.086842105263158,5.0,1.0,14.4,1972,11,November
1972-11-30,Kjeldahl nitrogen,38,1.4228947368421052,1.05,0.37,5.5,1972,11,November
1972-11-30,Specific conductance,37,756.4054054054054,720.0,410.0,1360.0,1972,11,November
1972-11-30,"Temperature, water",38,2.5657894736842106,3.0,0.0,7.0,1972,11,November
1972-11-30,"Total Phosphorus, mixed forms",38,0.3268157894736842,0.14500000000000002,0.009,3.7,1972,11,November
1972-12-31,Chloride,22,47.68181818181818,42.5,9.0,193.0,1972,12,December
1972-12-31,Dissolved oxygen (DO),22,9.477272727272727,10.75,1.2,14.9,1972,12,December
1972-12-31,Kjeldahl nitrogen,22,0.9454545454545454,0.615,0.37,2.7,1972,12,December
1972-12-31,Specific conductance,22,627.0454545454545,615.0,375.0,1080.0,1972,12,December
1972-12-31,"Temperature, water",22,1.4318181818181819,1.1,0.0,5.0,1972,12,December
1972-12-31,"Total Phosphorus, mixed forms",22,0.2168181818181818,0.09,0.01,0.78,1972,12,December
1973-01-31,Chloride,16,55.5625,33.5,13.0,313.0,1973,1,January
1973-01-31,Dissolved oxygen (DO),15,11.44,12.0,3.0,14.5,1973,1,January
1973-01-31,Kjeldahl nitrogen,15,1.57,0.88,0.45,5.7,1973,1,January
1973-01-31,Specific conductance,16,640.625,559.5,483.0,1600.0,1973,1,January
1973-01-31,"Temperature, water",16,1.1,1.0,0.0,2.6,1973,1,January
1973-01-31,"Total Phosphorus, mixed forms",16,0.2625,0.18,0.02,0.71,1973,1,January
1973-02-28,Chloride,42,73.35714285714286,43.5,7.0,243.0,1973,2,February
1973-02-28,Dissolved oxygen (DO),42,9.761904761904763,10.649999999999999,0.6,14.5,1973,2,February
1973-02-28,Kjeldahl nitrogen,42,2.4573809523809524,0.94,0.28,15.0,1973,2,February
1973-02-28,Specific conductance,42,801.0238095238095,670.0,382.0,1650.0,1973,2,February
1973-02-28,"Temperature, water",42,1.4428571428571428,1.05,0.0,8.0,1973,2,February
1973-02-28,"Total Phosphorus, mixed forms",42,0.5571190476190476,0.195,0.009,5.3,1973,2,February
1973-03-31,Chloride,36,44.111111111111114,34.5,9.0,157.0,1973,3,March
1973-03-31,Dissolved oxygen (DO),36,9.797222222222222,11.45,2.0,16.0,1973,3,March
1973-03-31,Kjeldahl nitrogen,36,1.6955555555555555,1.0,0.61,9.6,1973,3,March
1973-03-31,Specific conductance,36,535.9444444444445,515.0,250.0,910.0,1973,3,March
1973-03-31,"Temperature, water",36,2.4444444444444446,1.35,0.0,8.0,1973,3,March
1973-03-31,"Total Phosphorus, mixed forms",36,0.3038888888888889,0.17,0.03,2.2,1973,3,March
1973-04-30,Chloride,50,74.78,53.5,12.0,223.0,1973,4,April
1973-04-30,Dissolved oxygen (DO),50,10.38,11.0,4.0,17.0,1973,4,April
1973-04-30,Kjeldahl nitrogen,51,1.9664705882352942,0.85,0.32,22.0,1973,4,April
1973-04-30,Specific conductance,51,744.1176470588235,650.0,413.0,1360.0,1973,4,April
1973-04-30,"Temperature, water",51,9.901960784313726,10.0,3.0,15.2,1973,4,April
1973-04-30,"Total Phosphorus, mixed forms",51,0.37137254901960787,0.12,0.01,3.6,1973,4,April
1973-05-31,Chloride,30,37.93333333333333,34.0,10.0,171.0,1973,5,May
1973-05-31,Dissolved oxygen (DO),62,11.056451612903226,11.05,6.0,17.0,1973,5,May
1973-05-31,Kjeldahl nitrogen,59,0.846271186440678,0.62,0.23,5.2,1973,5,May
1973-05-31,Specific conductance,59,552.3898305084746,550.0,390.0,1140.0,1973,5,May
1973-05-31,"Temperature, water",62,13.691935483870967,14.5,8.7,17.0,1973,5,May
1973-05-31,"Total Phosphorus, mixed forms",59,0.13152542372881357,0.06,0.01,1.0,1973,5,May
1973-06-30,Chloride,34,65.67647058823529,55.0,2.0,170.0,1973,6,June
1973-06-30,Dissolved oxygen (DO),106,8.235849056603774,8.4,2.0,13.3,1973,6,June
1973-06-30,Kjeldahl nitrogen,100,1.8039,0.695,0.22,33.0,1973,6,June
1973-06-30,Specific conductance,100,553.53,463.0,362.0,1300.0,1973,6,June
1973-06-30,"Temperature, water",106,22.13679245283019,21.8,15.5,29.0,1973,6,June
1973-06-30,"Total Phosphorus, mixed forms",100,0.5553,0.155,0.01,8.4,1973,6,June
1973-07-31,Chloride,54,51.111111111111114,34.0,4.0,331.0,1973,7,July
1973-07-31,Dissolved oxygen (DO),117,8.350427350427351,8.5,0.0,15.4,1973,7,July
1973-07-31,Kjeldahl nitrogen,113,1.9439823008849557,0.6,0.13,90.0,1973,7,July
1973-07-31,Specific conductance,96,528.3229166666666,457.5,310.0,1410.0,1973,7,July
1973-07-31,"Temperature, water",117,21.68717948717949,22.0,14.0,28.2,1973,7,July
1973-07-31,"Total Phosphorus, mixed forms",112,0.6818214285714285,0.07,0.004,40.0,1973,7,July
1973-08-31,Chloride,30,66.1,40.5,9.0,190.0,1973,8,August
1973-08-31,Dissolved oxygen (DO),92,9.269565217391303,9.45,1.9,19.0,1973,8,August
1973-08-31,Kjeldahl nitrogen,88,1.2988636363636363,0.645,0.16,30.0,1973,8,August
1973-08-31,Specific conductance,87,505.51724137931035,445.0,300.0,1240.0,1973,8,August
1973-08-31,"Temperature, water",94,21.085106382978722,21.0,0.0,28.0,1973,8,August
1973-08-31,"Total Phosphorus, mixed forms",88,0.32193181818181815,0.12,0.01,3.2,1973,8,August
1973-09-30,Chloride,35,48.65714285714286,28.0,4.0,239.0,1973,9,September
1973-09-30,Dissolved oxygen (DO),97,10.471134020618557,10.5,1.0,16.0,1973,9,September
1973-09-30,Kjeldahl nitrogen,92,1.0315217391304348,0.46,0.18,20.0,1973,9,September
1973-09-30,Specific conductance,92,511.2717391304348,450.0,315.0,1460.0,1973,9,September
1973-09-30,"Temperature, water",98,15.635714285714286,15.0,7.0,29.0,1973,9,September
1973-09-30,"Total Phosphorus, mixed forms",92,0.2966304347826087,0.06,0.01,3.8,1973,9,September
1973-10-31,Chloride,45,31.555555555555557,20.0,5.0,241.0,1973,10,October
1973-10-31,Dissolved oxygen (DO),108,10.907407407407407,11.0,3.4,18.2,1973,10,October
1973-10-31,Kjeldahl nitrogen,102,0.6922549019607843,0.42,0.11,6.6,1973,10,October
1973-10-31,Specific conductance,102,510.421568627451,460.0,370.0,1550.0,1973,10,October
1973-10-31,"Temperature, water",108,11.087037037037037,11.4,2.0,18.5,1973,10,October
1973-10-31,"Total Phosphorus, mixed forms",102,0.3151078431372549,0.045,0.006,6.4,1973,10,October
1973-11-30,Chloride,53,64.15094339622641,53.0,10.0,179.0,1973,11,November
1973-11-30,Dissolved oxygen (DO),116,11.98448275862069,12.4,2.8,16.6,1973,11,November
1973-11-30,Kjeldahl nitrogen,110,1.0457272727272728,0.535,0.26,6.5,1973,11,November
1973-11-30,Specific conductance,110,658.8454545454546,640.0,200.0,1250.0,1973,11,November
1973-11-30,"Temperature, water",116,5.069827586206896,5.0,1.5,12.5,1973,11,November
1973-11-30,"Total Phosphorus, mixed forms",110,0.2637909090909091,0.065,0.007,3.5,1973,11,November
1973-12-31,Chloride,30,71.9,51.0,11.0,292.0,1973,12,December
1973-12-31,Dissolved oxygen (DO),69,11.184057971014493,12.0,2.5,15.0,1973,12,December
1973-12-31,Kjeldahl nitrogen,67,1.0871641791044777,0.53,0.17,7.3,1973,12,December
1973-12-31,Specific conductance,67,696.6417910447761,680.0,425.0,1840.0,1973,12,December
1973-12-31,"Temperature, water",69,3.721739130434783,4.0,0.0,8.3,1973,12,December
1973-12-31,"Total Phosphorus, mixed forms",67,0.2397014925373134,0.08,0.01,2.4,1973,12,December
1974-01-31,Chloride,58,389.0344827586207,62.5,8.0,8700.0,1974,1,January
1974-01-31,Dissolved oxygen (DO),124,11.566129032258065,12.4,1.0,15.8,1974,1,January
1974-01-31,Kjeldahl nitrogen,124,2.3280645161290323,0.77,0.13,74.0,1974,1,January
1974-01-31,Specific conductance,123,895.7073170731708,590.0,300.0,7800.0,1974,1,January
1974-01-31,"Temperature, water",124,0.9846774193548387,1.0,0.0,5.0,1974,1,January
1974-01-31,"Total Phosphorus, mixed forms",124,0.27173387096774193,0.13,0.008,3.6,1974,1,January
1974-02-28,Chloride,48,178.20833333333334,45.0,10.0,946.0,1974,2,February
1974-02-28,Dissolved oxygen (DO),94,10.736170212765957,11.350000000000001,1.6,18.5,1974,2,February
1974-02-28,Kjeldahl nitrogen,94,2.046595744680851,0.655,0.12,21.0,1974,2,February
1974-02-28,Specific conductance,92,842.8260869565217,620.0,440.0,3500.0,1974,2,February
1974-02-28,"Temperature, water",94,1.4936170212765958,1.5,0.0,5.2,1974,2,February
1974-02-28,"Total Phosphorus, mixed forms",94,0.24567021276595744,0.08499999999999999,0.006,2.5,1974,2,February
1974-03-31,Chloride,57,88.05263157894737,33.0,9.0,587.0,1974,3,March
1974-03-31,Dissolved oxygen (DO),113,11.653982300884957,12.4,1.2,15.5,1974,3,March
1974-03-31,Kjeldahl nitrogen,112,1.97,0.97,0.29,18.0,1974,3,March
1974-03-31,Specific conductance,111,597.2972972972973,470.0,200.0,2575.0,1974,3,March
1974-03-31,"Temperature, water",113,2.5867256637168143,2.0,0.0,9.0,1974,3,March
1974-03-31,"Total Phosphorus, mixed forms",112,0.3407142857142857,0.155,0.01,3.1,1974,3,March
1974-04-30,Chloride,57,62.68421052631579,38.0,8.0,340.0,1974,4,April
1974-04-30,Dissolved oxygen (DO),111,11.34054054054054,11.8,2.2,14.0,1974,4,April
1974-04-30,Kjeldahl nitrogen,110,0.8650000000000001,0.555,0.24,4.6,1974,4,April
1974-04-30,Specific conductance,110,597.0909090909091,550.0,300.0,1750.0,1974,4,April
1974-04-30,"Temperature, water",111,7.227927927927928,8.0,0.0,25.8,1974,4,April
1974-04-30,"Total Phosphorus, mixed forms",111,0.2545945945945946,0.06,0.01,8.5,1974,4,April
1974-05-31,Chloride,68,49.3235294117647,34.5,8.0,212.0,1974,5,May
1974-05-31,Dissolved oxygen (DO),124,10.966129032258063,11.3,2.6,15.0,1974,5,May
1974-05-31,Kjeldahl nitrogen,131,1.2409923664122138,0.58,0.21,16.0,1974,5,May
1974-05-31,Specific conductance,131,578.0610687022901,550.0,260.0,1320.0,1974,5,May
1974-05-31,"Temperature, water",130,11.470769230769232,11.0,4.8,20.5,1974,5,May
1974-05-31,"Total Phosphorus, mixed forms",131,0.17625954198473281,0.06,0.01,2.0,1974,5,May
1974-06-30,Chloride,41,33.5609756097561,24.0,2.0,193.0,1974,6,June
1974-06-30,Dissolved oxygen (DO),91,9.658241758241758,9.6,6.0,14.6,1974,6,June
1974-06-30,Kjeldahl nitrogen,94,0.6825531914893617,0.59,0.25,3.0,1974,6,June
1974-06-30,Specific conductance,94,516.1595744680851,475.0,280.0,1270.0,1974,6,June
1974-06-30,"Temperature, water",89,18.48314606741573,18.1,13.0,25.2,1974,6,June
1974-06-30,"Total Phosphorus, mixed forms",93,0.17021505376344087,0.05,0.01,1.4,1974,6,June
1974-07-31,Chloride,64,46.203125,34.0,5.0,225.0,1974,7,July
1974-07-31,Dissolved oxygen (DO),111,9.010810810810812,9.3,1.8,14.0,1974,7,July
1974-07-31,Kjeldahl nitrogen,125,0.88864,0.57,0.16,11.0,1974,7,July
1974-07-31,Specific conductance,125,520.432,465.0,340.0,1460.0,1974,7,July
1974-07-31,"Temperature, water",120,20.7625,20.9,14.5,29.0,1974,7,July
1974-07-31,"Total Phosphorus, mixed forms",125,0.263392,0.05,0.004,3.4,1974,7,July
1974-08-31,Chloride,60,53.833333333333336,29.5,4.0,219.0,1974,8,August
1974-08-31,Dissolved oxygen (DO),115,9.26695652173913,9.3,2.4,15.0,1974,8,August
1974-08-31,Kjeldahl nitrogen,114,0.9093859649122807,0.575,0.01,14.0,1974,8,August
1974-08-31,Specific conductance,115,528.9826086956522,448.0,328.0,1300.0,1974,8,August
1974-08-31,"Temperature, water",114,20.732456140350877,20.85,14.5,26.5,1974,8,August
1974-08-31,"Total Phosphorus, mixed forms",114,0.30405263157894735,0.05,0.002,4.3,1974,8,August
1974-09-30,Chloride,50,55.84,38.0,3.0,216.0,1974,9,September
1974-09-30,Dissolved oxygen (DO),54,8.801851851851852,8.8,1.6,16.5,1974,9,September
1974-09-30,Kjeldahl nitrogen,50,1.5564000000000002,0.595,0.13,19.0,1974,9,September
1974-09-30,Specific conductance,50,619.5,540.0,356.0,1360.0,1974,9,September
1974-09-30,"Temperature, water",54,13.455555555555556,13.45,8.9,21.0,1974,9,September
1974-09-30,"Total Phosphorus, mixed forms",50,0.46168,0.08499999999999999,0.006,6.9,1974,9,September
1974-10-31,Chloride,46,70.19565217391305,47.0,11.0,240.0,1974,10,October
1974-10-31,Dissolved oxygen (DO),46,8.32391304347826,7.65,3.0,15.0,1974,10,October
1974-10-31,Kjeldahl nitrogen,46,1.8450000000000002,0.615,0.18,17.0,1974,10,October
1974-10-31,Specific conductance,46,725.0869565217391,585.0,425.0,1700.0,1974,10,October
1974-10-31,"Temperature, water",46,11.376086956521737,11.7,6.0,16.0,1974,10,October
1974-10-31,"Total Phosphorus, mixed forms",46,0.39304347826086955,0.08,0.01,4.3,1974,10,October
1974-11-30,Chloride,69,43.3768115942029,27.0,5.0,235.0,1974,11,November
1974-11-30,Dissolved oxygen (DO),61,10.440983606557376,11.0,3.0,16.0,1974,11,November
1974-11-30,Kjeldahl nitrogen,69,2.0257971014492755,0.78,0.23,47.0,1974,11,November
1974-11-30,Specific conductance,69,606.0434782608696,550.0,417.0,1400.0,1974,11,November
1974-11-30,"Temperature, water",68,8.513235294117647,9.0,2.5,16.0,1974,11,November
1974-11-30,"Total Phosphorus, mixed forms",69,0.36181159420289855,0.14,0.008,3.3,1974,11,November
1974-12-31,Chloride,38,132.94736842105263,62.5,9.0,1160.0,1974,12,December
1974-12-31,Dissolved oxygen (DO),38,7.723684210526316,7.65,2.4,16.0,1974,12,December
1974-12-31,Kjeldahl nitrogen,38,2.2576315789473687,0.65,0.25,14.0,1974,12,December
1974-12-31,Specific conductance,38,870.8684210526316,725.0,410.0,2950.0,1974,12,December
1974-12-31,"Temperature, water",38,1.8342105263157895,1.4,0.0,7.0,1974,12,December
1974-12-31,"Total Phosphorus, mixed forms",38,0.4162105263157894,0.125,0.008,3.5,1974,12,December
1975-01-31,Chloride,51,108.58823529411765,46.0,5.0,635.0,1975,1,January
1975-01-31,Dissolved oxygen (DO),51,9.868627450980393,8.9,2.5,15.7,1975,1,January
1975-01-31,Kjeldahl nitrogen,51,1.7215686274509803,0.78,0.18,14.0,1975,1,January
1975-01-31,Specific conductance,51,872.843137254902,640.0,425.0,2600.0,1975,1,January
1975-01-31,"Temperature, water",51,1.4627450980392156,1.0,0.0,4.2,1975,1,January
1975-01-31,"Total Phosphorus, mixed forms",51,0.46168627450980393,0.09,0.008,4.2,1975,1,January
1975-02-28,Chloride,58,73.13793103448276,44.0,5.0,315.0,1975,2,February
1975-02-28,Dissolved oxygen (DO),58,10.21206896551724,10.649999999999999,1.8,17.0,1975,2,February
1975-02-28,Kjeldahl nitrogen,58,1.856206896551724,0.91,0.24,10.0,1975,2,February
1975-02-28,Specific conductance,58,716.7586206896551,650.0,245.0,1560.0,1975,2,February
1975-02-28,"Temperature, water",58,1.1241379310344828,1.0,0.0,4.2,1975,2,February
1975-02-28,"Total Phosphorus, mixed forms",58,0.29943103448275865,0.19,0.007,1.7,1975,2,February
1975-03-31,Chloride,36,45.30555555555556,34.5,9.0,305.0,1975,3,March
1975-03-31,Dissolved oxygen (DO),38,7.907894736842105,9.2,1.6,14.0,1975,3,March
1975-03-31,Kjeldahl nitrogen,38,2.103421052631579,1.15,0.37,14.0,1975,3,March
1975-03-31,Specific conductance,38,537.2105263157895,439.0,297.0,1850.0,1975,3,March
1975-03-31,"Temperature, water",38,1.486842105263158,1.0,0.0,4.5,1975,3,March
1975-03-31,"Total Phosphorus, mixed forms",38,0.1936578947368421,0.14,0.009,0.74,1975,3,March
1975-04-30,Chloride,31,45.16129032258065,25.0,5.0,332.0,1975,4,April
1975-04-30,Dissolved oxygen (DO),28,9.696428571428571,11.0,2.0,16.0,1975,4,April
1975-04-30,Kjeldahl nitrogen,36,1.4477777777777778,0.5800000000000001,0.3,12.0,1975,4,April
1975-04-30,Specific conductance,36,564.3055555555555,482.5,330.0,1380.0,1975,4,April
1975-04-30,"Temperature, water",33,5.242424242424242,5.0,1.0,11.0,1975,4,April
1975-04-30,"Total Phosphorus, mixed forms",36,0.17416666666666666,0.08,0.01,1.5,1975,4,April
1975-05-31,Chloride,45,61.17777777777778,30.0,4.0,270.0,1975,5,May
1975-05-31,Dissolved oxygen (DO),49,11.685714285714287,11.4,7.0,18.0,1975,5,May
1975-05-31,Kjeldahl nitrogen,53,1.0654716981132075,0.64,0.27,4.5,1975,5,May
1975-05-31,Specific conductance,53,628.6037735849056,535.0,340.0,1550.0,1975,5,May
1975-05-31,"Temperature, water",53,15.130188679245283,15.5,9.0,23.5,1975,5,May
1975-05-31,"Total Phosphorus, mixed forms",53,0.18547169811320754,0.06,0.01,1.9,1975,5,May
1975-06-30,Chloride,32,33.34375,17.5,6.0,220.0,1975,6,June
1975-06-30,Dissolved oxygen (DO),57,9.158947368421051,9.3,0.76,18.0,1975,6,June
1975-06-30,Kjeldahl nitrogen,39,1.1694871794871795,0.65,0.24,11.0,1975,6,June
1975-06-30,Specific conductance,64,529.4515625,500.0,300.0,1220.0,1975,6,June
1975-06-30,"Temperature, water",64,20.503125,20.5,7.0,28.0,1975,6,June
1975-06-30,"Total Phosphorus, mixed forms",39,0.16635897435897437,0.05,0.008,1.3,1975,6,June
1975-07-31,Chloride,57,63.92982456140351,37.0,4.0,300.0,1975,7,July
1975-07-31,Dissolved oxygen (DO),104,8.784615384615385,9.0,1.6,17.0,1975,7,July
1975-07-31,Kjeldahl nitrogen,58,1.6086206896551725,0.7,0.18,12.0,1975,7,July
1975-07-31,Specific conductance,90,564.0,500.0,300.0,1600.0,1975,7,July
1975-07-31,"Temperature, water",107,21.384112149532708,22.0,13.0,27.0,1975,7,July
1975-07-31,"Total Phosphorus, mixed forms",58,0.29086206896551725,0.08,0.01,3.2,1975,7,July
1975-08-31,Chloride,46,60.80434782608695,36.0,8.0,330.0,1975,8,August
1975-08-31,Dissolved oxygen (DO),48,9.275,9.25,1.8,16.5,1975,8,August
1975-08-31,Kjeldahl nitrogen,46,1.1456521739130436,0.59,0.19,14.0,1975,8,August
1975-08-31,Specific conductance,49,650.3061224489796,520.0,345.0,1600.0,1975,8,August
1975-08-31,"Temperature, water",51,19.75294117647059,19.5,12.0,26.0,1975,8,August
1975-08-31,"Total Phosphorus, mixed forms",46,0.28652173913043477,0.07,0.01,4.4,1975,8,August
1975-09-30,Chloride,65,52.61538461538461,29.0,5.0,280.0,1975,9,September
1975-09-30,Dissolved oxygen (DO),65,9.213846153846154,9.7,1.8,13.5,1975,9,September
1975-09-30,Kjeldahl nitrogen,65,0.9947692307692307,0.55,0.21,5.5,1975,9,September
1975-09-30,Specific conductance,65,635.4615384615385,500.0,275.0,1600.0,1975,9,September
1975-09-30,"Temperature, water",65,14.72923076923077,15.0,10.8,19.5,1975,9,September
1975-09-30,"Total Phosphorus, mixed forms",65,0.30353846153846153,0.05,0.01,4.3,1975,9,September
1975-10-31,Chloride,58,65.93103448275862,25.0,4.0,480.0,1975,10,October
1975-10-31,Dissolved oxygen (DO),52,10.538461538461538,11.0,5.0,16.0,1975,10,October
1975-10-31,Kjeldahl nitrogen,59,1.172542372881356,0.46,0.21,17.0,1975,10,October
1975-10-31,Specific conductance,59,612.3728813559322,540.0,425.0,1420.0,1975,10,October
1975-10-31,"Temperature, water",52,11.930769230769231,11.0,8.0,18.0,1975,10,October
1975-10-31,"Total Phosphorus, mixed forms",59,0.41571186440677965,0.06,0.008,6.7,1975,10,October
1975-11-30,Chloride,65,62.56923076923077,35.0,4.0,310.0,1975,11,November
1975-11-30,Dissolved oxygen (DO),65,11.00923076923077,11.5,5.0,14.5,1975,11,November
1975-11-30,Kjeldahl nitrogen,65,1.1455384615384614,0.51,0.19,9.0,1975,11,November
1975-11-30,Specific conductance,65,688.0,600.0,310.0,1700.0,1975,11,November
1975-11-30,"Temperature, water",65,7.023076923076923,8.0,1.0,14.0,1975,11,November
1975-11-30,"Total Phosphorus, mixed forms",64,0.1665,0.05,0.002,1.1,1975,11,November
1975-12-31,Chloride,23,116.1304347826087,120.0,12.0,315.0,1975,12,December
1975-12-31,Dissolved oxygen (DO),23,10.130434782608695,11.0,4.0,13.0,1975,12,December
1975-12-31,Kjeldahl nitrogen,23,1.4204347826086958,1.2,0.25,5.3,1975,12,December
1975-12-31,Specific conductance,23,788.695652173913,750.0,490.0,1400.0,1975,12,December
1975-12-31,"Temperature, water",23,4.326086956521739,5.0,0.0,8.5,1975,12,December
1975-12-31,"Total Phosphorus, mixed forms",23,0.29130434782608694,0.21,0.01,1.4,1975,12,December
1976-01-31,Chloride,22,494.52272727272725,132.0,6.5,2400.0,1976,1,January
1976-01-31,Dissolved oxygen (DO),21,9.41904761904762,9.0,5.0,14.0,1976,1,January
1976-01-31,Kjeldahl nitrogen,23,1.9904347826086957,0.62,0.22,15.0,1976,1,January
1976-01-31,Specific conductance,23,1991.7391304347825,840.0,480.0,6800.0,1976,1,January
1976-01-31,"Temperature, water",21,0.9761904761904762,0.5,0.0,4.5,1976,1,January
1976-01-31,"Total Phosphorus, mixed forms",22,0.13977272727272727,0.065,0.005,0.69,1976,1,January
1976-02-29,Chloride,53,77.5056603773585,38.5,4.1,380.0,1976,2,February
1976-02-29,Dissolved oxygen (DO),55,11.014545454545454,11.0,4.0,15.0,1976,2,February
1976-02-29,Kjeldahl nitrogen,57,1.7915789473684212,0.94,0.34,22.0,1976,2,February
1976-02-29,Specific conductance,56,704.8214285714286,600.0,350.0,1750.0,1976,2,February
1976-02-29,"Temperature, water",56,1.55,1.0,0.0,7.0,1976,2,February
1976-02-29,"Total Phosphorus, mixed forms",57,0.2750877192982456,0.14,0.01,1.9,1976,2,February
1976-03-31,Chloride,42,104.70238095238095,46.0,12.0,560.0,1976,3,March
1976-03-31,Dissolved oxygen (DO),44,10.879545454545454,12.2,0.5,16.0,1976,3,March
1976-03-31,Kjeldahl nitrogen,53,1.1124528301886794,0.74,0.29,5.0,1976,3,March
1976-03-31,Specific conductance,53,705.0943396226415,510.0,265.0,2650.0,1976,3,March
1976-03-31,"Temperature, water",52,1.5961538461538463,2.0,0.0,4.5,1976,3,March
1976-03-31,"Total Phosphorus, mixed forms",53,0.16150943396226417,0.09,0.01,1.7,1976,3,March
1976-04-30,Chloride,65,68.89584615384615,39.0,0.13,440.0,1976,4,April
1976-04-30,Dissolved oxygen (DO),68,11.104411764705883,11.5,2.0,16.2,1976,4,April
1976-04-30,Kjeldahl nitrogen,66,1.3974242424242425,0.585,0.26,10.8,1976,4,April
1976-04-30,Specific conductance,69,683.768115942029,550.0,350.0,2000.0,1976,4,April
1976-04-30,"Temperature, water",69,8.155072463768116,7.0,1.0,15.5,1976,4,April
1976-04-30,"Total Phosphorus, mixed forms",66,0.10931818181818181,0.05,0.008,0.95,1976,4,April
1976-05-31,Chloride,50,69.268,46.25,7.7,193.0,1976,5,May
1976-05-31,Dissolved oxygen (DO),42,9.838095238095239,9.25,5.0,18.0,1976,5,May
1976-05-31,Kjeldahl nitrogen,50,1.4122,0.8,0.29,12.0,1976,5,May
1976-05-31,Specific conductance,52,691.5384615384615,600.0,420.0,1350.0,1976,5,May
1976-05-31,"Temperature, water",44,11.338636363636363,11.5,7.5,15.0,1976,5,May
1976-05-31,"Total Phosphorus, mixed forms",51,0.12725490196078432,0.08,0.01,2.24,1976,5,May
1976-06-30,Chloride,68,57.78529411764706,34.25,4.1,280.0,1976,6,June
1976-06-30,Dissolved oxygen (DO),76,8.206578947368422,8.4,3.0,12.3,1976,6,June
1976-06-30,Kjeldahl nitrogen,71,1.3356338028169015,0.63,0.24,10.4,1976,6,June
1976-06-30,Specific conductance,89,602.4606741573034,520.0,300.0,1630.0,1976,6,June
1976-06-30,"Temperature, water",86,21.094186046511627,22.0,10.0,29.0,1976,6,June
1976-06-30,"Total Phosphorus, mixed forms",71,0.16264788732394367,0.07,0.008,1.23,1976,6,June
1976-07-31,Chloride,78,47.84743589743589,36.0,5.0,195.0,1976,7,July
1976-07-31,Dissolved oxygen (DO),67,7.932835820895522,8.8,1.2,12.0,1976,7,July
1976-07-31,Kjeldahl nitrogen,80,1.2338749999999998,0.74,0.22,10.4,1976,7,July
1976-07-31,Specific conductance,79,617.8607594936709,580.0,378.0,1240.0,1976,7,July
1976-07-31,"Temperature, water",67,19.93582089552239,20.0,12.0,26.0,1976,7,July
1976-07-31,"Total Phosphorus, mixed forms",79,0.1932911392405063,0.09,0.01,2.05,1976,7,July
1976-08-31,Chloride,61,61.99180327868852,35.0,5.0,250.0,1976,8,August
1976-08-31,Dissolved oxygen (DO),66,10.31969696969697,10.4,6.0,17.0,1976,8,August
1976-08-31,Kjeldahl nitrogen,62,0.8696774193548388,0.54,0.22,7.25,1976,8,August
1976-08-31,Specific conductance,64,645.671875,580.0,365.0,1470.0,1976,8,August
1976-08-31,"Temperature, water",67,19.68358208955224,20.0,12.0,27.0,1976,8,August
1976-08-31,"Total Phosphorus, mixed forms",62,0.12758064516129033,0.04,0.01,1.1,1976,8,August
1976-09-30,Chloride,73,75.78493150684932,39.0,5.3,385.0,1976,9,September
1976-09-30,Dissolved oxygen (DO),64,9.48125,10.0,1.3,14.4,1976,9,September
1976-09-30,Kjeldahl nitrogen,73,1.0367123287671234,0.56,0.19,13.5,1976,9,September
1976-09-30,Specific conductance,73,680.7534246575342,600.0,420.0,1650.0,1976,9,September
1976-09-30,"Temperature, water",64,15.0890625,17.0,7.0,22.5,1976,9,September
1976-09-30,"Total Phosphorus, mixed forms",73,0.14480821917808218,0.05,0.004,1.62,1976,9,September
1976-10-31,Chloride,79,59.20253164556962,44.5,4.9,240.0,1976,10,October
1976-10-31,Dissolved oxygen (DO),78,11.046153846153846,11.95,3.0,16.0,1976,10,October
1976-10-31,Kjeldahl nitrogen,81,1.045925925925926,0.53,0.15,9.6,1976,10,October
1976-10-31,Specific conductance,81,709.4444444444445,660.0,335.0,1600.0,1976,10,October
1976-10-31,"Temperature, water",79,7.794936708860759,9.4,0.0,17.0,1976,10,October
1976-10-31,"Total Phosphorus, mixed forms",81,0.11877777777777779,0.05,0.006,0.87,1976,10,October
1976-11-30,Chloride,67,72.54328358208954,53.0,7.1,325.0,1976,11,November
1976-11-30,Dissolved oxygen (DO),66,12.433333333333334,13.350000000000001,0.8,19.6,1976,11,November
1976-11-30,Kjeldahl nitrogen,67,1.5435820895522387,0.49,0.19,22.5,1976,11,November
1976-11-30,Specific conductance,67,771.6417910447761,700.0,415.0,1900.0,1976,11,November
1976-11-30,"Temperature, water",66,2.471212121212121,2.0,0.0,9.0,1976,11,November
1976-11-30,"Total Phosphorus, mixed forms",67,0.16149253731343283,0.03,0.001,4.15,1976,11,November
1976-12-31,Chloride,66,203.42272727272726,56.0,6.8,1125.0,1976,12,December
1976-12-31,Dissolved oxygen (DO),56,10.857142857142858,12.149999999999999,2.0,18.4,1976,12,December
1976-12-31,Kjeldahl nitrogen,68,3.251323529411765,1.0,0.22,23.3,1976,12,December
1976-12-31,Specific conductance,68,1186.4705882352941,740.0,365.0,4000.0,1976,12,December
1976-12-31,"Temperature, water",60,1.7033333333333334,1.0,0.0,9.0,1976,12,December
1976-12-31,"Total Phosphorus, mixed forms",68,0.15726470588235295,0.065,0.006,1.08,1976,12,December
1977-01-31,Chloride,44,116.39545454545454,74.0,6.8,700.0,1977,1,January
1977-01-31,Dissolved oxygen (DO),44,10.343181818181819,12.05,0.8,16.8,1977,1,January
1977-01-31,Kjeldahl nitrogen,44,2.952045454545454,1.1,0.14,15.5,1977,1,January
1977-01-31,Specific conductance,44,939.5454545454545,735.0,475.0,2750.0,1977,1,January
1977-01-31,"Temperature, water",44,1.4113636363636364,0.5,0.0,15.8,1977,1,January
1977-01-31,"Total Phosphorus, mixed forms",44,0.2241818181818182,0.07500000000000001,0.004,2.23,1977,1,January
1977-02-28,Chloride,47,202.75319148936168,110.0,6.3,1475.0,1977,2,February
1977-02-28,Dissolved oxygen (DO),47,11.553191489361701,13.0,0.8,16.0,1977,2,February
1977-02-28,Kjeldahl nitrogen,49,2.9263265306122452,1.75,0.2,11.6,1977,2,February
1977-02-28,Specific conductance,49,1168.7755102040817,870.0,455.0,5500.0,1977,2,February
1977-02-28,"Temperature, water",49,1.1571428571428573,1.0,0.0,6.8,1977,2,February
1977-02-28,"Total Phosphorus, mixed forms",49,0.28408163265306124,0.15,0.01,2.02,1977,2,February
1977-03-31,Chloride,68,142.77205882352942,63.0,9.0,840.0,1977,3,March
1977-03-31,Dissolved oxygen (DO),68,11.867647058823529,11.649999999999999,7.6,15.8,1977,3,March
1977-03-31,Kjeldahl nitrogen,70,1.9528571428571426,1.35,0.42,15.5,1977,3,March
1977-03-31,Specific conductance,70,815.0,685.0,310.0,2850.0,1977,3,March
1977-03-31,"Temperature, water",69,5.672463768115942,5.2,0.0,10.0,1977,3,March
1977-03-31,"Total Phosphorus, mixed forms",70,0.22814285714285715,0.185,0.02,0.6,1977,3,March
1977-04-30,Chloride,62,78.87741935483871,49.0,9.9,525.0,1977,4,April
1977-04-30,Dissolved oxygen (DO),44,10.847727272727273,11.2,0.8,18.0,1977,4,April
1977-04-30,Kjeldahl nitrogen,63,1.2680952380952382,0.59,0.31,12.7,1977,4,April
1977-04-30,Specific conductance,63,770.2380952380952,660.0,420.0,2200.0,1977,4,April
1977-04-30,"Temperature, water",44,8.088636363636363,9.0,1.0,15.0,1977,4,April
1977-04-30,"Total Phosphorus, mixed forms",63,0.07984126984126985,0.04,0.01,0.64,1977,4,April
1977-05-31,Chloride,71,97.14788732394366,43.0,7.7,1375.0,1977,5,May
1977-05-31,Dissolved oxygen (DO),52,9.201923076923077,9.8,1.4,13.8,1977,5,May
1977-05-31,Kjeldahl nitrogen,72,1.9112500000000001,0.76,0.2,22.6,1977,5,May
1977-05-31,Specific conductance,72,754.7361111111111,620.0,355.0,1900.0,1977,5,May
1977-05-31,"Temperature, water",52,16.423076923076923,15.5,9.5,24.5,1977,5,May
1977-05-31,"Total Phosphorus, mixed forms",72,0.23380555555555554,0.055,0.005,5.5,1977,5,May
1977-06-30,Chloride,61,73.93770491803278,51.0,7.0,363.0,1977,6,June
1977-06-30,Dissolved oxygen (DO),60,9.073333333333332,8.8,3.3,15.6,1977,6,June
1977-06-30,Kjeldahl nitrogen,61,1.5678688524590163,0.72,0.2,21.0,1977,6,June
1977-06-30,Specific conductance,61,691.1803278688525,550.0,275.0,1700.0,1977,6,June
1977-06-30,"Temperature, water",61,19.24098360655738,19.5,11.0,25.5,1977,6,June
1977-06-30,"Total Phosphorus, mixed forms",61,0.259672131147541,0.08,0.01,4.0,1977,6,June
1977-07-31,Chloride,65,75.45692307692308,49.0,7.9,330.0,1977,7,July
1977-07-31,Dissolved oxygen (DO),69,8.897101449275363,8.8,4.2,16.9,1977,7,July
1977-07-31,Kjeldahl nitrogen,74,1.1377027027027027,0.695,0.21,8.3,1977,7,July
1977-07-31,Specific conductance,71,687.9577464788732,580.0,345.0,1600.0,1977,7,July
1977-07-31,"Temperature, water",70,23.86,23.25,17.0,30.9,1977,7,July
1977-07-31,"Total Phosphorus, mixed forms",74,0.1676891891891892,0.07500000000000001,0.009,0.92,1977,7,July
1977-08-31,Chloride,76,66.93684210526315,47.5,7.2,260.0,1977,8,August
1977-08-31,Dissolved oxygen (DO),78,8.72948717948718,8.55,4.2,14.2,1977,8,August
1977-08-31,Kjeldahl nitrogen,76,1.1576315789473686,0.75,0.2,9.4,1977,8,August
1977-08-31,Specific conductance,79,651.7088607594936,560.0,225.0,1550.0,1977,8,August
1977-08-31,"Temperature, water",79,18.696202531645568,18.0,12.0,25.0,1977,8,August
1977-08-31,"Total Phosphorus, mixed forms",76,0.14713157894736842,0.095,0.002,1.02,1977,8,August
1977-09-30,Chloride,58,60.26379310344828,44.25,8.8,260.0,1977,9,September
1977-09-30,Dissolved oxygen (DO),58,9.001724137931035,8.8,3.0,16.6,1977,9,September
1977-09-30,Kjeldahl nitrogen,58,1.0241379310344827,0.705,0.16,6.05,1977,9,September
1977-09-30,Specific conductance,58,675.2586206896551,615.0,250.0,1650.0,1977,9,September
1977-09-30,"Temperature, water",58,14.843103448275862,15.0,11.2,19.2,1977,9,September
1977-09-30,"Total Phosphorus, mixed forms",58,0.13258620689655173,0.10500000000000001,0.01,0.53,1977,9,September
1977-10-31,Chloride,69,65.33623188405797,42.0,9.2,330.0,1977,10,October
1977-10-31,Dissolved oxygen (DO),68,9.966176470588236,10.850000000000001,1.8,13.4,1977,10,October
1977-10-31,Kjeldahl nitrogen,69,0.9546376811594204,0.66,0.18,7.05,1977,10,October
1977-10-31,Specific conductance,69,747.5072463768116,690.0,346.0,1960.0,1977,10,October
1977-10-31,"Temperature, water",68,9.089705882352941,9.0,5.2,14.0,1977,10,October
1977-10-31,"Total Phosphorus, mixed forms",69,0.10857971014492754,0.05,0.006,0.99,1977,10,October
1977-11-30,Chloride,54,89.06296296296296,58.0,9.4,500.0,1977,11,November
1977-11-30,Dissolved oxygen (DO),56,10.85,11.2,5.0,14.0,1977,11,November
1977-11-30,Kjeldahl nitrogen,54,1.1655555555555555,0.685,0.24,8.0,1977,11,November
1977-11-30,Specific conductance,54,830.574074074074,717.5,374.0,2160.0,1977,11,November
1977-11-30,"Temperature, water",56,4.983928571428572,4.85,0.0,14.0,1977,11,November
1977-11-30,"Total Phosphorus, mixed forms",54,0.13018518518518518,0.08,0.01,1.55,1977,11,November
1977-12-31,Chloride,53,115.8377358490566,78.0,8.9,925.0,1977,12,December
1977-12-31,Dissolved oxygen (DO),30,8.94,10.8,1.4,12.8,1977,12,December
1977-12-31,Kjeldahl nitrogen,53,23.195094339622646,0.68,0.24,1183.0,1977,12,December
1977-12-31,Specific conductance,53,860.8679245283018,745.0,149.0,3370.0,1977,12,December
1977-12-31,"Temperature, water",53,2.1962264150943396,2.0,0.0,8.8,1977,12,December
1977-12-31,"Total Phosphorus, mixed forms",53,0.17750943396226415,0.08,0.008,2.4,1977,12,December
1978-01-31,Chloride,28,162.78571428571428,48.25,12.5,1425.0,1978,1,January
1978-01-31,Dissolved oxygen (DO),12,9.116666666666667,9.2,4.1,14.0,1978,1,January
1978-01-31,Kjeldahl nitrogen,28,2.0146428571428574,0.76,0.34,8.3,1978,1,January
1978-01-31,Specific conductance,28,1009.3928571428571,720.0,399.0,4930.0,1978,1,January
1978-01-31,"Temperature, water",27,1.9444444444444444,2.0,0.0,6.0,1978,1,January
1978-01-31,"Total Phosphorus, mixed forms",28,0.12892857142857145,0.04,0.01,1.02,1978,1,January
1978-02-28,Chloride,29,143.86206896551724,88.0,12.5,465.0,1978,2,February
1978-02-28,Dissolved oxygen (DO),20,8.595,9.8,1.8,13.2,1978,2,February
1978-02-28,Kjeldahl nitrogen,29,2.6262068965517242,1.06,0.28,11.2,1978,2,February
1978-02-28,Specific conductance,29,1026.655172413793,850.0,473.0,2050.0,1978,2,February
1978-02-28,"Temperature, water",29,0.903448275862069,0.0,0.0,7.0,1978,2,February
1978-02-28,"Total Phosphorus, mixed forms",29,0.2626551724137931,0.08,0.007,1.48,1978,2,February
1978-03-31,Chloride,33,62.94242424242424,55.0,9.1,160.0,1978,3,March
1978-03-31,Dissolved oxygen (DO),34,11.338235294117647,11.25,7.7,14.0,1978,3,March
1978-03-31,Kjeldahl nitrogen,34,1.5608823529411764,1.355,0.3,6.65,1978,3,March
1978-03-31,Specific conductance,34,633.2647058823529,635.0,338.0,1145.0,1978,3,March
1978-03-31,"Temperature, water",34,1.8794117647058823,1.9,0.0,5.5,1978,3,March
1978-03-31,"Total Phosphorus, mixed forms",34,0.24,0.20500000000000002,0.01,0.87,1978,3,March
1978-04-30,Chloride,59,54.55762711864407,35.5,9.4,308.0,1978,4,April
1978-04-30,Dissolved oxygen (DO),58,12.163793103448276,12.0,8.9,14.9,1978,4,April
1978-04-30,Kjeldahl nitrogen,58,1.1775862068965517,0.8500000000000001,0.24,6.45,1978,4,April
1978-04-30,Specific conductance,59,585.728813559322,470.0,355.0,1570.0,1978,4,April
1978-04-30,"Temperature, water",59,5.2677966101694915,5.5,0.0,8.5,1978,4,April
1978-04-30,"Total Phosphorus, mixed forms",58,0.1338448275862069,0.11,0.004,0.52,1978,4,April
1978-05-31,Chloride,48,68.8125,61.0,9.0,193.0,1978,5,May
1978-05-31,Dissolved oxygen (DO),48,10.387500000000001,10.6,3.2,16.4,1978,5,May
1978-05-31,Kjeldahl nitrogen,48,1.4258333333333333,0.865,0.38,7.52,1978,5,May
1978-05-31,Specific conductance,48,664.0416666666666,607.5,325.0,1180.0,1978,5,May
1978-05-31,"Temperature, water",50,13.704,11.350000000000001,5.5,27.9,1978,5,May
1978-05-31,"Total Phosphorus, mixed forms",48,0.14477083333333332,0.1,0.009,0.64,1978,5,May
1978-06-30,Chloride,47,81.40851063829787,60.0,5.7,338.0,1978,6,June
1978-06-30,Dissolved oxygen (DO),46,10.106521739130434,10.2,5.4,16.5,1978,6,June
1978-06-30,Kjeldahl nitrogen,47,1.6259574468085107,0.78,0.34,15.0,1978,6,June
1978-06-30,Specific conductance,47,701.063829787234,600.0,305.0,1700.0,1978,6,June
1978-06-30,"Temperature, water",55,18.607272727272726,19.0,8.7,25.3,1978,6,June
1978-06-30,"Total Phosphorus, mixed forms",47,0.18489361702127657,0.08,0.01,2.55,1978,6,June
1978-07-31,Chloride,65,82.6676923076923,56.0,3.3,538.0,1978,7,July
1978-07-31,Dissolved oxygen (DO),65,10.007692307692308,9.8,3.0,18.4,1978,7,July
1978-07-31,Kjeldahl nitrogen,65,1.5926153846153845,0.62,0.22,26.2,1978,7,July
1978-07-31,Specific conductance,65,656.8461538461538,550.0,270.0,2000.0,1978,7,July
1978-07-31,"Temperature, water",65,20.663076923076922,21.0,10.6,27.1,1978,7,July
1978-07-31,"Total Phosphorus, mixed forms",65,0.1290769230769231,0.07,0.01,0.51,1978,7,July
1978-08-31,Chloride,54,67.36296296296297,47.5,5.6,350.0,1978,8,August
1978-08-31,Dissolved oxygen (DO),60,10.026666666666667,10.0,4.4,19.0,1978,8,August
1978-08-31,Kjeldahl nitrogen,54,0.7781481481481483,0.525,0.15,4.1,1978,8,August
1978-08-31,Specific conductance,60,622.6,550.0,290.0,1650.0,1978,8,August
1978-08-31,"Temperature, water",74,19.105405405405406,19.8,11.0,25.1,1978,8,August
1978-08-31,"Total Phosphorus, mixed forms",54,0.1625925925925926,0.08,0.01,0.76,1978,8,August
1978-09-30,Chloride,60,50.86333333333334,39.25,7.3,158.0,1978,9,September
1978-09-30,Dissolved oxygen (DO),59,10.189830508474577,10.0,3.7,14.9,1978,9,September
1978-09-30,Kjeldahl nitrogen,60,1.5135,0.7,0.27,34.5,1978,9,September
1978-09-30,Specific conductance,60,558.75,510.0,280.0,1100.0,1978,9,September
1978-09-30,"Temperature, water",59,14.452542372881357,14.0,9.0,22.5,1978,9,September
1978-09-30,"Total Phosphorus, mixed forms",60,0.22641666666666668,0.11499999999999999,0.007,1.62,1978,9,September
1978-10-31,Chloride,48,73.03541666666666,58.5,7.7,285.0,1978,10,October
1978-10-31,Dissolved oxygen (DO),47,11.261702127659573,11.2,5.8,16.6,1978,10,October
1978-10-31,Kjeldahl nitrogen,48,1.1410416666666667,0.485,0.21,8.5,1978,10,October
1978-10-31,Specific conductance,48,705.1041666666666,640.0,330.0,1490.0,1978,10,October
1978-10-31,"Temperature, water",47,8.53404255319149,8.1,4.9,15.5,1978,10,October
1978-10-31,"Total Phosphorus, mixed forms",48,0.13358333333333333,0.05,0.006,1.1,1978,10,October
1978-11-30,Chloride,66,152.30454545454546,46.75,7.5,1075.0,1978,11,November
1978-11-30,Dissolved oxygen (DO),65,11.601538461538462,11.8,6.5,15.8,1978,11,November
1978-11-30,Kjeldahl nitrogen,66,1.6615151515151514,0.49,0.24,45.0,1978,11,November
1978-11-30,Specific conductance,66,936.3636363636364,620.0,345.0,3650.0,1978,11,November
1978-11-30,"Temperature, water",65,4.189230769230769,4.0,0.0,13.0,1978,11,November
1978-11-30,"Total Phosphorus, mixed forms",66,0.1457878787878788,0.04,0.003,2.4,1978,11,November
1978-12-31,Chloride,47,255.66702127659576,97.0,7.85,2025.0,1978,12,December
1978-12-31,Dissolved oxygen (DO),47,11.929787234042553,12.3,7.0,14.4,1978,12,December
1978-12-31,Kjeldahl nitrogen,47,1.2895744680851065,0.71,0.32,9.2,1978,12,December
1978-12-31,Specific conductance,47,1223.5106382978724,750.0,405.0,6000.0,1978,12,December
1978-12-31,"Temperature, water",48,1.125,1.0,0.0,5.0,1978,12,December
1978-12-31,"Total Phosphorus, mixed forms",47,0.15736170212765957,0.06,0.008,1.96,1978,12,December
1979-01-31,Chloride,49,200.35204081632654,74.0,7.25,875.0,1979,1,January
1979-01-31,Dissolved oxygen (DO),53,11.250943396226415,11.8,3.4,16.8,1979,1,January
1979-01-31,Kjeldahl nitrogen,51,2.2174509803921567,0.94,0.2,17.8,1979,1,January
1979-01-31,Specific conductance,53,1136.301886792453,780.0,53.0,3100.0,1979,1,January
1979-01-31,"Temperature, water",53,0.750943396226415,0.0,0.0,3.8,1979,1,January
1979-01-31,"Total Phosphorus, mixed forms",53,0.12477358490566039,0.08,0.007,0.86,1979,1,January
1979-02-28,Chloride,53,325.4801886792453,85.0,7.95,2650.0,1979,2,February
1979-02-28,Dissolved oxygen (DO),55,10.712727272727273,11.6,2.2,14.9,1979,2,February
1979-02-28,Kjeldahl nitrogen,53,3.2039622641509435,1.42,0.19,27.5,1979,2,February
1979-02-28,Specific conductance,56,1668.8392857142858,795.0,465.0,8100.0,1979,2,February
1979-02-28,"Temperature, water",55,1.0127272727272727,0.0,0.0,8.0,1979,2,February
1979-02-28,"Total Phosphorus, mixed forms",56,0.19660714285714284,0.11,0.01,1.23,1979,2,February
1979-03-31,Chloride,44,56.93181818181818,32.75,10.5,375.0,1979,3,March
1979-03-31,Dissolved oxygen (DO),58,11.922413793103448,11.95,8.8,14.8,1979,3,March
1979-03-31,Kjeldahl nitrogen,50,1.725,1.3599999999999999,0.1,12.25,1979,3,March
1979-03-31,Specific conductance,58,563.3620689655172,460.0,190.0,1600.0,1979,3,March
1979-03-31,"Temperature, water",58,2.5586206896551724,2.0,0.0,8.0,1979,3,March
1979-03-31,"Total Phosphorus, mixed forms",58,0.29153448275862065,0.155,0.009,1.94,1979,3,March
1979-04-30,Chloride,49,77.1938775510204,46.5,12.0,387.0,1979,4,April
1979-04-30,Dissolved oxygen (DO),59,11.547457627118643,11.5,8.0,20.0,1979,4,April
1979-04-30,Kjeldahl nitrogen,54,1.107222222222222,0.645,0.06,5.05,1979,4,April
1979-04-30,Specific conductance,59,805.8813559322034,700.0,385.0,2400.0,1979,4,April
1979-04-30,"Temperature, water",59,10.17457627118644,10.5,4.5,16.7,1979,4,April
1979-04-30,"Total Phosphorus, mixed forms",58,0.15775862068965518,0.05,0.01,1.79,1979,4,April
1979-05-31,Chloride,60,69.46333333333334,54.0,10.3,223.0,1979,5,May
1979-05-31,Dissolved oxygen (DO),68,10.161764705882353,10.2,5.4,15.4,1979,5,May
1979-05-31,Kjeldahl nitrogen,64,1.185,0.75,0.33,9.5,1979,5,May
1979-05-31,Specific conductance,68,715.1470588235294,680.0,350.0,1390.0,1979,5,May
1979-05-31,"Temperature, water",68,13.720588235294118,13.6,6.9,21.0,1979,5,May
1979-05-31,"Total Phosphorus, mixed forms",68,0.08470588235294117,0.05,0.01,0.4,1979,5,May
1979-06-30,Chloride,47,74.31382978723404,53.0,7.55,317.0,1979,6,June
1979-06-30,Dissolved oxygen (DO),51,10.247058823529413,9.4,4.4,20.0,1979,6,June
1979-06-30,Kjeldahl nitrogen,49,1.1018367346938776,0.63,0.3,6.1,1979,6,June
1979-06-30,Specific conductance,51,725.3921568627451,640.0,315.0,1850.0,1979,6,June
1979-06-30,"Temperature, water",54,18.04259259259259,18.8,9.5,24.7,1979,6,June
1979-06-30,"Total Phosphorus, mixed forms",50,0.20742000000000002,0.07,0.005,2.34,1979,6,June
1979-07-31,Chloride,36,59.55555555555556,43.0,4.6,355.0,1979,7,July
1979-07-31,Dissolved oxygen (DO),39,8.492307692307692,8.4,2.9,12.6,1979,7,July
1979-07-31,Kjeldahl nitrogen,38,0.9760526315789475,0.62,0.15,5.25,1979,7,July
1979-07-31,Specific conductance,42,649.7619047619048,550.0,270.0,2000.0,1979,7,July
1979-07-31,"Temperature, water",39,21.182051282051283,21.0,16.0,26.3,1979,7,July
1979-07-31,"Total Phosphorus, mixed forms",42,0.11690476190476191,0.055,0.01,0.62,1979,7,July
1979-08-31,Chloride,68,65.45588235294117,54.0,9.0,315.0,1979,8,August
1979-08-31,Dissolved oxygen (DO),72,8.523611111111112,8.75,2.5,12.6,1979,8,August
1979-08-31,Kjeldahl nitrogen,70,0.9832857142857142,0.685,0.33,4.8,1979,8,August
1979-08-31,Specific conductance,85,635.5294117647059,580.0,265.0,1820.0,1979,8,August
1979-08-31,"Temperature, water",72,17.897222222222222,18.0,12.0,25.0,1979,8,August
1979-08-31,"Total Phosphorus, mixed forms",85,0.1424705882352941,0.08,0.01,0.99,1979,8,August
1979-09-30,Chloride,32,52.578125,48.25,9.0,153.0,1979,9,September
1979-09-30,Dissolved oxygen (DO),39,9.128205128205128,9.1,3.6,13.8,1979,9,September
1979-09-30,Kjeldahl nitrogen,34,0.9073529411764706,0.51,0.28,5.65,1979,9,September
1979-09-30,Specific conductance,50,666.6,620.0,255.0,1200.0,1979,9,September
1979-09-30,"Temperature, water",39,17.048717948717947,16.0,11.5,24.0,1979,9,September
1979-09-30,"Total Phosphorus, mixed forms",50,0.128,0.05,0.01,0.83,1979,9,September
1979-10-31,Chloride,50,65.393,54.5,9.65,335.0,1979,10,October
1979-10-31,Dissolved oxygen (DO),56,8.873214285714285,8.8,3.2,13.0,1979,10,October
1979-10-31,Kjeldahl nitrogen,52,1.2240384615384614,0.67,0.3,10.1,1979,10,October
1979-10-31,Specific conductance,72,697.2222222222222,670.0,295.0,2000.0,1979,10,October
1979-10-31,"Temperature, water",56,9.135714285714286,8.05,3.0,17.5,1979,10,October
1979-10-31,"Total Phosphorus, mixed forms",72,0.17597222222222222,0.10500000000000001,0.01,1.45,1979,10,October
1979-11-30,Chloride,36,53.5,45.25,10.5,275.0,1979,11,November
1979-11-30,Dissolved oxygen (DO),41,9.90731707317073,10.4,6.1,13.2,1979,11,November
1979-11-30,Kjeldahl nitrogen,38,1.0271052631578947,0.58,0.31,6.05,1979,11,November
1979-11-30,Specific conductance,50,689.1,655.0,335.0,1750.0,1979,11,November
1979-11-30,"Temperature, water",42,7.078571428571429,7.0,3.6,12.0,1979,11,November
1979-11-30,"Total Phosphorus, mixed forms",54,0.16774074074074075,0.08,0.008,0.87,1979,11,November
1979-12-31,Chloride,50,111.52,65.0,12.0,750.0,1979,12,December
1979-12-31,Dissolved oxygen (DO),57,10.387719298245614,10.0,5.1,14.9,1979,12,December
1979-12-31,Kjeldahl nitrogen,52,0.9536538461538461,0.56,0.2,4.13,1979,12,December
1979-12-31,Specific conductance,60,975.75,820.0,381.0,2825.0,1979,12,December
1979-12-31,"Temperature, water",57,1.5736842105263158,1.0,0.0,12.0,1979,12,December
1979-12-31,"Total Phosphorus, mixed forms",71,0.17159154929577464,0.08,0.005,1.09,1979,12,December
1980-01-31,Chloride,38,92.34210526315789,53.0,15.0,388.0,1980,1,January
1980-01-31,Dissolved oxygen (DO),53,10.847169811320754,11.2,5.9,13.6,1980,1,January
1980-01-31,Kjeldahl nitrogen,41,1.896341463414634,1.0,0.25,6.55,1980,1,January
1980-01-31,Specific conductance,63,892.2698412698413,680.0,440.0,3350.0,1980,1,January
1980-01-31,"Temperature, water",53,1.0943396226415094,1.0,0.0,5.0,1980,1,January
1980-01-31,"Total Phosphorus, mixed forms",67,0.2797014925373134,0.13,0.01,1.95,1980,1,January
1980-02-29,Chloride,22,92.97727272727273,65.0,15.5,310.0,1980,2,February
1980-02-29,Dissolved oxygen (DO),36,10.544444444444444,10.7,4.1,14.0,1980,2,February
1980-02-29,Kjeldahl nitrogen,27,2.3988888888888886,0.94,0.21,13.4,1980,2,February
1980-02-29,Specific conductance,42,852.4285714285714,760.0,52.0,1750.0,1980,2,February
1980-02-29,"Temperature, water",36,0.3194444444444444,0.0,0.0,2.2,1980,2,February
1980-02-29,"Total Phosphorus, mixed forms",46,0.22804347826086957,0.08,0.003,1.94,1980,2,February
1980-03-31,Chloride,45,137.05555555555554,100.0,15.5,430.0,1980,3,March
1980-03-31,Dissolved oxygen (DO),66,10.666666666666666,10.8,3.0,14.0,1980,3,March
1980-03-31,Kjeldahl nitrogen,53,3.925660377358491,3.03,0.22,14.5,1980,3,March
1980-03-31,Specific conductance,66,880.9848484848485,692.5,310.0,3500.0,1980,3,March
1980-03-31,"Temperature, water",66,2.1999999999999997,1.5,0.0,9.5,1980,3,March
1980-03-31,"Total Phosphorus, mixed forms",77,0.5335324675324675,0.32,0.002,3.83,1980,3,March
1980-04-30,Chloride,33,46.09090909090909,39.0,10.0,206.0,1980,4,April
1980-04-30,Dissolved oxygen (DO),52,10.834615384615384,10.9,7.2,13.4,1980,4,April
1980-04-30,Kjeldahl nitrogen,41,1.695609756097561,0.8,0.39,12.9,1980,4,April
1980-04-30,Specific conductance,62,664.0322580645161,605.0,320.0,1350.0,1980,4,April
1980-04-30,"Temperature, water",52,6.413461538461538,5.5,1.9,14.0,1980,4,April
1980-04-30,"Total Phosphorus, mixed forms",62,39.502419354838715,0.1,0.02,1393.0,1980,4,April
1980-05-31,Chloride,39,76.28205128205128,51.0,8.0,240.0,1980,5,May
1980-05-31,Dissolved oxygen (DO),52,9.907692307692308,9.7,7.2,14.6,1980,5,May
1980-05-31,Kjeldahl nitrogen,41,1.2558536585365854,0.72,0.42,7.5,1980,5,May
1980-05-31,Specific conductance,55,718.9090909090909,600.0,350.0,1300.0,1980,5,May
1980-05-31,"Temperature, water",52,14.311538461538463,13.75,8.0,22.2,1980,5,May
1980-05-31,"Total Phosphorus, mixed forms",57,0.12157894736842105,0.06,0.01,1.05,1980,5,May
1980-06-30,Chloride,36,76.29166666666667,54.25,13.5,315.0,1980,6,June
1980-06-30,Dissolved oxygen (DO),54,9.36111111111111,9.55,5.6,13.6,1980,6,June
1980-06-30,Kjeldahl nitrogen,43,2.5269767441860465,0.6,0.14,26.3,1980,6,June
1980-06-30,Specific conductance,57,693.421052631579,600.0,350.0,1550.0,1980,6,June
1980-06-30,"Temperature, water",54,18.735185185185188,17.9,13.0,27.9,1980,6,June
1980-06-30,"Total Phosphorus, mixed forms",59,0.2342033898305085,0.06,0.008,5.08,1980,6,June
1980-07-31,Chloride,29,56.63793103448276,38.0,12.5,215.0,1980,7,July
1980-07-31,Dissolved oxygen (DO),45,6.788888888888889,7.1,1.4,11.0,1980,7,July
1980-07-31,Kjeldahl nitrogen,41,1.5846341463414635,0.68,0.1,12.0,1980,7,July
1980-07-31,Specific conductance,54,602.4074074074074,550.0,255.0,1350.0,1980,7,July
1980-07-31,"Temperature, water",46,21.354347826086954,21.25,15.0,25.2,1980,7,July
1980-07-31,"Total Phosphorus, mixed forms",58,0.2106896551724138,0.1,0.01,1.38,1980,7,July
1980-08-31,Chloride,36,76.30972222222222,50.25,8.15,305.0,1980,8,August
1980-08-31,Dissolved oxygen (DO),54,8.049999999999999,8.0,3.5,13.6,1980,8,August
1980-08-31,Kjeldahl nitrogen,40,1.1475,0.605,0.31,5.44,1980,8,August
1980-08-31,Specific conductance,57,674.3859649122807,600.0,220.0,1550.0,1980,8,August
1980-08-31,"Temperature, water",56,21.398214285714285,21.25,13.0,26.5,1980,8,August
1980-08-31,"Total Phosphorus, mixed forms",57,0.16052631578947368,0.07,0.01,0.87,1980,8,August
1980-09-30,Chloride,29,60.73103448275862,43.0,12.5,338.0,1980,9,September
1980-09-30,Dissolved oxygen (DO),38,8.476315789473684,8.8,2.4,13.6,1980,9,September
1980-09-30,Kjeldahl nitrogen,30,0.9313333333333333,0.68,0.31,3.9,1980,9,September
1980-09-30,Specific conductance,44,645.7954545454545,600.0,250.0,1850.0,1980,9,September
1980-09-30,"Temperature, water",38,15.771052631578947,15.1,9.5,24.0,1980,9,September
1980-09-30,"Total Phosphorus, mixed forms",45,0.21511111111111111,0.08,0.01,2.39,1980,9,September
1980-10-31,Chloride,31,72.38709677419355,52.0,12.0,318.0,1980,10,October
1980-10-31,Dissolved oxygen (DO),54,9.20185185185185,9.8,4.0,12.2,1980,10,October
1980-10-31,Kjeldahl nitrogen,32,1.7171875,0.635,0.32,9.1,1980,10,October
1980-10-31,Specific conductance,48,679.7916666666666,600.0,240.0,1900.0,1980,10,October
1980-10-31,"Temperature, water",54,10.766666666666666,10.0,4.3,17.5,1980,10,October
1980-10-31,"Total Phosphorus, mixed forms",48,0.27708333333333335,0.065,0.01,1.82,1980,10,October
1980-11-30,Chloride,38,81.44736842105263,67.25,12.0,320.0,1980,11,November
1980-11-30,Dissolved oxygen (DO),52,10.51923076923077,10.3,6.0,16.0,1980,11,November
1980-11-30,Kjeldahl nitrogen,42,1.2304761904761905,0.5,0.28,6.85,1980,11,November
1980-11-30,Specific conductance,58,754.4827586206897,700.0,330.0,1800.0,1980,11,November
1980-11-30,"Temperature, water",52,4.415384615384616,4.0,0.0,12.0,1980,11,November
1980-11-30,"Total Phosphorus, mixed forms",60,0.14446666666666666,0.035,0.004,1.14,1980,11,November
1980-12-31,Chloride,30,88.95,62.5,14.5,632.0,1980,12,December
1980-12-31,Dissolved oxygen (DO),24,10.291666666666666,10.5,4.7,14.6,1980,12,December
1980-12-31,Kjeldahl nitrogen,32,1.33125,0.59,0.21,8.85,1980,12,December
1980-12-31,Specific conductance,39,814.6153846153846,740.0,400.0,2500.0,1980,12,December
1980-12-31,"Temperature, water",24,0.875,0.0,0.0,5.0,1980,12,December
1980-12-31,"Total Phosphorus, mixed forms",40,0.11025,0.04,0.01,0.47,1980,12,December
1981-01-31,Chloride,28,75.39285714285714,51.75,10.5,344.0,1981,1,January
1981-01-31,Dissolved oxygen (DO),32,10.6,10.9,5.3,14.2,1981,1,January
1981-01-31,Kjeldahl nitrogen,28,2.057857142857143,0.65,0.24,14.6,1981,1,January
1981-01-31,Specific conductance,32,787.96875,710.0,485.0,2050.0,1981,1,January
1981-01-31,"Temperature, water",32,0.540625,0.0,0.0,3.5,1981,1,January
1981-01-31,"Total Phosphorus, mixed forms",32,0.1299375,0.04,0.008,1.32,1981,1,January
1981-02-28,Chloride,38,142.69736842105263,64.5,9.5,752.0,1981,2,February
1981-02-28,Dissolved oxygen (DO),45,10.842222222222222,11.2,5.2,15.0,1981,2,February
1981-02-28,Kjeldahl nitrogen,40,2.6510000000000002,1.7000000000000002,0.12,14.8,1981,2,February
1981-02-28,Specific conductance,51,953.7254901960785,700.0,190.0,2850.0,1981,2,February
1981-02-28,"Temperature, water",49,1.2326530612244897,1.0,0.0,4.5,1981,2,February
1981-02-28,"Total Phosphorus, mixed forms",53,0.3110377358490566,0.18,0.007,1.6,1981,2,February
1981-03-31,Chloride,46,111.22826086956522,74.5,13.5,406.0,1981,3,March
1981-03-31,Dissolved oxygen (DO),60,11.84,12.05,6.8,14.0,1981,3,March
1981-03-31,Kjeldahl nitrogen,50,1.4418,0.61,0.17,8.2,1981,3,March
1981-03-31,Specific conductance,68,881.5441176470588,770.0,410.0,1850.0,1981,3,March
1981-03-31,"Temperature, water",60,3.5050000000000003,3.0,0.0,9.0,1981,3,March
1981-03-31,"Total Phosphorus, mixed forms",68,0.11158823529411765,0.06,0.008,0.63,1981,3,March
1981-04-30,Chloride,29,81.87931034482759,75.0,17.5,322.0,1981,4,April
1981-04-30,Dissolved oxygen (DO),46,10.493478260869566,10.25,6.6,14.5,1981,4,April
1981-04-30,Kjeldahl nitrogen,37,1.4289189189189189,0.62,0.33,8.36,1981,4,April
1981-04-30,Specific conductance,44,744.6590909090909,690.0,410.0,1750.0,1981,4,April
1981-04-30,"Temperature, water",46,9.869565217391305,10.0,5.0,17.0,1981,4,April
1981-04-30,"Total Phosphorus, mixed forms",48,0.16679166666666667,0.04,0.007,2.94,1981,4,April
1981-05-31,Chloride,35,76.35714285714286,65.0,14.5,218.0,1981,5,May
1981-05-31,Dissolved oxygen (DO),53,9.747169811320756,10.0,5.6,14.0,1981,5,May
1981-05-31,Kjeldahl nitrogen,47,1.1427659574468085,0.79,0.32,7.88,1981,5,May
1981-05-31,Specific conductance,51,681.0,620.0,435.0,1220.0,1981,5,May
1981-05-31,"Temperature, water",53,13.715094339622642,14.8,9.0,19.9,1981,5,May
1981-05-31,"Total Phosphorus, mixed forms",58,0.1327586206896552,0.08499999999999999,0.01,0.84,1981,5,May
1981-06-30,Chloride,45,81.61111111111111,45.5,14.0,293.0,1981,6,June
1981-06-30,Dissolved oxygen (DO),52,7.762499999999999,7.75,3.4,12.2,1981,6,June
1981-06-30,Kjeldahl nitrogen,48,1.1922916666666667,0.87,0.25,10.1,1981,6,June
1981-06-30,Specific conductance,49,713.7755102040817,560.0,295.0,1600.0,1981,6,June
1981-06-30,"Temperature, water",52,19.77692307692308,20.0,15.9,27.0,1981,6,June
1981-06-30,"Total Phosphorus, mixed forms",55,0.21854545454545454,0.14,0.01,1.16,1981,6,June
1981-07-31,Chloride,45,73.31111111111112,43.5,12.5,332.0,1981,7,July
1981-07-31,Dissolved oxygen (DO),53,8.383962264150943,8.8,3.0,13.1,1981,7,July
1981-07-31,Kjeldahl nitrogen,46,0.9639130434782608,0.675,0.32,10.2,1981,7,July
1981-07-31,Specific conductance,49,667.9591836734694,560.0,400.0,1850.0,1981,7,July
1981-07-31,"Temperature, water",54,19.88148148148148,19.7,13.0,27.0,1981,7,July
1981-07-31,"Total Phosphorus, mixed forms",57,0.18526315789473685,0.09,0.01,2.5,1981,7,July
1981-08-31,Chloride,45,77.88888888888889,53.5,12.5,290.0,1981,8,August
1981-08-31,Dissolved oxygen (DO),52,8.440384615384614,8.45,3.8,12.0,1981,8,August
1981-08-31,Kjeldahl nitrogen,49,0.860204081632653,0.52,0.21,11.8,1981,8,August
1981-08-31,Specific conductance,49,704.6938775510204,600.0,440.0,1650.0,1981,8,August
1981-08-31,"Temperature, water",56,19.05,19.0,2.0,22.9,1981,8,August
1981-08-31,"Total Phosphorus, mixed forms",61,0.16950819672131148,0.08,0.01,1.51,1981,8,August
1981-09-30,Chloride,47,81.32978723404256,67.0,11.0,320.0,1981,9,September
1981-09-30,Dissolved oxygen (DO),48,10.830833333333333,10.69,3.6,16.4,1981,9,September
1981-09-30,Kjeldahl nitrogen,47,1.2031914893617022,0.55,0.29,13.9,1981,9,September
1981-09-30,Specific conductance,49,726.0816326530612,620.0,68.0,1800.0,1981,9,September
1981-09-30,"Temperature, water",51,14.196078431372548,14.0,10.5,20.5,1981,9,September
1981-09-30,"Total Phosphorus, mixed forms",53,0.16226415094339622,0.06,0.01,1.52,1981,9,September
1981-10-31,Chloride,37,57.310810810810814,37.0,11.0,245.0,1981,10,October
1981-10-31,Dissolved oxygen (DO),40,9.7125,9.8,5.8,12.7,1981,10,October
1981-10-31,Kjeldahl nitrogen,37,0.75,0.6,0.25,2.8,1981,10,October
1981-10-31,Specific conductance,40,629.125,580.0,255.0,1360.0,1981,10,October
1981-10-31,"Temperature, water",40,6.977500000000001,8.0,-40.0,11.5,1981,10,October
1981-10-31,"Total Phosphorus, mixed forms",46,0.16891304347826086,0.08499999999999999,0.01,1.01,1981,10,October
1981-11-30,Chloride,35,57.457142857142856,44.5,12.0,179.0,1981,11,November
1981-11-30,Dissolved oxygen (DO),36,10.209166666666668,10.9,1.63,15.2,1981,11,November
1981-11-30,Kjeldahl nitrogen,35,0.7080000000000001,0.47,0.31,4.55,1981,11,November
1981-11-30,Specific conductance,37,668.2972972972973,660.0,290.0,1160.0,1981,11,November
1981-11-30,"Temperature, water",37,3.548648648648649,2.9,0.3,9.5,1981,11,November
1981-11-30,"Total Phosphorus, mixed forms",42,0.10392857142857144,0.045,0.007,0.74,1981,11,November
1981-12-31,Chloride,62,89.95161290322581,58.5,14.5,371.0,1981,12,December
1981-12-31,Dissolved oxygen (DO),66,12.271212121212121,12.6,4.0,16.4,1981,12,December
1981-12-31,Kjeldahl nitrogen,61,0.7554098360655738,0.45,0.23,4.25,1981,12,December
1981-12-31,Specific conductance,67,806.7164179104477,720.0,340.0,1800.0,1981,12,December
1981-12-31,"Temperature, water",59,1.9474576271186441,1.8,0.0,6.4,1981,12,December
1981-12-31,"Total Phosphorus, mixed forms",75,0.14543999999999999,0.08,0.009,1.25,1981,12,December
1982-01-31,Chloride,39,132.64102564102564,56.0,13.0,943.0,1982,1,January
1982-01-31,Dissolved oxygen (DO),40,9.2625,10.350000000000001,1.0,13.2,1982,1,January
1982-01-31,Kjeldahl nitrogen,39,1.448205128205128,0.55,0.24,12.5,1982,1,January
1982-01-31,Specific conductance,40,973.75,740.0,445.0,3450.0,1982,1,January
1982-01-31,"Temperature, water",40,0.8550000000000001,0.0,0.0,5.5,1982,1,January
1982-01-31,"Total Phosphorus, mixed forms",42,0.40395238095238095,0.035,0.008,12.5,1982,1,January
1982-02-28,Chloride,54,230.5462962962963,91.5,11.5,2250.0,1982,2,February
1982-02-28,Dissolved oxygen (DO),56,11.276785714285714,12.0,2.6,15.4,1982,2,February
1982-02-28,Kjeldahl nitrogen,54,1.7946296296296296,0.74,0.27,14.8,1982,2,February
1982-02-28,Specific conductance,56,1264.9107142857142,860.0,520.0,7200.0,1982,2,February
1982-02-28,"Temperature, water",56,0.6303571428571428,0.1,0.0,5.0,1982,2,February
1982-02-28,"Total Phosphorus, mixed forms",60,0.17966666666666667,0.1,0.01,1.23,1982,2,February
1982-03-31,Chloride,43,103.46511627906976,63.0,14.5,389.0,1982,3,March
1982-03-31,Dissolved oxygen (DO),48,10.591666666666667,11.4,2.0,14.8,1982,3,March
1982-03-31,Kjeldahl nitrogen,44,1.230909090909091,0.78,0.25,5.3,1982,3,March
1982-03-31,Specific conductance,46,809.3695652173913,660.0,405.0,1810.0,1982,3,March
1982-03-31,"Temperature, water",48,2.245833333333333,2.0,0.0,7.0,1982,3,March
1982-03-31,"Total Phosphorus, mixed forms",57,0.29561403508771933,0.13,0.01,2.3,1982,3,March
1982-04-30,Chloride,62,71.82096774193548,44.6,10.2,305.0,1982,4,April
1982-04-30,Dissolved oxygen (DO),69,10.898550724637682,10.8,6.7,24.4,1982,4,April
1982-04-30,Kjeldahl nitrogen,65,0.9527692307692308,0.58,0.34,4.05,1982,4,April
1982-04-30,Specific conductance,66,632.439393939394,542.5,249.0,1580.0,1982,4,April
1982-04-30,"Temperature, water",68,7.448529411764706,7.95,1.2,16.6,1982,4,April
1982-04-30,"Total Phosphorus, mixed forms",69,0.18565217391304348,0.11,0.01,1.4,1982,4,April
1982-05-31,Chloride,55,9636.845454545455,66.0,10.6,525500.0,1982,5,May
1982-05-31,Dissolved oxygen (DO),61,9.264754098360655,9.2,5.15,13.9,1982,5,May
1982-05-31,Kjeldahl nitrogen,57,1.0624561403508772,0.55,0.33,12.2,1982,5,May
1982-05-31,Specific conductance,59,764.8135593220339,634.0,357.0,2080.0,1982,5,May
1982-05-31,"Temperature, water",61,15.50983606557377,15.5,9.5,22.4,1982,5,May
1982-05-31,"Total Phosphorus, mixed forms",69,0.17344927536231883,0.06,0.008,2.2,1982,5,May
1982-06-30,Chloride,56,73.62142857142858,56.75,9.5,363.0,1982,6,June
1982-06-30,Dissolved oxygen (DO),61,9.044262295081968,9.0,4.2,14.3,1982,6,June
1982-06-30,Kjeldahl nitrogen,56,0.8491071428571428,0.635,0.39,5.5,1982,6,June
1982-06-30,Specific conductance,60,677.9833333333333,631.0,233.0,1620.0,1982,6,June
1982-06-30,"Temperature, water",60,17.138333333333332,17.0,12.0,23.1,1982,6,June
1982-06-30,"Total Phosphorus, mixed forms",64,0.12359375,0.08,0.01,1.28,1982,6,June
1982-07-31,Chloride,39,63.93333333333334,38.8,12.4,385.0,1982,7,July
1982-07-31,Dissolved oxygen (DO),40,8.1675,8.149999999999999,4.0,12.2,1982,7,July
1982-07-31,Kjeldahl nitrogen,38,0.6126315789473684,0.64,0.06,1.13,1982,7,July
1982-07-31,Specific conductance,40,629.75,529.5,213.0,1870.0,1982,7,July
1982-07-31,"Temperature, water",40,22.185,22.0,18.0,27.0,1982,7,July
1982-07-31,"Total Phosphorus, mixed forms",40,0.1345,0.09,0.01,0.78,1982,7,July
1982-08-31,Chloride,70,59.97571428571429,43.9,11.5,369.0,1982,8,August
1982-08-31,Dissolved oxygen (DO),77,7.81038961038961,8.0,2.0,13.4,1982,8,August
1982-08-31,Kjeldahl nitrogen,70,0.663,0.56,0.3,1.5,1982,8,August
1982-08-31,Specific conductance,77,574.987012987013,512.0,194.0,2080.0,1982,8,August
1982-08-31,"Temperature, water",77,19.04025974025974,19.0,13.4,23.9,1982,8,August
1982-08-31,"Total Phosphorus, mixed forms",81,0.1914567901234568,0.14,0.008,1.3,1982,8,August
1982-09-30,Chloride,49,51.679591836734694,47.4,10.8,135.0,1982,9,September
1982-09-30,Dissolved oxygen (DO),52,8.440384615384614,8.45,4.7,12.8,1982,9,September
1982-09-30,Kjeldahl nitrogen,51,0.5229411764705882,0.49,0.28,1.21,1982,9,September
1982-09-30,Specific conductance,50,567.46,550.0,195.0,988.0,1982,9,September
1982-09-30,"Temperature, water",52,17.01153846153846,16.9,9.0,25.0,1982,9,September
1982-09-30,"Total Phosphorus, mixed forms",54,0.11292592592592593,0.05,0.008,1.64,1982,9,September
1982-10-31,Chloride,50,57.53,47.45,11.4,233.0,1982,10,October
1982-10-31,Dissolved oxygen (DO),46,8.769565217391303,8.350000000000001,4.3,15.1,1982,10,October
1982-10-31,Kjeldahl nitrogen,53,0.48660377358490564,0.45,0.06,1.15,1982,10,October
1982-10-31,Specific conductance,54,642.6296296296297,608.5,234.0,1440.0,1982,10,October
1982-10-31,"Temperature, water",46,11.793478260869565,12.75,6.0,16.0,1982,10,October
1982-10-31,"Total Phosphorus, mixed forms",52,0.1106923076923077,0.07,0.008,1.09,1982,10,October
1982-11-30,Chloride,64,48.84375,42.7,11.6,166.0,1982,11,November
1982-11-30,Dissolved oxygen (DO),64,10.209375,9.2,4.2,15.4,1982,11,November
1982-11-30,Kjeldahl nitrogen,65,0.6473846153846153,0.5,0.3,2.17,1982,11,November
1982-11-30,Specific conductance,68,606.3529411764706,586.0,256.0,1120.0,1982,11,November
1982-11-30,"Temperature, water",66,6.660606060606061,6.199999999999999,2.0,13.0,1982,11,November
1982-11-30,"Total Phosphorus, mixed forms",71,0.12402816901408452,0.06,0.007,0.52,1982,11,November
1982-12-31,Chloride,65,86.00615384615384,48.6,12.8,1380.0,1982,12,December
1982-12-31,Dissolved oxygen (DO),66,10.896969696969698,10.8,6.3,14.6,1982,12,December
1982-12-31,Kjeldahl nitrogen,65,0.5101538461538462,0.41,0.19,2.17,1982,12,December
1982-12-31,Specific conductance,69,770.695652173913,636.0,356.0,4690.0,1982,12,December
1982-12-31,"Temperature, water",53,3.337735849056604,2.8,0.2,8.0,1982,12,December
1982-12-31,"Total Phosphorus, mixed forms",71,0.10414084507042254,0.05,0.006,0.66,1982,12,December
1983-01-31,Chloride,50,65.75399999999999,46.6,11.0,375.0,1983,1,January
1983-01-31,Dissolved oxygen (DO),51,11.119607843137254,11.2,6.0,14.2,1983,1,January
1983-01-31,Kjeldahl nitrogen,50,0.5052,0.415,0.25,1.62,1983,1,January
1983-01-31,Specific conductance,51,664.3725490196078,604.0,391.0,1610.0,1983,1,January
1983-01-31,"Temperature, water",51,1.3607843137254902,1.0,0.5,4.0,1983,1,January
1983-01-31,"Total Phosphorus, mixed forms",54,0.09111111111111111,0.05,0.01,0.52,1983,1,January
1983-02-28,Chloride,64,114.478125,47.95,12.8,865.0,1983,2,February
1983-02-28,Dissolved oxygen (DO),68,11.152058823529412,11.149999999999999,7.2,14.1,1983,2,February
1983-02-28,Kjeldahl nitrogen,62,0.6272580645161291,0.45,0.26,3.95,1983,2,February
1983-02-28,Specific conductance,68,834.1764705882352,628.5,403.0,3230.0,1983,2,February
1983-02-28,"Temperature, water",64,1.60625,1.0,0.2,7.2,1983,2,February
1983-02-28,"Total Phosphorus, mixed forms",72,0.10777777777777778,0.04,0.01,0.66,1983,2,February
1983-03-31,Chloride,86,128.2953488372093,50.3,11.4,1315.0,1983,3,March
1983-03-31,Dissolved oxygen (DO),96,10.826041666666667,10.6,6.2,14.4,1983,3,March
1983-03-31,Kjeldahl nitrogen,89,0.529438202247191,0.45,0.25,2.05,1983,3,March
1983-03-31,Specific conductance,94,857.3829787234042,593.0,371.0,4610.0,1983,3,March
1983-03-31,"Temperature, water",91,3.5934065934065935,3.0,0.1,9.0,1983,3,March
1983-03-31,"Total Phosphorus, mixed forms",106,0.11726415094339622,0.05,0.01,1.2,1983,3,March
1983-04-30,Chloride,73,68.55205479452054,48.5,10.2,342.5,1983,4,April
1983-04-30,Dissolved oxygen (DO),77,10.74090909090909,10.9,6.8,15.0,1983,4,April
1983-04-30,Kjeldahl nitrogen,71,0.5080281690140845,0.48,0.32,1.16,1983,4,April
1983-04-30,Specific conductance,86,683.0116279069767,614.0,84.0,1740.0,1983,4,April
1983-04-30,"Temperature, water",76,7.3578947368421055,7.0,3.9,14.2,1983,4,April
1983-04-30,"Total Phosphorus, mixed forms",86,0.07511627906976744,0.05,0.01,0.38,1983,4,April
1983-05-31,Chloride,64,54.196875,36.5,9.2,325.0,1983,5,May
1983-05-31,Dissolved oxygen (DO),64,9.5796875,9.55,5.6,13.8,1983,5,May
1983-05-31,Kjeldahl nitrogen,64,0.6371875,0.53,0.31,3.2,1983,5,May
1983-05-31,Specific conductance,70,599.7142857142857,562.0,362.0,1480.0,1983,5,May
1983-05-31,"Temperature, water",68,12.87794117647059,12.850000000000001,8.0,21.4,1983,5,May
1983-05-31,"Total Phosphorus, mixed forms",71,0.09,0.04,0.01,0.7,1983,5,May
1983-06-30,Chloride,50,48.3182,40.900000000000006,10.4,202.5,1983,6,June
1983-06-30,Dissolved oxygen (DO),52,7.921153846153846,7.85,2.7,11.4,1983,6,June
1983-06-30,Kjeldahl nitrogen,50,0.5844,0.51,0.32,3.5,1983,6,June
1983-06-30,Specific conductance,58,600.2241379310345,556.5,195.0,1278.0,1983,6,June
1983-06-30,"Temperature, water",53,19.124528301886794,18.5,11.0,29.1,1983,6,June
1983-06-30,"Total Phosphorus, mixed forms",55,0.07272727272727272,0.05,0.01,0.32,1983,6,June
1983-07-31,Chloride,64,48.00546875,37.45,0.53,348.0,1983,7,July
1983-07-31,Dissolved oxygen (DO),65,8.625384615384615,8.4,3.0,16.8,1983,7,July
1983-07-31,Kjeldahl nitrogen,63,0.5795238095238094,0.49,0.23,1.8,1983,7,July
1983-07-31,Specific conductance,69,606.0,555.0,207.0,1790.0,1983,7,July
1983-07-31,"Temperature, water",65,22.464615384615385,22.0,15.4,28.5,1983,7,July
1983-07-31,"Total Phosphorus, mixed forms",69,0.11942028985507247,0.07,0.01,1.2,1983,7,July
1983-08-31,Chloride,37,38.259459459459464,37.0,10.7,96.4,1983,8,August
1983-08-31,Dissolved oxygen (DO),55,8.247272727272728,8.0,3.2,13.1,1983,8,August
1983-08-31,Kjeldahl nitrogen,38,0.5371052631578948,0.48,0.2,1.15,1983,8,August
1983-08-31,Specific conductance,57,559.0,527.0,206.0,1800.0,1983,8,August
1983-08-31,"Temperature, water",55,20.827272727272728,21.0,1.0,27.0,1983,8,August
1983-08-31,"Total Phosphorus, mixed forms",40,0.07925,0.07500000000000001,0.01,0.23,1983,8,August
1983-09-30,Chloride,66,61.407575757575756,48.75,11.9,317.0,1983,9,September
1983-09-30,Dissolved oxygen (DO),68,8.794117647058824,9.0,4.5,14.6,1983,9,September
1983-09-30,Kjeldahl nitrogen,65,0.6018461538461538,0.49,0.18,4.55,1983,9,September
1983-09-30,Specific conductance,74,593.472972972973,551.0,210.0,1750.0,1983,9,September
1983-09-30,"Temperature, water",68,18.25735294117647,18.200000000000003,10.0,25.5,1983,9,September
1983-09-30,"Total Phosphorus, mixed forms",74,0.08635135135135136,0.06,0.01,1.1,1983,9,September
1983-10-31,Chloride,32,49.826875,45.25,12.51,128.0,1983,10,October
1983-10-31,Dissolved oxygen (DO),69,8.897101449275363,8.5,5.0,12.4,1983,10,October
1983-10-31,Kjeldahl nitrogen,32,0.65125,0.525,0.26,2.62,1983,10,October
1983-10-31,Specific conductance,72,579.8611111111111,566.0,231.0,1640.0,1983,10,October
1983-10-31,"Temperature, water",65,12.106153846153846,12.0,4.5,18.4,1983,10,October
1983-10-31,"Total Phosphorus, mixed forms",36,0.08583333333333333,0.04,0.01,0.6,1983,10,October
1983-11-30,Chloride,69,73.83608695652174,62.3,11.99,307.9,1983,11,November
1983-11-30,Dissolved oxygen (DO),74,10.216216216216216,10.3,3.8,15.2,1983,11,November
1983-11-30,Kjeldahl nitrogen,68,0.7910294117647059,0.535,0.24,5.85,1983,11,November
1983-11-30,Specific conductance,82,691.780487804878,648.5,273.0,1750.0,1983,11,November
1983-11-30,"Temperature, water",74,6.078378378378378,5.85,2.0,11.5,1983,11,November
1983-11-30,"Total Phosphorus, mixed forms",79,0.09679746835443039,0.05,0.007,0.8,1983,11,November
1983-12-31,Chloride,72,101.71111111111111,71.5,13.06,473.0,1983,12,December
1983-12-31,Dissolved oxygen (DO),75,11.013333333333334,11.6,2.5,14.4,1983,12,December
1983-12-31,Kjeldahl nitrogen,70,0.6271428571428571,0.535,0.23,3.45,1983,12,December
1983-12-31,Specific conductance,83,881.5060240963855,800.0,361.0,1710.0,1983,12,December
1983-12-31,"Temperature, water",79,1.7708860759493672,1.0,0.2,16.3,1983,12,December
1983-12-31,"Total Phosphorus, mixed forms",83,0.09024096385542169,0.06,0.01,0.55,1983,12,December
1984-01-31,Chloride,60,121.60616666666667,72.7,14.23,951.5,1984,1,January
1984-01-31,Dissolved oxygen (DO),63,10.495238095238095,10.6,1.1,15.2,1984,1,January
1984-01-31,Kjeldahl nitrogen,59,1.021864406779661,0.55,0.28,10.9,1984,1,January
1984-01-31,Specific conductance,67,1094.4179104477612,788.0,448.0,5220.0,1984,1,January
1984-01-31,"Temperature, water",29,1.4344827586206896,1.0,0.1,6.0,1984,1,January
1984-01-31,"Total Phosphorus, mixed forms",67,0.0784179104477612,0.04,0.007,0.76,1984,1,January
1984-02-29,Chloride,62,151.16129032258064,70.3,0.53,1838.0,1984,2,February
1984-02-29,Dissolved oxygen (DO),68,10.12794117647059,10.45,4.4,15.8,1984,2,February
1984-02-29,Kjeldahl nitrogen,63,1.1915873015873015,0.84,0.22,6.5,1984,2,February
1984-02-29,Specific conductance,82,906.2926829268292,658.0,34.0,6170.0,1984,2,February
1984-02-29,"Temperature, water",49,2.0816326530612246,1.5,0.1,6.0,1984,2,February
1984-02-29,"Total Phosphorus, mixed forms",82,0.21339024390243905,0.125,0.008,1.39,1984,2,February
1984-03-31,Chloride,67,395.2528358208955,78.7,14.31,3722.5,1984,3,March
1984-03-31,Dissolved oxygen (DO),75,11.0164,11.2,6.9,13.6,1984,3,March
1984-03-31,Kjeldahl nitrogen,68,1.279705882352941,0.575,0.23,15.2,1984,3,March
1984-03-31,Specific conductance,81,1602.6172839506173,766.0,451.0,9680.0,1984,3,March
1984-03-31,"Temperature, water",57,1.936842105263158,1.0,0.2,9.5,1984,3,March
1984-03-31,"Total Phosphorus, mixed forms",81,0.11869135802469137,0.07,0.006,0.77,1984,3,March
1984-04-30,Chloride,70,78.89757142857142,48.135,11.86,376.5,1984,4,April
1984-04-30,Dissolved oxygen (DO),71,10.429577464788732,10.7,3.3,15.2,1984,4,April
1984-04-30,Kjeldahl nitrogen,71,1.0115492957746477,0.46,0.28,22.5,1984,4,April
1984-04-30,Specific conductance,78,740.3205128205128,610.0,380.0,2080.0,1984,4,April
1984-04-30,"Temperature, water",63,9.817460317460318,8.0,4.0,19.1,1984,4,April
1984-04-30,"Total Phosphorus, mixed forms",78,0.05791025641025641,0.04,0.008,0.27,1984,4,April
1984-05-31,Chloride,68,53.40485294117647,46.31,12.3,232.15,1984,5,May
1984-05-31,Dissolved oxygen (DO),72,9.956944444444444,9.8,6.4,15.2,1984,5,May
1984-05-31,Kjeldahl nitrogen,68,0.6851470588235294,0.555,0.3,2.4,1984,5,May
1984-05-31,Specific conductance,74,607.1216216216217,585.5,37.0,1440.0,1984,5,May
1984-05-31,"Temperature, water",72,13.125,12.0,6.5,23.3,1984,5,May
1984-05-31,"Total Phosphorus, mixed forms",74,0.08112162162162162,0.04,0.006,0.45,1984,5,May
1984-06-30,Chloride,63,67.6815873015873,48.71,12.19,307.5,1984,6,June
1984-06-30,Dissolved oxygen (DO),67,7.848507462686568,8.0,2.35,12.3,1984,6,June
1984-06-30,Kjeldahl nitrogen,63,0.7225396825396826,0.59,0.22,3.45,1984,6,June
1984-06-30,Specific conductance,70,671.4,615.0,243.0,1580.0,1984,6,June
1984-06-30,"Temperature, water",67,20.67910447761194,21.0,12.9,30.0,1984,6,June
1984-06-30,"Total Phosphorus, mixed forms",70,0.09485714285714285,0.065,0.01,0.7,1984,6,June
1984-07-31,Chloride,64,69.436875,49.435,11.51,350.5,1984,7,July
1984-07-31,Dissolved oxygen (DO),65,8.803076923076924,8.4,3.8,16.6,1984,7,July
1984-07-31,Kjeldahl nitrogen,65,0.6501538461538461,0.57,0.2,2.95,1984,7,July
1984-07-31,Specific conductance,76,685.2763157894736,607.5,210.0,1910.0,1984,7,July
1984-07-31,"Temperature, water",71,21.301408450704226,21.0,10.0,30.9,1984,7,July
1984-07-31,"Total Phosphorus, mixed forms",75,0.07878666666666666,0.05,0.009,0.42,1984,7,July
1984-08-31,Chloride,63,54.27269841269841,44.85,12.23,329.2,1984,8,August
1984-08-31,Dissolved oxygen (DO),67,7.829850746268657,7.6,3.0,13.8,1984,8,August
1984-08-31,Kjeldahl nitrogen,63,0.7857142857142857,0.62,0.3,6.5,1984,8,August
1984-08-31,Specific conductance,71,573.830985915493,540.0,210.0,1960.0,1984,8,August
1984-08-31,"Temperature, water",72,21.63888888888889,21.95,15.3,30.3,1984,8,August
1984-08-31,"Total Phosphorus, mixed forms",71,0.1236619718309859,0.08,0.01,0.52,1984,8,August
1984-09-30,Chloride,51,55.15235294117647,50.11,13.52,188.15,1984,9,September
1984-09-30,Dissolved oxygen (DO),48,9.03125,9.149999999999999,4.1,12.0,1984,9,September
1984-09-30,Kjeldahl nitrogen,51,0.6166666666666667,0.52,0.34,3.5,1984,9,September
1984-09-30,Specific conductance,54,607.5185185185185,600.0,195.0,1187.0,1984,9,September
1984-09-30,"Temperature, water",50,15.658,16.0,11.5,18.9,1984,9,September
1984-09-30,"Total Phosphorus, mixed forms",54,0.10444444444444445,0.06,0.01,1.02,1984,9,September
1984-10-31,Chloride,64,61.94203125,51.61,13.79,235.2,1984,10,October
1984-10-31,Dissolved oxygen (DO),68,10.884411764705883,10.649999999999999,5.0,19.0,1984,10,October
1984-10-31,Kjeldahl nitrogen,64,0.5084375,0.45,0.12,1.88,1984,10,October
1984-10-31,Specific conductance,70,693.1285714285714,673.5,270.0,1790.0,1984,10,October
1984-10-31,"Temperature, water",67,10.058208955223881,10.1,6.0,13.2,1984,10,October
1984-10-31,"Total Phosphorus, mixed forms",70,0.11928571428571429,0.04,0.006,4.8,1984,10,October
1984-11-30,Chloride,65,60.303384615384616,50.04,13.43,254.9,1984,11,November
1984-11-30,Dissolved oxygen (DO),68,11.43235294117647,11.45,7.4,16.0,1984,11,November
1984-11-30,Kjeldahl nitrogen,65,0.5507692307692307,0.47,0.2,1.8,1984,11,November
1984-11-30,Specific conductance,70,705.3,657.5,320.0,1380.0,1984,11,November
1984-11-30,"Temperature, water",70,2.6971428571428575,2.5,0.0,8.0,1984,11,November
1984-11-30,"Total Phosphorus, mixed forms",70,0.05612857142857143,0.035,0.009,0.37,1984,11,November
1984-12-31,Chloride,64,95.33625,69.07499999999999,12.84,416.8,1984,12,December
1984-12-31,Dissolved oxygen (DO),67,11.028358208955224,10.9,7.2,17.6,1984,12,December
1984-12-31,Kjeldahl nitrogen,64,66.08953125,0.455,0.25,2465.0,1984,12,December
1984-12-31,Specific conductance,68,805.0,722.5,370.0,1790.0,1984,12,December
1984-12-31,"Temperature, water",67,3.3388059701492536,2.0,0.0,19.0,1984,12,December
1984-12-31,"Total Phosphorus, mixed forms",68,0.07236764705882354,0.04,0.006,0.48,1984,12,December
1985-01-31,Chloride,65,161.1136923076923,76.68,15.71,1119.0,1985,1,January
1985-01-31,Dissolved oxygen (DO),64,11.075,11.0,4.1,16.2,1985,1,January
1985-01-31,Kjeldahl nitrogen,65,0.7579999999999999,0.46,0.18,5.8,1985,1,January
1985-01-31,Specific conductance,69,1016.1159420289855,770.0,398.0,4030.0,1985,1,January
1985-01-31,"Temperature, water",62,1.0919354838709678,1.0,0.1,4.5,1985,1,January
1985-01-31,"Total Phosphorus, mixed forms",69,0.051579710144927536,0.03,0.009,0.3,1985,1,January
1985-02-28,Chloride,62,196.93096774193546,77.975,13.35,1654.0,1985,2,February
1985-02-28,Dissolved oxygen (DO),62,10.714516129032257,11.0,3.0,14.2,1985,2,February
1985-02-28,Kjeldahl nitrogen,62,0.7920967741935484,0.6799999999999999,0.24,4.3,1985,2,February
1985-02-28,Specific conductance,73,1065.9178082191781,755.0,360.0,5060.0,1985,2,February
1985-02-28,"Temperature, water",71,1.440845070422535,1.0,0.1,13.0,1985,2,February
1985-02-28,"Total Phosphorus, mixed forms",74,0.11891891891891893,0.09,0.01,0.38,1985,2,February
1985-03-31,Chloride,67,62.68432835820896,46.65,13.9,342.5,1985,3,March
1985-03-31,Dissolved oxygen (DO),71,10.874647887323944,11.4,6.6,15.0,1985,3,March
1985-03-31,Kjeldahl nitrogen,69,0.9028985507246376,0.46,0.29,6.8,1985,3,March
1985-03-31,Specific conductance,85,643.6588235294117,558.0,241.0,2430.0,1985,3,March
1985-03-31,"Temperature, water",89,3.386516853932584,2.0,0.1,14.5,1985,3,March
1985-03-31,"Total Phosphorus, mixed forms",85,0.21352941176470586,0.12,0.01,0.92,1985,3,March
1985-04-30,Chloride,50,75.27199999999999,40.1,11.05,376.8,1985,4,April
1985-04-30,Dissolved oxygen (DO),61,10.555737704918032,10.8,4.9,15.5,1985,4,April
1985-04-30,Kjeldahl nitrogen,58,0.5929310344827586,0.46,0.31,2.58,1985,4,April
1985-04-30,Specific conductance,56,738.5892857142857,565.5,170.0,1970.0,1985,4,April
1985-04-30,"Temperature, water",62,7.367741935483871,6.0,0.5,18.4,1985,4,April
1985-04-30,"Total Phosphorus, mixed forms",62,0.05854838709677419,0.04,0.01,0.2,1985,4,April
1985-05-31,Chloride,68,61.86514705882353,47.05,10.55,234.1,1985,5,May
1985-05-31,Dissolved oxygen (DO),72,9.069444444444445,9.3,4.8,14.8,1985,5,May
1985-05-31,Kjeldahl nitrogen,69,0.5755072463768116,0.52,0.31,1.87,1985,5,May
1985-05-31,Specific conductance,72,643.2222222222222,612.0,348.0,1530.0,1985,5,May
1985-05-31,"Temperature, water",66,15.498484848484848,15.05,5.0,23.9,1985,5,May
1985-05-31,"Total Phosphorus, mixed forms",71,0.04349295774647888,0.03,0.009,0.17,1985,5,May
1985-06-30,Chloride,76,86.55657894736842,65.875,12.55,338.8,1985,6,June
1985-06-30,Dissolved oxygen (DO),82,10.339024390243901,9.7,6.3,18.4,1985,6,June
1985-06-30,Kjeldahl nitrogen,76,0.6506578947368421,0.475,0.3,3.6,1985,6,June
1985-06-30,Specific conductance,87,725.7241379310345,639.0,263.0,1900.0,1985,6,June
1985-06-30,"Temperature, water",80,17.951249999999998,17.55,12.3,25.9,1985,6,June
1985-06-30,"Total Phosphorus, mixed forms",86,0.06998837209302326,0.045,0.009,0.51,1985,6,June
1985-07-31,Chloride,55,58.54,51.8,12.95,224.6,1985,7,July
1985-07-31,Dissolved oxygen (DO),56,7.4375,7.4,3.0,12.2,1985,7,July
1985-07-31,Kjeldahl nitrogen,55,0.7029090909090909,0.61,0.34,2.8,1985,7,July
1985-07-31,Specific conductance,60,574.9333333333333,554.0,220.0,1286.0,1985,7,July
1985-07-31,"Temperature, water",54,20.52777777777778,20.05,7.0,29.0,1985,7,July
1985-07-31,"Total Phosphorus, mixed forms",60,0.11066666666666666,0.07,0.01,0.9,1985,7,July
1985-08-31,Chloride,77,68.7383116883117,54.15,12.7,238.2,1985,8,August
1985-08-31,Dissolved oxygen (DO),75,9.989333333333335,9.0,2.6,19.5,1985,8,August
1985-08-31,Kjeldahl nitrogen,77,0.6898701298701299,0.55,0.21,3.3,1985,8,August
1985-08-31,Specific conductance,87,649.080459770115,614.0,223.0,1430.0,1985,8,August
1985-08-31,"Temperature, water",84,19.54642857142857,19.65,12.5,27.0,1985,8,August
1985-08-31,"Total Phosphorus, mixed forms",86,0.12767441860465117,0.08,0.01,1.35,1985,8,August
1985-09-30,Chloride,39,51.79692307692307,39.06,12.54,178.8,1985,9,September
1985-09-30,Dissolved oxygen (DO),28,7.192857142857143,7.55,3.5,10.8,1985,9,September
1985-09-30,Kjeldahl nitrogen,39,0.601025641025641,0.54,0.35,1.9,1985,9,September
1985-09-30,Specific conductance,43,608.8604651162791,588.0,228.0,1165.0,1985,9,September
1985-09-30,"Temperature, water",38,15.765789473684212,15.0,12.5,21.0,1985,9,September
1985-09-30,"Total Phosphorus, mixed forms",43,0.08458139534883721,0.07,0.007,0.32,1985,9,September
1985-10-31,Chloride,89,68.42101123595506,62.5,0.65,239.15,1985,10,October
1985-10-31,Dissolved oxygen (DO),95,9.635789473684211,10.0,4.6,13.2,1985,10,October
1985-10-31,Kjeldahl nitrogen,91,0.5205494505494506,0.43,0.22,1.38,1985,10,October
1985-10-31,Specific conductance,101,669.9306930693069,651.0,254.0,1400.0,1985,10,October
1985-10-31,"Temperature, water",97,10.881443298969073,10.6,5.5,19.6,1985,10,October
1985-10-31,"Total Phosphorus, mixed forms",101,0.05969306930693069,0.04,0.009,0.65,1985,10,October
1985-11-30,Chloride,66,83.04772727272727,48.5,13.0,948.0,1985,11,November
1985-11-30,Dissolved oxygen (DO),65,11.347692307692308,11.8,7.8,14.0,1985,11,November
1985-11-30,Kjeldahl nitrogen,65,0.6358461538461538,0.48,0.32,1.75,1985,11,November
1985-11-30,Specific conductance,76,715.7105263157895,601.0,299.0,3410.0,1985,11,November
1985-11-30,"Temperature, water",68,3.883823529411765,3.35,0.5,11.0,1985,11,November
1985-11-30,"Total Phosphorus, mixed forms",76,0.11167105263157895,0.05,0.008,0.42,1985,11,November
1985-12-31,Chloride,70,92.43071428571427,57.575,5.15,572.0,1985,12,December
1985-12-31,Dissolved oxygen (DO),72,10.788194444444445,10.8,4.0,13.9,1985,12,December
1985-12-31,Kjeldahl nitrogen,70,0.5385714285714286,0.44,0.3,1.73,1985,12,December
1985-12-31,Specific conductance,76,839.171052631579,690.5,355.0,2230.0,1985,12,December
1985-12-31,"Temperature, water",63,1.5333333333333332,1.5,0.1,5.0,1985,12,December
1985-12-31,"Total Phosphorus, mixed forms",76,0.05206578947368421,0.03,0.009,0.67,1985,12,December
1986-01-31,Chloride,63,127.31111111111112,63.8,8.5,722.0,1986,1,January
1986-01-31,Dissolved oxygen (DO),66,10.256060606060606,10.8,2.1,13.6,1986,1,January
1986-01-31,Kjeldahl nitrogen,63,0.7292063492063492,0.48,0.25,4.35,1986,1,January
1986-01-31,Specific conductance,71,971.6619718309859,712.0,454.0,2830.0,1986,1,January
1986-01-31,"Temperature, water",35,1.1828571428571428,1.0,0.2,4.0,1986,1,January
1986-01-31,"Total Phosphorus, mixed forms",70,0.06392857142857142,0.04,0.006,0.35,1986,1,January
1986-02-28,Chloride,52,252.7605769230769,89.6,19.55,1830.0,1986,2,February
1986-02-28,Dissolved oxygen (DO),55,10.718181818181819,11.0,5.2,13.5,1986,2,February
1986-02-28,Kjeldahl nitrogen,55,0.7025454545454546,0.48,0.24,5.0,1986,2,February
1986-02-28,Specific conductance,61,1377.9016393442623,837.0,515.0,6090.0,1986,2,February
1986-02-28,"Temperature, water",36,1.5,1.0,0.5,3.0,1986,2,February
1986-02-28,"Total Phosphorus, mixed forms",61,0.04963934426229508,0.04,0.008,0.26,1986,2,February
1986-03-31,Chloride,61,84.16311475409836,55.7,10.95,328.0,1986,3,March
1986-03-31,Dissolved oxygen (DO),65,11.446153846153846,11.5,8.5,17.1,1986,3,March
1986-03-31,Kjeldahl nitrogen,61,1.4285245901639345,1.15,0.28,6.15,1986,3,March
1986-03-31,Specific conductance,76,718.0263157894736,546.0,319.0,4090.0,1986,3,March
1986-03-31,"Temperature, water",53,2.188679245283019,1.5,0.8,6.5,1986,3,March
1986-03-31,"Total Phosphorus, mixed forms",77,0.268038961038961,0.19,0.009,1.23,1986,3,March
1986-04-30,Chloride,64,76.44453125,54.7,13.1,373.0,1986,4,April
1986-04-30,Dissolved oxygen (DO),52,10.24423076923077,10.2,7.6,12.8,1986,4,April
1986-04-30,Kjeldahl nitrogen,64,0.60890625,0.505,0.34,2.3,1986,4,April
1986-04-30,Specific conductance,74,732.1621621621622,651.5,351.0,1960.0,1986,4,April
1986-04-30,"Temperature, water",71,9.346478873239437,9.0,1.0,17.5,1986,4,April
1986-04-30,"Total Phosphorus, mixed forms",74,0.04418918918918919,0.03,0.01,0.14,1986,4,April
1986-05-31,Chloride,56,86.425,67.25,12.0,352.0,1986,5,May
1986-05-31,Dissolved oxygen (DO),60,10.35,10.2,6.0,17.8,1986,5,May
1986-05-31,Kjeldahl nitrogen,56,0.6242857142857143,0.595,0.29,1.27,1986,5,May
1986-05-31,Specific conductance,62,734.2903225806451,671.5,307.0,1770.0,1986,5,May
1986-05-31,"Temperature, water",61,15.654098360655738,15.0,9.0,23.0,1986,5,May
1986-05-31,"Total Phosphorus, mixed forms",62,0.04887096774193548,0.04,0.01,0.15,1986,5,May
1986-06-30,Chloride,56,72.60714285714286,65.75,12.5,282.0,1986,6,June
1986-06-30,Dissolved oxygen (DO),43,9.0,9.4,5.6,11.0,1986,6,June
1986-06-30,Kjeldahl nitrogen,56,0.6208928571428572,0.57,0.32,1.15,1986,6,June
1986-06-30,Specific conductance,64,649.171875,613.0,208.0,1510.0,1986,6,June
1986-06-30,"Temperature, water",63,17.414285714285715,16.5,13.0,25.7,1986,6,June
1986-06-30,"Total Phosphorus, mixed forms",64,0.09468750000000001,0.08,0.01,0.44,1986,6,June
1986-07-31,Chloride,68,81.1470588235294,69.25,13.0,390.0,1986,7,July
1986-07-31,Dissolved oxygen (DO),54,8.119444444444444,8.25,3.2,11.2,1986,7,July
1986-07-31,Kjeldahl nitrogen,68,0.5979411764705883,0.54,0.24,1.55,1986,7,July
1986-07-31,Specific conductance,74,683.0405405405405,653.0,204.0,2080.0,1986,7,July
1986-07-31,"Temperature, water",54,18.98333333333333,18.65,12.0,23.5,1986,7,July
1986-07-31,"Total Phosphorus, mixed forms",70,0.07827142857142858,0.05,0.009,0.37,1986,7,July
1986-08-31,Chloride,66,60.53030303030303,51.25,2.5,235.0,1986,8,August
1986-08-31,Dissolved oxygen (DO),53,8.00377358490566,8.3,2.2,10.8,1986,8,August
1986-08-31,Kjeldahl nitrogen,66,0.7762121212121211,0.625,0.29,7.8,1986,8,August
1986-08-31,Specific conductance,72,580.5416666666666,568.5,220.0,1550.0,1986,8,August
1986-08-31,"Temperature, water",70,18.734285714285715,18.95,13.0,23.5,1986,8,August
1986-08-31,"Total Phosphorus, mixed forms",72,0.12618055555555557,0.09,0.007,1.56,1986,8,August
1986-09-30,Chloride,70,36.3,30.25,11.0,130.0,1986,9,September
1986-09-30,Dissolved oxygen (DO),72,9.068055555555555,9.0,3.0,20.0,1986,9,September
1986-09-30,Kjeldahl nitrogen,58,0.7767241379310345,0.65,0.3,2.3,1986,9,September
1986-09-30,Specific conductance,75,501.0933333333333,457.0,132.0,4744.0,1986,9,September
1986-09-30,"Temperature, water",75,14.842666666666668,15.0,9.0,20.5,1986,9,September
1986-09-30,"Total Phosphorus, mixed forms",69,0.21968115942028985,0.12,0.008,0.9,1986,9,September
1986-10-31,Chloride,67,54.55223880597015,41.0,12.5,198.0,1986,10,October
1986-10-31,Dissolved oxygen (DO),71,8.18281690140845,8.7,4.95,12.4,1986,10,October
1986-10-31,Kjeldahl nitrogen,68,0.6926470588235294,0.6,0.37,2.9,1986,10,October
1986-10-31,Specific conductance,74,655.6756756756756,622.5,330.0,1263.0,1986,10,October
1986-10-31,"Temperature, water",78,10.675641025641026,11.0,2.0,18.0,1986,10,October
1986-10-31,"Total Phosphorus, mixed forms",57,0.07859649122807018,0.06,0.01,0.22,1986,10,October
1986-11-30,Chloride,61,70.43442622950819,58.5,14.5,198.0,1986,11,November
1986-11-30,Dissolved oxygen (DO),65,11.811076923076923,12.12,2.0,15.1,1986,11,November
1986-11-30,Kjeldahl nitrogen,61,0.6303278688524591,0.44,0.22,2.85,1986,11,November
1986-11-30,Specific conductance,66,719.9242424242424,675.5,332.0,1520.0,1986,11,November
1986-11-30,"Temperature, water",63,3.049206349206349,3.2,0.0,7.0,1986,11,November
1986-11-30,"Total Phosphorus, mixed forms",62,0.10725806451612904,0.03,0.01,1.08,1986,11,November
1986-12-31,Chloride,64,284.384375,76.25,12.0,2280.0,1986,12,December
1986-12-31,Dissolved oxygen (DO),71,12.44887323943662,12.2,7.9,15.8,1986,12,December
1986-12-31,Kjeldahl nitrogen,63,1.1844444444444444,0.45,0.13,26.8,1986,12,December
1986-12-31,Specific conductance,71,1440.0985915492959,762.0,374.0,7560.0,1986,12,December
1986-12-31,"Temperature, water",56,1.3857142857142857,1.0,-0.5,18.0,1986,12,December
1986-12-31,"Total Phosphorus, mixed forms",71,0.05661971830985915,0.04,0.01,0.43,1986,12,December
1987-01-31,Chloride,47,112.9531914893617,60.5,13.0,941.0,1987,1,January
1987-01-31,Dissolved oxygen (DO),49,11.924489795918367,12.4,4.0,16.0,1987,1,January
1987-01-31,Kjeldahl nitrogen,46,0.42782608695652175,0.36,0.16,1.65,1987,1,January
1987-01-31,Specific conductance,50,909.04,716.5,7.0,4020.0,1987,1,January
1987-01-31,"Temperature, water",34,1.2058823529411764,0.95,0.1,4.5,1987,1,January
1987-01-31,"Total Phosphorus, mixed forms",38,0.04944736842105263,0.03,0.009,0.31,1987,1,January
1987-02-28,Chloride,65,137.90461538461537,79.5,13.5,633.0,1987,2,February
1987-02-28,Dissolved oxygen (DO),69,12.656521739130435,12.7,6.9,18.2,1987,2,February
1987-02-28,Kjeldahl nitrogen,65,0.5481538461538462,0.44,0.2,1.9,1987,2,February
1987-02-28,Specific conductance,71,992.1971830985915,810.0,514.0,2670.0,1987,2,February
1987-02-28,"Temperature, water",62,1.3290322580645162,1.0,0.1,4.6,1987,2,February
1987-02-28,"Total Phosphorus, mixed forms",65,0.04707692307692308,0.03,0.01,0.25,1987,2,February
1987-03-31,Chloride,64,81.34609375,58.75,9.05,295.0,1987,3,March
1987-03-31,Dissolved oxygen (DO),65,11.707692307692307,11.8,6.5,17.0,1987,3,March
1987-03-31,Kjeldahl nitrogen,63,0.6953968253968255,0.47,0.25,2.8,1987,3,March
1987-03-31,Specific conductance,74,711.7567567567568,644.0,321.0,1470.0,1987,3,March
1987-03-31,"Temperature, water",65,4.030769230769231,3.0,0.2,10.2,1987,3,March
1987-03-31,"Total Phosphorus, mixed forms",71,0.060563380281690136,0.04,0.01,0.42,1987,3,March
1987-04-30,Chloride,84,111.86785714285713,65.5,12.1,1200.0,1987,4,April
1987-04-30,Dissolved oxygen (DO),91,10.834285714285715,10.8,8.3,14.29,1987,4,April
1987-04-30,Kjeldahl nitrogen,84,0.5510714285714285,0.46,0.24,1.61,1987,4,April
1987-04-30,Specific conductance,91,788.9010989010989,654.0,372.0,3960.0,1987,4,April
1987-04-30,"Temperature, water",86,9.470930232558139,9.25,3.5,15.8,1987,4,April
1987-04-30,"Total Phosphorus, mixed forms",89,0.04707865168539326,0.03,0.01,0.2,1987,4,April
1987-05-31,Chloride,63,76.32380952380952,71.5,12.45,250.0,1987,5,May
1987-05-31,Dissolved oxygen (DO),67,9.030895522388061,9.3,4.4,13.8,1987,5,May
1987-05-31,Kjeldahl nitrogen,63,0.6373015873015873,0.5,0.13,1.56,1987,5,May
1987-05-31,Specific conductance,68,696.1176470588235,655.5,352.0,1490.0,1987,5,May
1987-05-31,"Temperature, water",67,15.707462686567165,15.0,9.0,27.2,1987,5,May
1987-05-31,"Total Phosphorus, mixed forms",64,0.06328125,0.04,0.01,0.32,1987,5,May
1987-06-30,Chloride,76,84.54276315789474,65.75,12.1,680.0,1987,6,June
1987-06-30,Dissolved oxygen (DO),81,8.048148148148147,7.8,4.9,14.2,1987,6,June
1987-06-30,Kjeldahl nitrogen,75,0.6001333333333333,0.54,0.27,1.75,1987,6,June
1987-06-30,Specific conductance,82,670.5365853658536,618.0,258.0,1890.0,1987,6,June
1987-06-30,"Temperature, water",89,20.589887640449437,21.0,11.5,27.0,1987,6,June
1987-06-30,"Total Phosphorus, mixed forms",78,0.07846153846153846,0.06,0.01,0.76,1987,6,June
1987-07-31,Chloride,65,61.91692307692308,49.55,11.9,325.0,1987,7,July
1987-07-31,Dissolved oxygen (DO),91,8.12857142857143,8.2,4.3,12.5,1987,7,July
1987-07-31,Kjeldahl nitrogen,65,0.6666153846153846,0.54,0.23,2.5,1987,7,July
1987-07-31,Specific conductance,87,555.9310344827586,517.0,220.0,1790.0,1987,7,July
1987-07-31,"Temperature, water",91,20.60879120879121,20.1,8.7,41.0,1987,7,July
1987-07-31,"Total Phosphorus, mixed forms",63,0.17682539682539683,0.1,0.01,1.97,1987,7,July
1987-08-31,Chloride,55,74.4090909090909,71.0,11.75,273.0,1987,8,August
1987-08-31,Dissolved oxygen (DO),64,9.2640625,8.6,4.2,17.2,1987,8,August
1987-08-31,Kjeldahl nitrogen,49,0.5004081632653061,0.46,0.29,1.01,1987,8,August
1987-08-31,Specific conductance,67,632.9701492537314,613.0,233.0,1370.0,1987,8,August
1987-08-31,"Temperature, water",67,19.48805970149254,19.5,7.5,27.8,1987,8,August
1987-08-31,"Total Phosphorus, mixed forms",53,0.06735849056603774,0.06,0.01,0.2,1987,8,August
1987-09-30,Chloride,53,60.66320754716981,51.5,11.95,330.0,1987,9,September
1987-09-30,Dissolved oxygen (DO),66,8.436363636363636,8.350000000000001,4.9,13.8,1987,9,September
1987-09-30,Kjeldahl nitrogen,52,0.5709615384615385,0.5,0.19,1.9,1987,9,September
1987-09-30,Specific conductance,66,582.560606060606,526.5,256.0,1800.0,1987,9,September
1987-09-30,"Temperature, water",67,15.398507462686569,15.0,9.0,32.0,1987,9,September
1987-09-30,"Total Phosphorus, mixed forms",53,0.08018867924528301,0.06,0.01,0.92,1987,9,September
1987-10-31,Chloride,55,61.70272727272727,55.0,16.1,335.0,1987,10,October
1987-10-31,Dissolved oxygen (DO),55,10.681818181818182,11.0,6.5,13.5,1987,10,October
1987-10-31,Kjeldahl nitrogen,55,0.5912727272727272,0.46,0.21,2.9,1987,10,October
1987-10-31,Specific conductance,58,632.3275862068965,604.0,293.0,1760.0,1987,10,October
1987-10-31,"Temperature, water",58,7.7379310344827585,7.0,3.0,14.0,1987,10,October
1987-10-31,"Total Phosphorus, mixed forms",48,0.093125,0.04,0.01,1.56,1987,10,October
1987-11-30,Chloride,65,84.23384615384614,78.1,13.6,366.0,1987,11,November
1987-11-30,Dissolved oxygen (DO),71,10.929014084507044,10.8,4.65,14.5,1987,11,November
1987-11-30,Kjeldahl nitrogen,66,0.5954545454545455,0.53,0.24,1.68,1987,11,November
1987-11-30,Specific conductance,71,692.2112676056338,654.0,327.0,1490.0,1987,11,November
1987-11-30,"Temperature, water",71,4.678873239436619,4.0,0.8,10.8,1987,11,November
1987-11-30,"Total Phosphorus, mixed forms",66,0.09303030303030303,0.055,0.01,0.82,1987,11,November
1987-12-31,Chloride,54,143.35,93.05,19.6,720.0,1987,12,December
1987-12-31,Dissolved oxygen (DO),56,12.000892857142857,12.15,7.1,15.2,1987,12,December
1987-12-31,Kjeldahl nitrogen,55,0.7387272727272728,0.52,0.33,7.1,1987,12,December
1987-12-31,Specific conductance,56,889.0535714285714,781.0,361.0,2490.0,1987,12,December
1987-12-31,"Temperature, water",46,2.4347826086956523,2.0,0.1,18.0,1987,12,December
1987-12-31,"Total Phosphorus, mixed forms",53,0.07547169811320754,0.05,0.01,0.46,1987,12,December
1988-01-31,Chloride,65,128.71076923076924,86.9,14.0,863.0,1988,1,January
1988-01-31,Dissolved oxygen (DO),67,11.526119402985074,12.0,7.2,18.0,1988,1,January
1988-01-31,Kjeldahl nitrogen,65,0.96,0.63,0.3,6.45,1988,1,January
1988-01-31,Specific conductance,70,865.1428571428571,726.5,334.0,3190.0,1988,1,January
1988-01-31,"Temperature, water",49,2.0142857142857142,1.5,0.1,12.0,1988,1,January
1988-01-31,"Total Phosphorus, mixed forms",68,0.12220588235294118,0.05,0.01,0.68,1988,1,January
1988-02-29,Chloride,47,173.36808510638298,92.9,13.8,966.0,1988,2,February
1988-02-29,Dissolved oxygen (DO),51,10.349019607843136,11.4,3.1,14.3,1988,2,February
1988-02-29,Kjeldahl nitrogen,49,1.0397959183673469,0.67,0.24,5.35,1988,2,February
1988-02-29,Specific conductance,51,1039.1176470588234,807.0,379.0,3350.0,1988,2,February
1988-02-29,"Temperature, water",33,1.0363636363636364,1.0,0.1,2.0,1988,2,February
1988-02-29,"Total Phosphorus, mixed forms",50,0.08779999999999999,0.04,0.01,1.0,1988,2,February
1988-03-31,Chloride,64,114.01875,79.15,10.7,935.0,1988,3,March
1988-03-31,Dissolved oxygen (DO),63,11.800793650793652,12.2,2.0,17.5,1988,3,March
1988-03-31,Kjeldahl nitrogen,62,1.1174193548387097,0.725,0.32,10.5,1988,3,March
1988-03-31,Specific conductance,68,792.7794117647059,672.0,388.0,3180.0,1988,3,March
1988-03-31,"Temperature, water",47,2.374468085106383,1.5,0.1,9.5,1988,3,March
1988-03-31,"Total Phosphorus, mixed forms",66,0.18318181818181817,0.07,0.01,2.09,1988,3,March
1988-04-30,Chloride,51,73.7764705882353,59.4,13.0,224.0,1988,4,April
1988-04-30,Dissolved oxygen (DO),59,10.344067796610169,10.6,5.5,13.2,1988,4,April
1988-04-30,Kjeldahl nitrogen,53,0.6381132075471698,0.52,0.33,1.8,1988,4,April
1988-04-30,Specific conductance,60,704.3666666666667,686.5,387.0,1267.0,1988,4,April
1988-04-30,"Temperature, water",60,7.5633333333333335,7.5,2.0,13.0,1988,4,April
1988-04-30,"Total Phosphorus, mixed forms",57,0.060526315789473685,0.04,0.01,0.32,1988,4,April
1988-05-31,Chloride,67,88.59850746268657,75.4,12.0,349.0,1988,5,May
1988-05-31,Dissolved oxygen (DO),75,9.154666666666667,9.0,5.8,16.2,1988,5,May
1988-05-31,Kjeldahl nitrogen,66,0.7093939393939394,0.66,0.31,1.45,1988,5,May
1988-05-31,Specific conductance,78,722.3076923076923,715.5,357.0,1700.0,1988,5,May
1988-05-31,"Temperature, water",77,16.283116883116882,15.2,6.0,28.0,1988,5,May
1988-05-31,"Total Phosphorus, mixed forms",74,0.10554054054054055,0.05,0.01,1.4,1988,5,May
1988-06-30,Chloride,61,86.30655737704917,71.1,12.8,334.0,1988,6,June
1988-06-30,Dissolved oxygen (DO),70,8.732857142857142,8.6,3.6,14.2,1988,6,June
1988-06-30,Kjeldahl nitrogen,60,0.6883333333333332,0.64,0.31,2.15,1988,6,June
1988-06-30,Specific conductance,76,741.4342105263158,703.5,273.0,1860.0,1988,6,June
1988-06-30,"Temperature, water",75,19.528,20.0,7.0,25.5,1988,6,June
1988-06-30,"Total Phosphorus, mixed forms",70,0.1367142857142857,0.05,0.01,4.13,1988,6,June
1988-07-31,Chloride,66,68.7439393939394,57.8,12.7,371.0,1988,7,July
1988-07-31,Dissolved oxygen (DO),70,8.442857142857143,8.1,2.1,15.2,1988,7,July
1988-07-31,Kjeldahl nitrogen,69,0.731304347826087,0.67,0.16,1.6,1988,7,July
1988-07-31,Specific conductance,76,625.0921052631579,561.5,236.0,1900.0,1988,7,July
1988-07-31,"Temperature, water",75,22.098666666666666,22.0,15.5,30.0,1988,7,July
1988-07-31,"Total Phosphorus, mixed forms",74,0.09351351351351352,0.07,0.01,0.36,1988,7,July
1988-08-31,Chloride,47,72.68936170212766,71.2,12.7,294.0,1988,8,August
1988-08-31,Dissolved oxygen (DO),44,7.132272727272727,7.4,3.0,11.2,1988,8,August
1988-08-31,Kjeldahl nitrogen,35,0.7588571428571428,0.59,0.29,4.33,1988,8,August
1988-08-31,Specific conductance,48,627.3541666666666,644.0,239.0,1670.0,1988,8,August
1988-08-31,"Temperature, water",46,20.171739130434784,21.0,13.0,25.0,1988,8,August
1988-08-31,"Total Phosphorus, mixed forms",34,0.1111764705882353,0.06,0.01,0.97,1988,8,August
1988-09-30,Chloride,68,71.21323529411765,60.15,16.0,273.0,1988,9,September
1988-09-30,Dissolved oxygen (DO),64,8.2415625,7.8,5.5,12.5,1988,9,September
1988-09-30,Kjeldahl nitrogen,67,0.5956716417910447,0.5,0.26,1.51,1988,9,September
1988-09-30,Specific conductance,70,627.4142857142857,573.0,237.0,1560.0,1988,9,September
1988-09-30,"Temperature, water",70,16.075714285714284,16.5,8.0,24.5,1988,9,September
1988-09-30,"Total Phosphorus, mixed forms",61,0.1101639344262295,0.04,0.01,1.39,1988,9,September
1988-10-31,Chloride,72,68.1888888888889,63.400000000000006,15.4,220.0,1988,10,October
1988-10-31,Dissolved oxygen (DO),71,10.443098591549296,10.8,6.7,14.2,1988,10,October
1988-10-31,Kjeldahl nitrogen,73,0.5032876712328768,0.45,0.21,1.31,1988,10,October
1988-10-31,Specific conductance,74,645.2297297297297,623.0,276.0,1273.0,1988,10,October
1988-10-31,"Temperature, water",75,9.022666666666668,8.8,3.0,14.5,1988,10,October
1988-10-31,"Total Phosphorus, mixed forms",71,0.05352112676056338,0.04,0.01,0.23,1988,10,October
1988-11-30,Chloride,63,65.22539682539683,63.4,15.2,188.0,1988,11,November
1988-11-30,Dissolved oxygen (DO),58,10.329310344827586,10.2,7.2,14.6,1988,11,November
1988-11-30,Kjeldahl nitrogen,63,0.5093650793650794,0.45,0.29,1.29,1988,11,November
1988-11-30,Specific conductance,64,654.046875,644.5,297.0,1133.0,1988,11,November
1988-11-30,"Temperature, water",63,4.750793650793651,4.5,0.5,9.5,1988,11,November
1988-11-30,"Total Phosphorus, mixed forms",55,0.04272727272727273,0.03,0.01,0.19,1988,11,November
1988-12-31,Chloride,51,209.72549019607843,107.0,13.6,2850.0,1988,12,December
1988-12-31,Dissolved oxygen (DO),49,11.883673469387753,11.8,7.8,15.8,1988,12,December
1988-12-31,Kjeldahl nitrogen,52,0.8782692307692308,0.575,0.2,5.7,1988,12,December
1988-12-31,Specific conductance,53,1101.433962264151,827.0,351.0,8590.0,1988,12,December
1988-12-31,"Temperature, water",33,1.6696969696969697,1.0,0.1,6.0,1988,12,December
1988-12-31,"Total Phosphorus, mixed forms",42,0.08476190476190476,0.035,0.01,1.24,1988,12,December
1989-01-31,Chloride,51,172.40588235294118,98.5,19.7,1200.0,1989,1,January
1989-01-31,Dissolved oxygen (DO),51,10.464705882352941,10.3,4.0,14.0,1989,1,January
1989-01-31,Kjeldahl nitrogen,51,1.1168627450980393,0.61,0.28,13.0,1989,1,January
1989-01-31,Specific conductance,52,980.2884615384615,801.0,466.0,3950.0,1989,1,January
1989-01-31,"Temperature, water",38,1.2552631578947369,1.0,0.1,7.0,1989,1,January
1989-01-31,"Total Phosphorus, mixed forms",52,0.07903846153846154,0.04,0.01,0.96,1989,1,January
1989-02-28,Chloride,46,274.6217391304348,190.5,18.0,1100.0,1989,2,February
1989-02-28,Dissolved oxygen (DO),39,11.425641025641026,11.4,5.6,15.0,1989,2,February
1989-02-28,Kjeldahl nitrogen,46,1.213695652173913,0.655,0.38,6.75,1989,2,February
1989-02-28,Specific conductance,47,1442.5744680851064,1053.0,4.0,8140.0,1989,2,February
1989-02-28,"Temperature, water",33,1.7969696969696969,2.0,0.5,4.0,1989,2,February
1989-02-28,"Total Phosphorus, mixed forms",45,0.074,0.03,0.01,0.46,1989,2,February
1989-03-31,Chloride,58,251.68793103448274,142.0,19.8,1230.0,1989,3,March
1989-03-31,Dissolved oxygen (DO),45,10.016222222222222,10.4,4.4,14.2,1989,3,March
1989-03-31,Kjeldahl nitrogen,60,2.152833333333333,1.435,0.47,7.6,1989,3,March
1989-03-31,Specific conductance,60,1226.9833333333333,954.0,337.0,4140.0,1989,3,March
1989-03-31,"Temperature, water",33,2.512121212121212,1.0,0.1,9.6,1989,3,March
1989-03-31,"Total Phosphorus, mixed forms",60,0.21383333333333335,0.09,0.01,1.67,1989,3,March
1989-04-30,Chloride,68,129.4,116.0,23.7,372.0,1989,4,April
1989-04-30,Dissolved oxygen (DO),50,10.794,11.2,7.5,13.4,1989,4,April
1989-04-30,Kjeldahl nitrogen,67,0.8864179104477612,0.71,0.32,3.05,1989,4,April
1989-04-30,Specific conductance,72,864.1805555555555,829.0,366.0,1710.0,1989,4,April
1989-04-30,"Temperature, water",55,6.5,6.0,1.5,14.0,1989,4,April
1989-04-30,"Total Phosphorus, mixed forms",72,0.07861111111111112,0.04,0.01,0.43,1989,4,April
1989-05-31,Chloride,50,98.14399999999999,93.4,21.6,270.0,1989,5,May
1989-05-31,Dissolved oxygen (DO),42,9.817142857142857,9.7,6.0,14.0,1989,5,May
1989-05-31,Kjeldahl nitrogen,49,0.8371428571428571,0.64,0.36,3.23,1989,5,May
1989-05-31,Specific conductance,51,784.156862745098,773.0,370.0,1610.0,1989,5,May
1989-05-31,"Temperature, water",42,13.985714285714286,13.95,5.0,21.0,1989,5,May
1989-05-31,"Total Phosphorus, mixed forms",52,0.06288461538461539,0.03,0.01,0.35,1989,5,May
1989-06-30,Chloride,65,77.26153846153846,70.9,9.2,257.0,1989,6,June
1989-06-30,Dissolved oxygen (DO),56,7.908035714285715,8.175,5.4,11.5,1989,6,June
1989-06-30,Kjeldahl nitrogen,65,1.0043076923076923,0.7,0.37,4.3,1989,6,June
1989-06-30,Specific conductance,66,669.7727272727273,655.0,278.0,1530.0,1989,6,June
1989-06-30,"Temperature, water",55,17.714545454545455,17.0,11.5,23.1,1989,6,June
1989-06-30,"Total Phosphorus, mixed forms",66,0.2127272727272727,0.06,0.01,2.28,1989,6,June
1989-07-31,Chloride,60,98.445,105.5,7.9,324.0,1989,7,July
1989-07-31,Dissolved oxygen (DO),51,8.395294117647058,8.4,4.0,16.0,1989,7,July
1989-07-31,Kjeldahl nitrogen,60,0.8204999999999999,0.635,0.35,6.3,1989,7,July
1989-07-31,Specific conductance,61,750.639344262295,747.0,237.0,1790.0,1989,7,July
1989-07-31,"Temperature, water",51,21.14509803921569,21.5,12.5,27.8,1989,7,July
1989-07-31,"Total Phosphorus, mixed forms",61,0.09622950819672131,0.04,0.01,1.25,1989,7,July
1989-08-31,Chloride,64,84.06875,88.1,11.3,319.0,1989,8,August
1989-08-31,Dissolved oxygen (DO),52,8.000384615384615,8.004999999999999,4.3,11.7,1989,8,August
1989-08-31,Kjeldahl nitrogen,64,0.69640625,0.6,0.34,3.63,1989,8,August
1989-08-31,Specific conductance,65,668.5538461538462,697.0,7.0,1530.0,1989,8,August
1989-08-31,"Temperature, water",53,17.918867924528303,18.0,12.0,24.3,1989,8,August
1989-08-31,"Total Phosphorus, mixed forms",65,0.072,0.06,0.01,0.66,1989,8,August
1989-09-30,Chloride,54,84.07407407407408,80.6,23.0,363.0,1989,9,September
1989-09-30,Dissolved oxygen (DO),47,7.948936170212766,7.6,3.5,17.9,1989,9,September
1989-09-30,Kjeldahl nitrogen,54,0.6509259259259259,0.56,0.23,2.2,1989,9,September
1989-09-30,Specific conductance,55,698.8181818181819,652.0,257.0,2010.0,1989,9,September
1989-09-30,"Temperature, water",46,13.200000000000001,14.0,4.5,19.0,1989,9,September
1989-09-30,"Total Phosphorus, mixed forms",52,0.07461538461538463,0.05,0.01,0.63,1989,9,September
1989-10-31,Chloride,50,74.984,55.900000000000006,13.6,334.0,1989,10,October
1989-10-31,Dissolved oxygen (DO),48,9.940208333333333,9.7,6.0,15.8,1989,10,October
1989-10-31,Kjeldahl nitrogen,49,0.6877551020408164,0.53,0.3,2.55,1989,10,October
1989-10-31,Specific conductance,51,678.5686274509804,616.0,278.0,1920.0,1989,10,October
1989-10-31,"Temperature, water",50,6.072,6.0,2.5,12.0,1989,10,October
1989-10-31,"Total Phosphorus, mixed forms",46,0.08652173913043479,0.04,0.01,0.92,1989,10,October
1989-11-30,Chloride,58,73.7655172413793,57.05,21.8,336.0,1989,11,November
1989-11-30,Dissolved oxygen (DO),50,12.161800000000001,10.8,5.4,78.8,1989,11,November
1989-11-30,Kjeldahl nitrogen,58,0.8151724137931035,0.735,0.3,2.4,1989,11,November
1989-11-30,Specific conductance,59,657.5254237288135,578.0,301.0,1870.0,1989,11,November
1989-11-30,"Temperature, water",50,4.398,4.4,0.3,10.0,1989,11,November
1989-11-30,"Total Phosphorus, mixed forms",56,0.13875,0.08,0.01,0.81,1989,11,November
1989-12-31,Chloride,44,146.3318181818182,97.45,25.7,763.0,1989,12,December
1989-12-31,Dissolved oxygen (DO),41,12.063414634146342,12.2,6.6,16.4,1989,12,December
1989-12-31,Kjeldahl nitrogen,44,0.8052272727272727,0.52,0.33,4.4,1989,12,December
1989-12-31,Specific conductance,45,990.0222222222222,810.0,412.0,2970.0,1989,12,December
1989-12-31,"Temperature, water",23,1.1043478260869564,1.0,0.5,3.0,1989,12,December
1989-12-31,"Total Phosphorus, mixed forms",39,0.052820512820512824,0.03,0.01,0.25,1989,12,December
1990-01-31,Chloride,33,458.0151515151515,156.0,3.3,2190.0,1990,1,January
1990-01-31,Dissolved oxygen (DO),24,12.479166666666666,12.75,7.5,14.2,1990,1,January
1990-01-31,Kjeldahl nitrogen,33,3.701212121212121,3.45,0.4,16.5,1990,1,January
1990-01-31,Specific conductance,34,1782.7941176470588,926.0,320.0,6880.0,1990,1,January
1990-01-31,"Temperature, water",23,1.3,1.0,0.4,2.5,1990,1,January
1990-01-31,"Total Phosphorus, mixed forms",33,0.37606060606060604,0.27,0.02,1.48,1990,1,January
1990-02-28,Chloride,43,297.64651162790693,112.0,23.3,1520.0,1990,2,February
1990-02-28,Dissolved oxygen (DO),28,12.953571428571427,13.149999999999999,10.0,15.2,1990,2,February
1990-02-28,Kjeldahl nitrogen,44,1.3690909090909091,0.8049999999999999,0.38,5.6,1990,2,February
1990-02-28,Specific conductance,45,1390.0222222222221,829.0,469.0,5100.0,1990,2,February
1990-02-28,"Temperature, water",35,1.7285714285714286,1.3,0.1,5.0,1990,2,February
1990-02-28,"Total Phosphorus, mixed forms",45,0.10911111111111112,0.07,0.01,0.66,1990,2,February
1990-03-31,Chloride,54,132.4388888888889,82.05,12.4,526.0,1990,3,March
1990-03-31,Dissolved oxygen (DO),41,11.266341463414635,11.4,7.0,16.0,1990,3,March
1990-03-31,Kjeldahl nitrogen,54,1.2435185185185187,0.865,0.36,3.9,1990,3,March
1990-03-31,Specific conductance,55,824.4363636363636,722.0,281.0,2070.0,1990,3,March
1990-03-31,"Temperature, water",41,3.5878048780487806,3.1,1.5,8.0,1990,3,March
1990-03-31,"Total Phosphorus, mixed forms",55,0.21127272727272728,0.07,0.02,1.32,1990,3,March
1990-04-30,Chloride,66,105.77424242424243,89.95,23.2,498.0,1990,4,April
1990-04-30,Dissolved oxygen (DO),55,10.463636363636363,10.6,4.6,13.2,1990,4,April
1990-04-30,Kjeldahl nitrogen,66,0.6221212121212122,0.565,0.14,1.47,1990,4,April
1990-04-30,Specific conductance,67,776.0149253731344,716.0,392.0,1650.0,1990,4,April
1990-04-30,"Temperature, water",59,6.520338983050848,5.2,0.5,21.9,1990,4,April
1990-04-30,"Total Phosphorus, mixed forms",65,0.05292307692307692,0.03,0.01,0.69,1990,4,April
1990-05-31,Chloride,65,87.94000000000001,90.2,14.0,317.0,1990,5,May
1990-05-31,Dissolved oxygen (DO),55,9.538181818181819,9.6,6.4,11.9,1990,5,May
1990-05-31,Kjeldahl nitrogen,65,0.7303076923076923,0.67,0.29,1.73,1990,5,May
1990-05-31,Specific conductance,66,722.6363636363636,710.0,247.0,2240.0,1990,5,May
1990-05-31,"Temperature, water",56,12.008928571428571,12.0,7.0,17.0,1990,5,May
1990-05-31,"Total Phosphorus, mixed forms",66,0.08060606060606061,0.05,0.01,0.42,1990,5,May
1990-06-30,Chloride,48,86.34375,79.19999999999999,4.4,263.0,1990,6,June
1990-06-30,Dissolved oxygen (DO),43,8.567441860465117,8.3,6.0,11.4,1990,6,June
1990-06-30,Kjeldahl nitrogen,52,0.7951923076923078,0.71,0.35,1.9,1990,6,June
1990-06-30,Specific conductance,54,711.2962962962963,719.5,294.0,1257.0,1990,6,June
1990-06-30,"Temperature, water",48,16.404166666666665,16.25,1.8,24.0,1990,6,June
1990-06-30,"Total Phosphorus, mixed forms",54,0.08351851851851852,0.045,0.01,0.44,1990,6,June
1990-07-31,Chloride,57,80.57368421052631,72.5,14.6,313.0,1990,7,July
1990-07-31,Dissolved oxygen (DO),52,8.51423076923077,8.2,5.0,14.8,1990,7,July
1990-07-31,Kjeldahl nitrogen,63,0.6607936507936508,0.62,0.35,1.3,1990,7,July
1990-07-31,Specific conductance,63,669.7142857142857,611.0,265.0,1780.0,1990,7,July
1990-07-31,"Temperature, water",54,18.553703703703704,18.0,12.0,24.2,1990,7,July
1990-07-31,"Total Phosphorus, mixed forms",63,0.0680952380952381,0.04,0.01,0.56,1990,7,July
1990-08-31,Chloride,60,77.805,68.25,18.4,199.0,1990,8,August
1990-08-31,Dissolved oxygen (DO),55,7.651818181818182,7.4,5.1,17.9,1990,8,August
1990-08-31,Kjeldahl nitrogen,60,0.7001666666666666,0.65,0.32,1.77,1990,8,August
1990-08-31,Specific conductance,62,620.3870967741935,558.5,264.0,1009.0,1990,8,August
1990-08-31,"Temperature, water",55,17.78,18.0,11.0,23.0,1990,8,August
1990-08-31,"Total Phosphorus, mixed forms",59,0.08338983050847458,0.05,0.01,0.55,1990,8,August
1990-09-30,Chloride,55,82.13818181818182,69.1,16.8,290.0,1990,9,September
1990-09-30,Dissolved oxygen (DO),48,9.10375,8.4,4.9,14.4,1990,9,September
1990-09-30,Kjeldahl nitrogen,55,0.6387272727272728,0.53,0.26,2.1,1990,9,September
1990-09-30,Specific conductance,56,690.375,635.5,271.0,1670.0,1990,9,September
1990-09-30,"Temperature, water",48,11.785416666666668,12.0,6.0,25.0,1990,9,September
1990-09-30,"Total Phosphorus, mixed forms",50,0.056799999999999996,0.04,0.01,0.19,1990,9,September
1990-10-31,Chloride,48,67.11666666666666,61.5,24.8,203.0,1990,10,October
1990-10-31,Dissolved oxygen (DO),44,9.288636363636364,9.1,7.2,11.67,1990,10,October
1990-10-31,Kjeldahl nitrogen,49,0.7257142857142858,0.63,0.37,1.85,1990,10,October
1990-10-31,Specific conductance,49,646.6734693877551,634.0,294.0,1205.0,1990,10,October
1990-10-31,"Temperature, water",44,7.775,6.6,2.0,13.2,1990,10,October
1990-10-31,"Total Phosphorus, mixed forms",48,0.08375,0.05,0.01,0.68,1990,10,October
1990-11-30,Chloride,39,124.3974358974359,91.2,24.2,602.0,1990,11,November
1990-11-30,Dissolved oxygen (DO),32,12.0353125,12.05,9.3,16.2,1990,11,November
1990-11-30,Kjeldahl nitrogen,43,0.7220930232558139,0.57,0.32,1.68,1990,11,November
1990-11-30,Specific conductance,44,849.6818181818181,777.0,332.0,2410.0,1990,11,November
1990-11-30,"Temperature, water",27,3.8629629629629627,2.0,1.0,10.4,1990,11,November
1990-11-30,"Total Phosphorus, mixed forms",42,0.05738095238095239,0.04,0.01,0.26,1990,11,November
1990-12-31,Chloride,40,154.02249999999998,127.5,26.0,513.0,1990,12,December
1990-12-31,Dissolved oxygen (DO),33,12.24030303030303,12.4,1.2,14.8,1990,12,December
1990-12-31,Kjeldahl nitrogen,40,0.6185,0.53,0.23,1.6,1990,12,December
1990-12-31,Specific conductance,41,956.219512195122,883.0,381.0,2150.0,1990,12,December
1990-12-31,"Temperature, water",30,2.4033333333333333,2.9,-4.0,6.0,1990,12,December
1990-12-31,"Total Phosphorus, mixed forms",39,0.0758974358974359,0.04,0.01,0.9,1990,12,December
1991-01-31,Chloride,44,356.59090909090907,110.5,27.6,1930.0,1991,1,January
1991-01-31,Dissolved oxygen (DO),34,13.711764705882352,14.0,11.8,15.6,1991,1,January
1991-01-31,Kjeldahl nitrogen,46,1.0082608695652175,0.525,0.28,4.25,1991,1,January
1991-01-31,Specific conductance,47,1678.872340425532,872.0,429.0,7270.0,1991,1,January
1991-01-31,"Temperature, water",36,1.3194444444444444,1.0,0.1,6.0,1991,1,January
1991-01-31,"Total Phosphorus, mixed forms",44,0.06136363636363637,0.035,0.01,0.33,1991,1,January
1991-02-28,Chloride,51,196.4686274509804,120.0,26.2,1600.0,1991,2,February
1991-02-28,Dissolved oxygen (DO),42,13.387619047619047,13.59,10.9,15.2,1991,2,February
1991-02-28,Kjeldahl nitrogen,52,0.8321153846153846,0.6,0.32,2.8,1991,2,February
1991-02-28,Specific conductance,52,1044.3076923076924,812.0,428.0,5080.0,1991,2,February
1991-02-28,"Temperature, water",41,1.502439024390244,1.0,0.2,5.5,1991,2,February
1991-02-28,"Total Phosphorus, mixed forms",52,0.09076923076923077,0.05,0.01,0.36,1991,2,February
1991-03-31,Chloride,78,152.9025641025641,104.5,22.9,647.0,1991,3,March
1991-03-31,Dissolved oxygen (DO),69,13.173333333333334,13.2,7.0,17.0,1991,3,March
1991-03-31,Kjeldahl nitrogen,80,0.928125,0.645,0.34,3.6,1991,3,March
1991-03-31,Specific conductance,82,918.1463414634146,785.0,458.0,2350.0,1991,3,March
1991-03-31,"Temperature, water",62,3.079032258064516,2.1500000000000004,0.1,14.2,1991,3,March
1991-03-31,"Total Phosphorus, mixed forms",82,0.13743902439024389,0.045,0.01,1.23,1991,3,March
1991-04-30,Chloride,74,88.80945945945946,62.55,20.1,385.0,1991,4,April
1991-04-30,Dissolved oxygen (DO),62,11.220967741935485,11.5,7.95,13.7,1991,4,April
1991-04-30,Kjeldahl nitrogen,73,15.460821917808218,0.7,0.25,1075.0,1991,4,April
1991-04-30,Specific conductance,77,722.8961038961039,622.0,404.0,1960.0,1991,4,April
1991-04-30,"Temperature, water",61,7.647540983606557,6.0,0.1,27.1,1991,4,April
1991-04-30,"Total Phosphorus, mixed forms",75,0.0916,0.06,0.01,0.56,1991,4,April
1991-05-31,Chloride,72,91.11111111111111,77.19999999999999,21.9,379.0,1991,5,May
1991-05-31,Dissolved oxygen (DO),67,8.793134328358208,8.7,2.7,16.0,1991,5,May
1991-05-31,Kjeldahl nitrogen,72,0.7322222222222222,0.65,0.36,2.35,1991,5,May
1991-05-31,Specific conductance,77,714.2207792207793,672.0,303.0,1870.0,1991,5,May
1991-05-31,"Temperature, water",67,15.931343283582091,16.0,5.0,23.0,1991,5,May
1991-05-31,"Total Phosphorus, mixed forms",77,0.09467532467532468,0.04,0.01,1.15,1991,5,May
1991-06-30,Chloride,64,94.3328125,63.5,22.5,348.0,1991,6,June
1991-06-30,Dissolved oxygen (DO),62,8.948225806451612,8.8,5.4,15.0,1991,6,June
1991-06-30,Kjeldahl nitrogen,62,0.6679032258064516,0.575,0.31,2.1,1991,6,June
1991-06-30,Specific conductance,68,761.0147058823529,731.5,279.0,1580.0,1991,6,June
1991-06-30,"Temperature, water",62,19.001612903225805,19.15,1.5,27.7,1991,6,June
1991-06-30,"Total Phosphorus, mixed forms",64,0.08031250000000001,0.05,0.01,0.9,1991,6,June
1991-07-31,Chloride,64,88.5796875,84.8,22.3,257.0,1991,7,July
1991-07-31,Dissolved oxygen (DO),62,8.418870967741936,8.3,3.8,12.2,1991,7,July
1991-07-31,Kjeldahl nitrogen,64,0.72859375,0.6,0.14,5.03,1991,7,July
1991-07-31,Specific conductance,66,688.6060606060606,678.0,274.0,1340.0,1991,7,July
1991-07-31,"Temperature, water",62,18.743548387096773,18.45,14.0,30.0,1991,7,July
1991-07-31,"Total Phosphorus, mixed forms",64,0.0990625,0.05,0.01,1.63,1991,7,July
1991-08-31,Chloride,53,83.34528301886793,77.7,18.3,234.0,1991,8,August
1991-08-31,Dissolved oxygen (DO),38,8.266315789473685,8.4,4.5,10.6,1991,8,August
1991-08-31,Kjeldahl nitrogen,53,0.5847169811320755,0.54,0.29,1.28,1991,8,August
1991-08-31,Specific conductance,53,685.9811320754717,626.0,275.0,1460.0,1991,8,August
1991-08-31,"Temperature, water",38,19.142105263157895,19.65,14.0,24.0,1991,8,August
1991-08-31,"Total Phosphorus, mixed forms",47,0.05680851063829787,0.04,0.01,0.2,1991,8,August
1991-09-30,Chloride,77,87.14675324675325,64.2,17.5,541.0,1991,9,September
1991-09-30,Dissolved oxygen (DO),68,8.664705882352942,8.4,6.4,11.8,1991,9,September
1991-09-30,Kjeldahl nitrogen,76,0.6106578947368422,0.51,0.25,2.45,1991,9,September
1991-09-30,Specific conductance,82,667.2073170731708,618.0,277.0,1570.0,1991,9,September
1991-09-30,"Temperature, water",68,14.976470588235294,15.65,-40.0,21.5,1991,9,September
1991-09-30,"Total Phosphorus, mixed forms",76,0.0756578947368421,0.04,0.01,0.45,1991,9,September
1991-10-31,Chloride,64,87.2546875,75.5,24.1,315.0,1991,10,October
1991-10-31,Dissolved oxygen (DO),58,10.49948275862069,10.25,5.6,12.8,1991,10,October
1991-10-31,Kjeldahl nitrogen,64,0.63375,0.48,0.21,3.5,1991,10,October
1991-10-31,Specific conductance,68,741.7941176470588,669.5,324.0,1830.0,1991,10,October
1991-10-31,"Temperature, water",59,7.0508474576271185,7.0,4.0,11.0,1991,10,October
1991-10-31,"Total Phosphorus, mixed forms",56,0.0992857142857143,0.03,0.01,2.4,1991,10,October
1991-11-30,Chloride,64,71.5625,65.25,19.2,303.0,1991,11,November
1991-11-30,Dissolved oxygen (DO),60,11.433166666666667,11.3,9.0,13.8,1991,11,November
1991-11-30,Kjeldahl nitrogen,64,0.75109375,0.545,0.23,3.65,1991,11,November
1991-11-30,Specific conductance,68,671.8235294117648,657.5,343.0,1860.0,1991,11,November
1991-11-30,"Temperature, water",56,5.183928571428572,5.2,0.5,9.8,1991,11,November
1991-11-30,"Total Phosphorus, mixed forms",61,0.08655737704918033,0.04,0.01,1.04,1991,11,November
1991-12-31,Chloride,63,224.22063492063492,103.0,24.8,954.0,1991,12,December
1991-12-31,Dissolved oxygen (DO),56,12.908214285714285,13.2,2.5,16.1,1991,12,December
1991-12-31,Kjeldahl nitrogen,63,0.8149206349206349,0.58,0.29,3.95,1991,12,December
1991-12-31,Specific conductance,66,1400.6515151515152,897.0,377.0,5620.0,1991,12,December
1991-12-31,"Temperature, water",37,2.0837837837837836,1.0,0.0,10.0,1991,12,December
1991-12-31,"Total Phosphorus, mixed forms",62,0.13919354838709677,0.04,0.01,3.55,1991,12,December
1992-01-31,Chloride,39,562.4538461538461,203.0,27.1,3470.0,1992,1,January
1992-01-31,Dissolved oxygen (DO),34,12.495882352941177,13.399999999999999,4.2,15.3,1992,1,January
1992-01-31,Kjeldahl nitrogen,39,1.5115384615384617,0.89,0.29,8.6,1992,1,January
1992-01-31,Specific conductance,42,2256.8571428571427,1114.0,537.0,11560.0,1992,1,January
1992-01-31,"Temperature, water",21,1.2571428571428571,1.0,0.1,4.0,1992,1,January
1992-01-31,"Total Phosphorus, mixed forms",37,0.09756756756756757,0.05,0.01,0.77,1992,1,January
1992-02-29,Chloride,68,278.7779411764706,199.5,27.7,1310.0,1992,2,February
1992-02-29,Dissolved oxygen (DO),60,12.698333333333332,12.71,8.6,16.0,1992,2,February
1992-02-29,Kjeldahl nitrogen,67,1.475223880597015,0.73,0.28,9.4,1992,2,February
1992-02-29,Specific conductance,72,1348.736111111111,1108.0,574.0,4340.0,1992,2,February
1992-02-29,"Temperature, water",60,2.728333333333333,1.85,0.0,21.2,1992,2,February
1992-02-29,"Total Phosphorus, mixed forms",66,0.1365151515151515,0.05,0.01,1.95,1992,2,February
1992-03-31,Chloride,82,210.18048780487803,118.5,21.7,1620.0,1992,3,March
1992-03-31,Dissolved oxygen (DO),69,11.597536231884058,12.0,8.6,14.39,1992,3,March
1992-03-31,Kjeldahl nitrogen,80,1.12575,0.66,0.28,8.6,1992,3,March
1992-03-31,Specific conductance,86,1133.7325581395348,884.0,438.0,5450.0,1992,3,March
1992-03-31,"Temperature, water",65,3.6553846153846155,3.0,0.5,9.0,1992,3,March
1992-03-31,"Total Phosphorus, mixed forms",85,0.08776470588235294,0.06,0.01,0.45,1992,3,March
1992-04-30,Chloride,80,112.45125,99.5,23.2,432.0,1992,4,April
1992-04-30,Dissolved oxygen (DO),70,11.409571428571429,11.75,9.2,16.5,1992,4,April
1992-04-30,Kjeldahl nitrogen,80,0.77175,0.635,0.28,3.95,1992,4,April
1992-04-30,Specific conductance,84,794.3690476190476,774.5,448.0,1450.0,1992,4,April
1992-04-30,"Temperature, water",68,8.285294117647059,5.6,1.0,30.0,1992,4,April
1992-04-30,"Total Phosphorus, mixed forms",84,0.061309523809523814,0.04,0.01,0.24,1992,4,April
1992-05-31,Chloride,66,109.42272727272727,86.8,1.0,444.0,1992,5,May
1992-05-31,Dissolved oxygen (DO),58,9.99741379310345,10.05,0.84,14.8,1992,5,May
1992-05-31,Kjeldahl nitrogen,66,0.7013636363636363,0.585,0.18,2.15,1992,5,May
1992-05-31,Specific conductance,70,829.0857142857143,791.5,444.0,1960.0,1992,5,May
1992-05-31,"Temperature, water",58,11.48448275862069,11.75,5.5,19.9,1992,5,May
1992-05-31,"Total Phosphorus, mixed forms",65,0.18292307692307694,0.04,0.01,5.8,1992,5,May
1992-06-30,Chloride,64,112.8015625,99.1,21.4,425.0,1992,6,June
1992-06-30,Dissolved oxygen (DO),52,8.097884615384617,8.6,0.73,11.6,1992,6,June
1992-06-30,Kjeldahl nitrogen,64,0.6865625,0.58,0.19,1.95,1992,6,June
1992-06-30,Specific conductance,67,807.2835820895523,735.0,386.0,1800.0,1992,6,June
1992-06-30,"Temperature, water",52,15.107692307692307,16.0,6.5,21.8,1992,6,June
1992-06-30,"Total Phosphorus, mixed forms",63,0.09396825396825396,0.05,0.01,0.77,1992,6,June
1992-07-31,Chloride,67,78.32686567164178,68.3,10.1,318.0,1992,7,July
1992-07-31,Dissolved oxygen (DO),56,8.421785714285715,8.2,0.82,14.0,1992,7,July
1992-07-31,Kjeldahl nitrogen,67,0.7186567164179104,0.61,0.33,2.2,1992,7,July
1992-07-31,Specific conductance,71,689.6338028169014,614.0,331.0,1580.0,1992,7,July
1992-07-31,"Temperature, water",57,17.021052631578947,17.7,1.9,23.0,1992,7,July
1992-07-31,"Total Phosphorus, mixed forms",70,0.09200000000000001,0.05,0.01,0.76,1992,7,July
1992-08-31,Chloride,61,85.94754098360656,73.6,22.7,247.0,1992,8,August
1992-08-31,Dissolved oxygen (DO),54,8.665185185185186,8.6,0.82,11.8,1992,8,August
1992-08-31,Kjeldahl nitrogen,61,0.659672131147541,0.6,0.26,1.45,1992,8,August
1992-08-31,Specific conductance,65,708.9384615384615,696.0,320.0,1180.0,1992,8,August
1992-08-31,"Temperature, water",55,17.265454545454546,18.0,8.0,24.5,1992,8,August
1992-08-31,"Total Phosphorus, mixed forms",61,0.07147540983606558,0.05,0.01,0.3,1992,8,August
1992-09-30,Chloride,64,76.6515625,67.35,1.7,222.0,1992,9,September
1992-09-30,Dissolved oxygen (DO),55,8.369272727272728,8.4,0.78,12.1,1992,9,September
1992-09-30,Kjeldahl nitrogen,64,0.6917187499999999,0.62,0.32,2.35,1992,9,September
1992-09-30,Specific conductance,68,700.6323529411765,668.5,269.0,1237.0,1992,9,September
1992-09-30,"Temperature, water",56,16.723214285714285,17.75,10.0,45.0,1992,9,September
1992-09-30,"Total Phosphorus, mixed forms",65,0.09292307692307693,0.05,0.01,0.7,1992,9,September
1992-10-31,Chloride,63,86.02857142857142,73.4,26.4,283.0,1992,10,October
1992-10-31,Dissolved oxygen (DO),58,9.569827586206896,9.350000000000001,0.9,12.2,1992,10,October
1992-10-31,Kjeldahl nitrogen,63,0.6871428571428572,0.58,0.3,2.8,1992,10,October
1992-10-31,Specific conductance,67,719.4179104477612,690.0,374.0,1261.0,1992,10,October
1992-10-31,"Temperature, water",59,6.889830508474576,7.0,2.8,13.0,1992,10,October
1992-10-31,"Total Phosphorus, mixed forms",59,0.06423728813559322,0.04,0.01,0.33,1992,10,October
1992-11-30,Chloride,72,124.34444444444443,58.849999999999994,21.8,1030.0,1992,11,November
1992-11-30,Dissolved oxygen (DO),59,10.859661016949152,11.0,0.9,13.8,1992,11,November
1992-11-30,Kjeldahl nitrogen,71,0.8038028169014084,0.65,0.38,2.6,1992,11,November
1992-11-30,Specific conductance,76,838.2631578947369,671.0,393.0,3590.0,1992,11,November
1992-11-30,"Temperature, water",60,4.655,4.5,0.5,9.0,1992,11,November
1992-11-30,"Total Phosphorus, mixed forms",74,0.1962162162162162,0.06,0.01,3.3,1992,11,November
1992-12-31,Chloride,61,171.82622950819672,93.3,23.4,1090.0,1992,12,December
1992-12-31,Dissolved oxygen (DO),54,11.619814814814815,12.0,2.0,14.8,1992,12,December
1992-12-31,Kjeldahl nitrogen,61,0.8380327868852459,0.56,0.31,4.15,1992,12,December
1992-12-31,Specific conductance,65,1026.9538461538461,803.0,429.0,3630.0,1992,12,December
1992-12-31,"Temperature, water",55,3.7,2.5,0.9,22.0,1992,12,December
1992-12-31,"Total Phosphorus, mixed forms",62,0.13145161290322582,0.05,0.01,2.05,1992,12,December
1993-01-31,Chloride,38,231.02894736842106,114.0,22.6,1770.0,1993,1,January
1993-01-31,Dissolved oxygen (DO),31,12.27258064516129,13.2,5.0,15.8,1993,1,January
1993-01-31,Kjeldahl nitrogen,38,0.8015789473684211,0.61,0.31,2.45,1993,1,January
1993-01-31,Specific conductance,42,1220.1190476190477,828.0,446.0,5130.0,1993,1,January
1993-01-31,"Temperature, water",24,1.3666666666666665,1.25,0.2,4.5,1993,1,January
1993-01-31,"Total Phosphorus, mixed forms",41,0.10658536585365853,0.03,0.01,1.0,1993,1,January
1993-02-28,Chloride,57,448.9543859649123,129.0,25.0,4310.0,1993,2,February
1993-02-28,Dissolved oxygen (DO),49,12.092244897959183,12.1,4.6,15.2,1993,2,February
1993-02-28,Kjeldahl nitrogen,58,0.8082758620689655,0.54,0.28,5.0,1993,2,February
1993-02-28,Specific conductance,62,2037.967741935484,924.0,542.0,12810.0,1993,2,February
1993-02-28,"Temperature, water",28,3.5321428571428575,2.0,0.3,20.0,1993,2,February
1993-02-28,"Total Phosphorus, mixed forms",58,0.049827586206896556,0.03,0.01,0.54,1993,2,February
1993-03-31,Chloride,80,304.33125,158.0,15.7,2000.0,1993,3,March
1993-03-31,Dissolved oxygen (DO),51,12.101372549019606,12.3,0.2,15.5,1993,3,March
1993-03-31,Kjeldahl nitrogen,80,1.3929375,0.76,0.005,7.2,1993,3,March
1993-03-31,Specific conductance,84,1458.904761904762,959.0,290.0,6750.0,1993,3,March
1993-03-31,"Temperature, water",44,3.2977272727272724,2.5,0.6,13.0,1993,3,March
1993-03-31,"Total Phosphorus, mixed forms",83,0.11626506024096386,0.05,0.01,0.95,1993,3,March
1993-04-30,Chloride,76,104.70263157894736,88.44999999999999,21.6,322.0,1993,4,April
1993-04-30,Dissolved oxygen (DO),46,11.706521739130435,11.8,9.3,14.6,1993,4,April
1993-04-30,Kjeldahl nitrogen,76,0.7551315789473684,0.59,0.34,2.5,1993,4,April
1993-04-30,Specific conductance,77,765.3636363636364,698.0,435.0,1570.0,1993,4,April
1993-04-30,"Temperature, water",60,6.625,6.5,2.0,10.0,1993,4,April
1993-04-30,"Total Phosphorus, mixed forms",77,0.1125974025974026,0.04,0.01,2.5,1993,4,April
1993-05-31,Chloride,78,121.42435897435898,98.44999999999999,22.8,405.0,1993,5,May
1993-05-31,Dissolved oxygen (DO),65,8.743846153846155,8.9,1.6,11.2,1993,5,May
1993-05-31,Kjeldahl nitrogen,78,0.7147435897435898,0.62,0.38,2.6,1993,5,May
1993-05-31,Specific conductance,82,838.2560975609756,776.5,407.0,1920.0,1993,5,May
1993-05-31,"Temperature, water",63,14.552380952380952,13.9,1.3,40.0,1993,5,May
1993-05-31,"Total Phosphorus, mixed forms",79,0.06746835443037975,0.04,0.01,0.58,1993,5,May
1993-06-30,Chloride,77,87.3025974025974,73.6,23.2,249.0,1993,6,June
1993-06-30,Dissolved oxygen (DO),60,8.300666666666666,8.350000000000001,5.3,11.7,1993,6,June
1993-06-30,Kjeldahl nitrogen,77,0.9215584415584415,0.8,0.32,2.3,1993,6,June
1993-06-30,Specific conductance,81,683.8765432098766,663.0,242.0,1460.0,1993,6,June
1993-06-30,"Temperature, water",60,17.85666666666667,17.5,8.0,26.5,1993,6,June
1993-06-30,"Total Phosphorus, mixed forms",81,0.13901234567901236,0.08,0.01,0.99,1993,6,June
1993-07-31,Chloride,52,96.40384615384616,79.85,23.5,304.0,1993,7,July
1993-07-31,Dissolved oxygen (DO),45,7.641777777777778,7.8,5.0,11.4,1993,7,July
1993-07-31,Kjeldahl nitrogen,52,0.8584615384615385,0.68,0.32,3.5,1993,7,July
1993-07-31,Specific conductance,55,722.9454545454546,661.0,344.0,1530.0,1993,7,July
1993-07-31,"Temperature, water",45,20.90888888888889,20.8,16.5,25.3,1993,7,July
1993-07-31,"Total Phosphorus, mixed forms",55,0.12090909090909091,0.07,0.01,1.2,1993,7,July
1993-08-31,Chloride,64,92.95,88.0,19.5,277.0,1993,8,August
1993-08-31,Dissolved oxygen (DO),52,7.9423076923076925,7.95,0.9,11.2,1993,8,August
1993-08-31,Kjeldahl nitrogen,64,0.68875,0.58,0.28,2.35,1993,8,August
1993-08-31,Specific conductance,68,694.8970588235294,655.5,319.0,1410.0,1993,8,August
1993-08-31,"Temperature, water",54,20.94074074074074,21.299999999999997,12.0,26.5,1993,8,August
1993-08-31,"Total Phosphorus, mixed forms",61,0.07918032786885246,0.05,0.01,0.62,1993,8,August
1993-09-30,Chloride,67,96.92238805970149,91.8,23.3,335.0,1993,9,September
1993-09-30,Dissolved oxygen (DO),56,9.249107142857143,9.1,5.6,12.3,1993,9,September
1993-09-30,Kjeldahl nitrogen,66,0.641969696969697,0.5700000000000001,0.28,3.8,1993,9,September
1993-09-30,Specific conductance,72,733.4583333333334,726.5,379.0,1640.0,1993,9,September
1993-09-30,"Temperature, water",57,15.703508771929824,15.0,7.0,24.2,1993,9,September
1993-09-30,"Total Phosphorus, mixed forms",67,0.0535820895522388,0.03,0.01,0.24,1993,9,September
1993-10-31,Chloride,55,81.78727272727274,75.3,25.1,298.0,1993,10,October
1993-10-31,Dissolved oxygen (DO),44,10.054545454545455,10.1,8.5,12.6,1993,10,October
1993-10-31,Kjeldahl nitrogen,48,0.6304166666666667,0.5,0.24,3.8,1993,10,October
1993-10-31,Specific conductance,51,729.1764705882352,651.0,388.0,1710.0,1993,10,October
1993-10-31,"Temperature, water",44,10.397727272727273,9.35,-40.0,42.0,1993,10,October
1993-10-31,"Total Phosphorus, mixed forms",47,0.042340425531914895,0.03,0.01,0.17,1993,10,October
1993-11-30,Chloride,72,106.45972222222223,80.65,25.5,837.5,1993,11,November
1993-11-30,Dissolved oxygen (DO),56,11.471428571428572,11.2,2.6,23.2,1993,11,November
1993-11-30,Kjeldahl nitrogen,64,1.1128125,0.48,0.24,22.0,1993,11,November
1993-11-30,Specific conductance,67,813.6567164179105,723.0,396.0,2870.0,1993,11,November
1993-11-30,"Temperature, water",56,10.023214285714285,6.0,2.0,50.0,1993,11,November
1993-11-30,"Total Phosphorus, mixed forms",63,0.06063492063492064,0.03,0.01,1.0,1993,11,November
1993-12-31,Chloride,73,103.9904109589041,95.4,24.8,309.0,1993,12,December
1993-12-31,Dissolved oxygen (DO),56,10.602678571428571,11.75,1.14,16.5,1993,12,December
1993-12-31,Kjeldahl nitrogen,65,0.7681538461538462,0.52,0.36,5.0,1993,12,December
1993-12-31,Specific conductance,69,836.8695652173913,819.0,427.0,1480.0,1993,12,December
1993-12-31,"Temperature, water",56,3.6410714285714287,3.8,0.9,9.0,1993,12,December
1993-12-31,"Total Phosphorus, mixed forms",67,0.07611940298507464,0.03,0.01,1.3,1993,12,December
1994-01-31,Chloride,30,132.88,63.7,22.1,1620.0,1994,1,January
1994-01-31,Dissolved oxygen (DO),23,12.60086956521739,13.1,2.0,15.0,1994,1,January
1994-01-31,Kjeldahl nitrogen,23,1.7682608695652176,0.72,0.28,18.0,1994,1,January
1994-01-31,Specific conductance,23,1059.1304347826087,874.0,499.0,5020.0,1994,1,January
1994-01-31,"Temperature, water",8,1.0875,1.0,0.5,2.0,1994,1,January
1994-01-31,"Total Phosphorus, mixed forms",21,0.05857142857142857,0.04,0.01,0.35,1994,1,January
1994-02-28,Chloride,35,528.14,275.0,22.8,3300.0,1994,2,February
1994-02-28,Dissolved oxygen (DO),11,12.45,12.5,11.8,13.1,1994,2,February
1994-02-28,Kjeldahl nitrogen,29,2.656206896551724,0.9,0.54,12.0,1994,2,February
1994-02-28,Specific conductance,29,2374.2758620689656,1660.0,451.0,9570.0,1994,2,February
1994-02-28,"Temperature, water",11,1.0727272727272728,1.0,0.3,2.5,1994,2,February
1994-02-28,"Total Phosphorus, mixed forms",29,0.13999999999999999,0.09,0.01,0.5,1994,2,February
1994-03-31,Chloride,56,167.4232142857143,96.30000000000001,10.9,1000.0,1994,3,March
1994-03-31,Dissolved oxygen (DO),24,10.445833333333333,12.149999999999999,2.5,13.2,1994,3,March
1994-03-31,Kjeldahl nitrogen,47,1.6793617021276597,1.2,0.36,4.5,1994,3,March
1994-03-31,Specific conductance,47,1055.872340425532,942.0,369.0,3350.0,1994,3,March
1994-03-31,"Temperature, water",22,2.7227272727272727,1.95,0.5,11.5,1994,3,March
1994-03-31,"Total Phosphorus, mixed forms",47,0.16893617021276597,0.1,0.01,0.75,1994,3,March
1994-04-30,Chloride,50,151.32,108.8,21.9,880.0,1994,4,April
1994-04-30,Dissolved oxygen (DO),23,9.235652173913042,8.8,6.9,12.6,1994,4,April
1994-04-30,Kjeldahl nitrogen,43,0.8793023255813954,0.75,0.32,2.8,1994,4,April
1994-04-30,Specific conductance,42,970.1428571428571,826.0,455.0,3070.0,1994,4,April
1994-04-30,"Temperature, water",24,9.983333333333333,10.55,1.0,16.0,1994,4,April
1994-04-30,"Total Phosphorus, mixed forms",43,0.07418604651162791,0.05,0.01,0.2,1994,4,April
1994-05-31,Chloride,60,102.05833333333334,82.44999999999999,25.1,289.0,1994,5,May
1994-05-31,Dissolved oxygen (DO),43,9.202790697674418,9.21,1.06,13.0,1994,5,May
1994-05-31,Kjeldahl nitrogen,50,0.6842,0.58,0.3,2.05,1994,5,May
1994-05-31,Specific conductance,51,797.0588235294117,818.0,288.0,1460.0,1994,5,May
1994-05-31,"Temperature, water",43,10.73953488372093,11.0,-15.0,30.0,1994,5,May
1994-05-31,"Total Phosphorus, mixed forms",49,0.05653061224489796,0.04,0.01,0.55,1994,5,May
1994-06-30,Chloride,72,127.75555555555555,126.3,28.8,418.0,1994,6,June
1994-06-30,Dissolved oxygen (DO),50,7.737,7.86,0.88,11.8,1994,6,June
1994-06-30,Kjeldahl nitrogen,64,0.81015625,0.67,0.32,2.5,1994,6,June
1994-06-30,Specific conductance,67,903.4776119402985,896.0,374.0,1890.0,1994,6,June
1994-06-30,"Temperature, water",50,18.886,18.25,8.5,30.9,1994,6,June
1994-06-30,"Total Phosphorus, mixed forms",66,0.07136363636363637,0.055,0.01,0.28,1994,6,June
1994-07-31,Chloride,69,106.66405797101449,114.0,12.41,375.0,1994,7,July
1994-07-31,Dissolved oxygen (DO),36,8.621111111111112,8.25,5.2,13.8,1994,7,July
1994-07-31,Kjeldahl nitrogen,66,0.9145454545454546,0.6,0.22,9.46,1994,7,July
1994-07-31,Specific conductance,67,778.7462686567164,788.0,137.0,1570.0,1994,7,July
1994-07-31,"Temperature, water",49,21.402040816326533,21.2,13.0,29.5,1994,7,July
1994-07-31,"Total Phosphorus, mixed forms",68,0.17544117647058824,0.065,0.01,4.54,1994,7,July
1994-08-31,Chloride,71,104.73380281690142,95.5,22.9,335.0,1994,8,August
1994-08-31,Dissolved oxygen (DO),31,8.312903225806451,8.5,1.94,11.0,1994,8,August
1994-08-31,Kjeldahl nitrogen,61,0.7054098360655738,0.52,0.28,2.06,1994,8,August
1994-08-31,Specific conductance,64,790.859375,759.0,365.0,1720.0,1994,8,August
1994-08-31,"Temperature, water",42,17.735714285714284,17.799999999999997,12.0,23.0,1994,8,August
1994-08-31,"Total Phosphorus, mixed forms",60,0.08666666666666667,0.05,0.01,0.83,1994,8,August
1994-09-30,Chloride,71,90.52253521126761,82.6,18.0,296.0,1994,9,September
1994-09-30,Dissolved oxygen (DO),27,8.985185185185186,9.0,7.0,11.2,1994,9,September
1994-09-30,Kjeldahl nitrogen,41,0.7078048780487805,0.62,0.3,1.9,1994,9,September
1994-09-30,Specific conductance,65,761.1692307692308,711.0,370.0,1730.0,1994,9,September
1994-09-30,"Temperature, water",39,16.107692307692307,16.0,11.4,20.0,1994,9,September
1994-09-30,"Total Phosphorus, mixed forms",41,0.0775609756097561,0.05,0.01,0.27,1994,9,September
1994-10-31,Chloride,79,98.57088607594937,89.5,18.8,291.0,1994,10,October
1994-10-31,Dissolved oxygen (DO),57,9.358771929824563,9.2,2.2,20.2,1994,10,October
1994-10-31,Kjeldahl nitrogen,73,0.7291780821917808,0.52,0.16,4.6,1994,10,October
1994-10-31,Specific conductance,73,791.4246575342465,750.0,286.0,1630.0,1994,10,October
1994-10-31,"Temperature, water",58,11.83448275862069,12.0,8.0,15.0,1994,10,October
1994-10-31,"Total Phosphorus, mixed forms",64,0.13390625,0.05,0.01,1.4,1994,10,October
1994-11-30,Chloride,81,90.28148148148148,65.6,22.3,341.0,1994,11,November
1994-11-30,Dissolved oxygen (DO),50,9.9698,10.1,3.2,13.4,1994,11,November
1994-11-30,Kjeldahl nitrogen,72,0.8020833333333334,0.61,0.32,3.65,1994,11,November
1994-11-30,Specific conductance,73,709.7808219178082,648.0,348.0,1730.0,1994,11,November
1994-11-30,"Temperature, water",49,8.024489795918367,8.5,0.5,24.0,1994,11,November
1994-11-30,"Total Phosphorus, mixed forms",69,0.1598550724637681,0.07,0.01,1.82,1994,11,November
1994-12-31,Chloride,60,291.2933333333333,137.0,28.9,2500.0,1994,12,December
1994-12-31,Dissolved oxygen (DO),25,10.5944,10.8,6.0,13.96,1994,12,December
1994-12-31,Kjeldahl nitrogen,52,0.731923076923077,0.54,0.28,4.5,1994,12,December
1994-12-31,Specific conductance,52,1472.076923076923,940.5,453.0,7270.0,1994,12,December
1994-12-31,"Temperature, water",26,5.796153846153846,5.05,2.0,15.0,1994,12,December
1994-12-31,"Total Phosphorus, mixed forms",49,0.04906530612244898,0.03,0.0042,0.29,1994,12,December
1995-01-31,Chloride,58,166.44137931034484,89.55000000000001,28.1,1080.0,1995,1,January
1995-01-31,Dissolved oxygen (DO),21,9.46047619047619,10.5,5.6,13.2,1995,1,January
1995-01-31,Kjeldahl nitrogen,52,0.8861538461538461,0.65,0.34,2.9,1995,1,January
1995-01-31,Specific conductance,52,1008.9615384615385,678.5,490.0,3590.0,1995,1,January
1995-01-31,"Temperature, water",21,3.3285714285714287,4.1,0.4,6.8,1995,1,January
1995-01-31,"Total Phosphorus, mixed forms",52,0.16269230769230766,0.08,0.01,1.08,1995,1,January
1995-02-28,Chloride,40,208.7325,88.25,31.6,1810.0,1995,2,February
1995-02-28,Dissolved oxygen (DO),23,12.417391304347827,12.5,10.0,13.8,1995,2,February
1995-02-28,Kjeldahl nitrogen,34,0.9358823529411765,0.54,0.28,4.8,1995,2,February
1995-02-28,Specific conductance,34,1315.5294117647059,1057.0,593.0,5790.0,1995,2,February
1995-02-28,"Temperature, water",27,2.0814814814814815,1.8,0.1,12.5,1995,2,February
1995-02-28,"Total Phosphorus, mixed forms",31,0.12774193548387097,0.04,0.01,2.1,1995,2,February
1995-03-31,Chloride,67,199.64626865671642,115.0,19.1,1260.0,1995,3,March
1995-03-31,Dissolved oxygen (DO),32,11.415625,11.0,9.0,14.0,1995,3,March
1995-03-31,Kjeldahl nitrogen,56,1.2182142857142857,0.64,0.3,7.0,1995,3,March
1995-03-31,Specific conductance,56,1120.8035714285713,936.0,476.0,4180.0,1995,3,March
1995-03-31,"Temperature, water",32,4.59375,4.0,0.6,8.9,1995,3,March
1995-03-31,"Total Phosphorus, mixed forms",62,0.15718870967741935,0.05,0.01,2.1,1995,3,March
1995-04-30,Chloride,60,119.82833333333333,108.5,27.8,508.0,1995,4,April
1995-04-30,Dissolved oxygen (DO),16,11.1,11.3,9.2,12.8,1995,4,April
1995-04-30,Kjeldahl nitrogen,53,1.0132075471698114,0.6,0.3,5.0,1995,4,April
1995-04-30,Specific conductance,52,865.5,833.0,471.0,2120.0,1995,4,April
1995-04-30,"Temperature, water",18,7.583333333333333,7.9,4.1,11.0,1995,4,April
1995-04-30,"Total Phosphorus, mixed forms",59,0.10484576271186441,0.05,0.01,1.34,1995,4,April
1995-05-31,Chloride,77,113.89870129870131,112.0,26.0,556.0,1995,5,May
1995-05-31,Dissolved oxygen (DO),37,10.298378378378379,10.4,1.12,13.4,1995,5,May
1995-05-31,Kjeldahl nitrogen,67,0.8026865671641791,0.6,0.36,3.85,1995,5,May
1995-05-31,Specific conductance,67,865.3283582089553,883.0,430.0,2220.0,1995,5,May
1995-05-31,"Temperature, water",38,9.31578947368421,9.75,-45.0,17.6,1995,5,May
1995-05-31,"Total Phosphorus, mixed forms",76,0.0545828947368421,0.043550000000000005,0.01,0.24,1995,5,May
1995-06-30,Chloride,53,100.77735849056603,86.0,19.2,266.0,1995,6,June
1995-06-30,Dissolved oxygen (DO),15,8.726666666666667,8.8,6.9,11.0,1995,6,June
1995-06-30,Kjeldahl nitrogen,44,0.7652272727272728,0.66,0.34,2.55,1995,6,June
1995-06-30,Specific conductance,45,809.8,756.0,354.0,1430.0,1995,6,June
1995-06-30,"Temperature, water",20,19.625,19.25,13.0,26.3,1995,6,June
1995-06-30,"Total Phosphorus, mixed forms",52,0.09470192307692307,0.06395,0.01,0.5,1995,6,June
1995-07-31,Chloride,89,74.24269662921348,49.6,0.0,282.0,1995,7,July
1995-07-31,Dissolved oxygen (DO),26,7.095769230769231,7.75,3.7,8.4,1995,7,July
1995-07-31,Kjeldahl nitrogen,72,0.5911111111111111,0.53,0.18,1.3,1995,7,July
1995-07-31,Specific conductance,86,594.0581395348837,545.0,0.0,1530.0,1995,7,July
1995-07-31,"Temperature, water",52,22.26153846153846,22.25,13.5,28.0,1995,7,July
1995-07-31,"Total Phosphorus, mixed forms",77,0.06848961038961039,0.05,0.005,0.48,1995,7,July
1995-08-31,Chloride,144,61.07222222222222,33.75,1.6,453.0,1995,8,August
1995-08-31,Dissolved oxygen (DO),12,6.815,6.95,2.9,11.0,1995,8,August
1995-08-31,Kjeldahl nitrogen,132,0.43924242424242427,0.38,0.1,1.96,1995,8,August
1995-08-31,Specific conductance,134,655.455223880597,531.0,393.0,1900.0,1995,8,August
1995-08-31,"Temperature, water",75,18.168,19.0,9.9,27.1,1995,8,August
1995-08-31,"Total Phosphorus, mixed forms",133,0.04556390977443609,0.03,0.01,0.24,1995,8,August
1995-09-30,Chloride,47,103.02127659574468,84.4,30.2,289.0,1995,9,September
1995-09-30,Dissolved oxygen (DO),29,9.302413793103447,9.4,0.63,19.5,1995,9,September
1995-09-30,Kjeldahl nitrogen,39,0.7528205128205128,0.64,0.28,3.5,1995,9,September
1995-09-30,Specific conductance,39,826.8717948717949,743.0,422.0,1630.0,1995,9,September
1995-09-30,"Temperature, water",29,12.865517241379312,13.0,1.2,23.2,1995,9,September
1995-09-30,"Total Phosphorus, mixed forms",41,0.0852878048780488,0.058,0.01,0.37,1995,9,September
1995-10-31,Chloride,54,88.67037037037036,67.9,27.6,313.0,1995,10,October
1995-10-31,Dissolved oxygen (DO),10,9.052,9.8,0.88,13.0,1995,10,October
1995-10-31,Kjeldahl nitrogen,46,0.7647826086956522,0.61,0.32,2.2,1995,10,October
1995-10-31,Specific conductance,46,763.2173913043479,708.5,284.0,1500.0,1995,10,October
1995-10-31,"Temperature, water",27,10.825925925925926,10.8,7.0,13.5,1995,10,October
1995-10-31,"Total Phosphorus, mixed forms",51,0.09408235294117648,0.05,0.0096,0.97,1995,10,October
1995-11-30,Chloride,57,117.7140350877193,99.2,19.0,324.0,1995,11,November
1995-11-30,Dissolved oxygen (DO),16,10.8425,11.55,0.11,13.67,1995,11,November
1995-11-30,Kjeldahl nitrogen,75,0.6517333333333334,0.56,0.12,2.6,1995,11,November
1995-11-30,Specific conductance,49,857.9795918367347,861.0,314.0,1610.0,1995,11,November
1995-11-30,"Temperature, water",20,5.585,5.2,2.2,9.0,1995,11,November
1995-11-30,"Total Phosphorus, mixed forms",64,0.08635625,0.04,0.01,1.24,1995,11,November
1995-12-31,Chloride,46,313.5869565217391,146.0,33.6,2320.0,1995,12,December
1995-12-31,Dissolved oxygen (DO),22,13.007272727272728,12.95,11.2,15.86,1995,12,December
1995-12-31,Kjeldahl nitrogen,59,0.6345762711864407,0.48,0.14,3.16,1995,12,December
1995-12-31,Specific conductance,40,1573.45,1035.0,482.0,6990.0,1995,12,December
1995-12-31,"Temperature, water",27,4.277777777777778,2.3,1.0,33.0,1995,12,December
1995-12-31,"Total Phosphorus, mixed forms",49,0.0422530612244898,0.0288,0.0074,0.16,1995,12,December
1996-01-31,Chloride,47,180.55106382978724,136.0,29.6,593.0,1996,1,January
1996-01-31,Dissolved oxygen (DO),22,11.73090909090909,11.45,10.1,13.28,1996,1,January
1996-01-31,Kjeldahl nitrogen,37,1.42,0.92,0.4,4.6,1996,1,January
1996-01-31,Specific conductance,37,1101.945945945946,945.0,436.0,2250.0,1996,1,January
1996-01-31,"Temperature, water",22,3.6954545454545453,4.25,0.2,7.0,1996,1,January
1996-01-31,"Total Phosphorus, mixed forms",46,0.1713913043478261,0.08,0.01,1.24,1996,1,January
1996-02-29,Chloride,34,284.4323529411765,166.5,32.5,1340.0,1996,2,February
1996-02-29,Dissolved oxygen (DO),13,12.146153846153847,12.2,10.8,13.2,1996,2,February
1996-02-29,Kjeldahl nitrogen,6,1.9233333333333331,0.8200000000000001,0.54,6.1,1996,2,February
1996-02-29,Specific conductance,10,1919.0,1225.0,697.0,4280.0,1996,2,February
1996-02-29,"Temperature, water",13,2.869230769230769,3.0,1.5,3.9,1996,2,February
1996-02-29,"Total Phosphorus, mixed forms",11,0.07612727272727272,0.0394,0.0184,0.27,1996,2,February
1996-04-30,Chloride,30,104.14333333333335,94.69999999999999,24.9,249.0,1996,4,April
1996-04-30,Dissolved oxygen (DO),4,13.3,13.2,12.8,14.0,1996,4,April
1996-04-30,Kjeldahl nitrogen,22,0.7518181818181818,0.5700000000000001,0.1,1.8,1996,4,April
1996-04-30,Specific conductance,22,837.8636363636364,757.5,469.0,1360.0,1996,4,April
1996-04-30,"Temperature, water",4,6.15,6.55,3.3,8.2,1996,4,April
1996-04-30,"Total Phosphorus, mixed forms",30,0.09914666666666667,0.055,0.0176,0.43,1996,4,April
1996-05-31,Chloride,40,95.675,87.2,27.2,264.0,1996,5,May
1996-05-31,Dissolved oxygen (DO),8,10.075,9.9,7.1,13.0,1996,5,May
1996-05-31,Kjeldahl nitrogen,30,0.6593333333333333,0.56,0.34,1.6,1996,5,May
1996-05-31,Specific conductance,30,791.1333333333333,770.0,412.0,1370.0,1996,5,May
1996-05-31,"Temperature, water",8,14.2625,13.7,10.5,18.9,1996,5,May
1996-05-31,"Total Phosphorus, mixed forms",40,0.12666000000000002,0.046200000000000005,0.01,1.6,1996,5,May
1996-06-30,Chloride,48,93.03541666666666,73.0,28.1,279.0,1996,6,June
1996-06-30,Dissolved oxygen (DO),23,8.708695652173914,8.8,6.2,10.0,1996,6,June
1996-06-30,Kjeldahl nitrogen,42,0.7771428571428571,0.5800000000000001,0.38,5.2,1996,6,June
1996-06-30,Specific conductance,42,735.2380952380952,721.0,354.0,1290.0,1996,6,June
1996-06-30,"Temperature, water",23,16.878260869565217,17.0,13.9,20.0,1996,6,June
1996-06-30,"Total Phosphorus, mixed forms",50,0.093744,0.0592,0.01,0.8,1996,6,June
1996-07-31,Chloride,40,88.3875,83.30000000000001,18.0,193.0,1996,7,July
1996-07-31,Dissolved oxygen (DO),1,7.45,7.45,7.45,7.45,1996,7,July
1996-07-31,Kjeldahl nitrogen,38,0.5663157894736842,0.5,0.18,2.1,1996,7,July
1996-07-31,Specific conductance,38,703.1315789473684,715.5,313.0,1160.0,1996,7,July
1996-07-31,"Temperature, water",1,18.4,18.4,18.4,18.4,1996,7,July
1996-07-31,"Total Phosphorus, mixed forms",47,0.06313617021276596,0.05,0.01,0.38,1996,7,July
1996-08-31,Chloride,39,84.28461538461538,67.2,24.1,219.0,1996,8,August
1996-08-31,Dissolved oxygen (DO),25,8.224,8.5,5.1,9.8,1996,8,August
1996-08-31,Kjeldahl nitrogen,37,0.5297297297297298,0.5,0.3,1.32,1996,8,August
1996-08-31,Specific conductance,37,710.3783783783783,642.0,338.0,1430.0,1996,8,August
1996-08-31,"Temperature, water",28,18.567857142857143,18.45,15.5,24.0,1996,8,August
1996-08-31,"Total Phosphorus, mixed forms",45,0.05701333333333333,0.04,0.01,0.36,1996,8,August
1996-09-30,Chloride,41,63.49268292682926,52.0,4.8,129.0,1996,9,September
1996-09-30,Dissolved oxygen (DO),28,8.891428571428571,9.0,6.3,10.8,1996,9,September
1996-09-30,Kjeldahl nitrogen,39,0.6251282051282051,0.6,0.24,1.3,1996,9,September
1996-09-30,Specific conductance,39,622.5897435897435,615.0,265.0,904.0,1996,9,September
1996-09-30,"Temperature, water",33,15.984848484848484,14.8,12.0,24.2,1996,9,September
1996-09-30,"Total Phosphorus, mixed forms",45,0.05072,0.04,0.01,0.21,1996,9,September
1996-10-31,Chloride,39,80.77435897435898,76.8,20.4,182.0,1996,10,October
1996-10-31,Dissolved oxygen (DO),9,10.426666666666668,10.2,9.46,11.8,1996,10,October
1996-10-31,Kjeldahl nitrogen,37,0.5967567567567568,0.54,0.3,2.32,1996,10,October
1996-10-31,Specific conductance,37,686.0,702.0,342.0,1090.0,1996,10,October
1996-10-31,"Temperature, water",12,9.075000000000001,9.0,7.4,11.5,1996,10,October
1996-10-31,"Total Phosphorus, mixed forms",38,0.040947368421052635,0.04,0.01,0.18,1996,10,October
1996-11-30,Chloride,20,83.705,79.8,28.0,192.0,1996,11,November
1996-11-30,Dissolved oxygen (DO),11,12.416363636363638,13.8,1.4,16.0,1996,11,November
1996-11-30,Kjeldahl nitrogen,19,0.5610526315789474,0.46,0.32,2.16,1996,11,November
1996-11-30,Specific conductance,19,731.2631578947369,765.0,369.0,1110.0,1996,11,November
1996-11-30,"Temperature, water",8,4.0125,3.8,2.0,6.3,1996,11,November
1996-11-30,"Total Phosphorus, mixed forms",25,0.035072,0.0264,0.0084,0.14,1996,11,November
1996-12-31,Chloride,37,85.45945945945945,62.4,25.2,402.0,1996,12,December
1996-12-31,Dissolved oxygen (DO),10,14.66,14.899999999999999,12.2,16.6,1996,12,December
1996-12-31,Kjeldahl nitrogen,35,1.0485714285714287,0.52,0.3,4.5,1996,12,December
1996-12-31,Specific conductance,35,708.1714285714286,691.0,382.0,1930.0,1996,12,December
1996-12-31,"Temperature, water",11,2.5090909090909093,2.0,1.0,4.9,1996,12,December
1996-12-31,"Total Phosphorus, mixed forms",39,0.3439897435897436,0.0484,0.0068,3.4,1996,12,December
1997-01-31,Chloride,29,168.63793103448276,118.0,36.0,531.0,1997,1,January
1997-01-31,Dissolved oxygen (DO),7,13.957142857142857,14.0,13.5,14.2,1997,1,January
1997-01-31,Kjeldahl nitrogen,26,0.8038461538461538,0.65,0.44,3.0,1997,1,January
1997-01-31,Specific conductance,26,993.5,832.0,478.0,2280.0,1997,1,January
1997-01-31,"Temperature, water",4,5.5,5.5,3.0,8.0,1997,1,January
1997-01-31,"Total Phosphorus, mixed forms",33,0.1563878787878788,0.05,0.01,3.2,1997,1,January
1997-02-28,Chloride,31,233.46129032258065,143.0,28.2,1610.0,1997,2,February
1997-02-28,Dissolved oxygen (DO),9,12.55888888888889,14.0,1.4,15.0,1997,2,February
1997-02-28,Kjeldahl nitrogen,30,0.99,0.67,0.32,3.8,1997,2,February
1997-02-28,Specific conductance,30,1142.5,913.0,408.0,5200.0,1997,2,February
1997-02-28,"Temperature, water",8,2.6875,1.3,0.5,13.5,1997,2,February
1997-02-28,"Total Phosphorus, mixed forms",37,0.09935675675675676,0.05,0.01,0.47,1997,2,February
1997-03-31,Chloride,42,144.80714285714285,78.19999999999999,23.6,1520.0,1997,3,March
1997-03-31,Dissolved oxygen (DO),5,13.4,13.0,12.6,14.8,1997,3,March
1997-03-31,Kjeldahl nitrogen,33,0.6266666666666667,0.42,0.22,3.7,1997,3,March
1997-03-31,Specific conductance,32,957.59375,740.5,495.0,4810.0,1997,3,March
1997-03-31,"Temperature, water",6,4.166666666666667,1.0,0.0,22.0,1997,3,March
1997-03-31,"Total Phosphorus, mixed forms",40,0.05262,0.03,0.01,0.32,1997,3,March
1997-04-30,Chloride,40,127.495,84.2,24.4,686.0,1997,4,April
1997-04-30,Dissolved oxygen (DO),13,6.5576923076923075,1.68,1.17,13.6,1997,4,April
1997-04-30,Kjeldahl nitrogen,39,0.442051282051282,0.42,0.24,1.16,1997,4,April
1997-04-30,Specific conductance,39,868.1538461538462,757.0,487.0,2740.0,1997,4,April
1997-04-30,"Temperature, water",13,7.1923076923076925,7.5,4.5,9.5,1997,4,April
1997-04-30,"Total Phosphorus, mixed forms",43,0.02221860465116279,0.02,0.01,0.056,1997,4,April
1997-05-31,Chloride,29,73.51034482758621,53.2,26.2,177.0,1997,5,May
1997-05-31,Dissolved oxygen (DO),6,11.375,11.649999999999999,9.8,13.3,1997,5,May
1997-05-31,Kjeldahl nitrogen,28,0.4764285714285714,0.49,0.26,0.96,1997,5,May
1997-05-31,Specific conductance,28,669.7142857142857,712.0,419.0,1000.0,1997,5,May
1997-05-31,"Temperature, water",7,22.67142857142857,11.7,10.8,90.0,1997,5,May
1997-05-31,"Total Phosphorus, mixed forms",36,0.024955555555555554,0.0207,0.01,0.063,1997,5,May
1997-06-30,Chloride,29,77.4241379310345,69.6,26.6,182.0,1997,6,June
1997-06-30,Dissolved oxygen (DO),5,6.498,7.9,0.9,8.19,1997,6,June
1997-06-30,Kjeldahl nitrogen,27,0.6444444444444444,0.58,0.4,1.44,1997,6,June
1997-06-30,Specific conductance,27,644.4814814814815,643.0,316.0,1040.0,1997,6,June
1997-06-30,"Temperature, water",21,5.838095238095238,2.0,1.7,20.4,1997,6,June
1997-06-30,"Total Phosphorus, mixed forms",35,0.06977714285714286,0.07,0.01,0.28,1997,6,June
1997-07-31,Chloride,31,83.48064516129033,90.8,27.8,189.0,1997,7,July
1997-07-31,Dissolved oxygen (DO),1,7.7,7.7,7.7,7.7,1997,7,July
1997-07-31,Kjeldahl nitrogen,29,0.6344827586206896,0.56,0.34,1.76,1997,7,July
1997-07-31,Specific conductance,29,686.5862068965517,740.0,336.0,1230.0,1997,7,July
1997-07-31,"Temperature, water",2,20.85,20.85,18.2,23.5,1997,7,July
1997-07-31,"Total Phosphorus, mixed forms",35,0.08326857142857143,0.05,0.01,1.08,1997,7,July
1997-08-31,Chloride,24,85.55,90.2,27.0,220.0,1997,8,August
1997-08-31,Dissolved oxygen (DO),1,8.14,8.14,8.14,8.14,1997,8,August
1997-08-31,Kjeldahl nitrogen,24,0.6608333333333333,0.64,0.34,2.06,1997,8,August
1997-08-31,Specific conductance,24,695.7916666666666,652.0,366.0,1460.0,1997,8,August
1997-08-31,"Temperature, water",2,18.55,18.55,16.6,20.5,1997,8,August
1997-08-31,"Total Phosphorus, mixed forms",24,0.050833333333333335,0.035,0.01,0.25,1997,8,August
1997-09-30,Chloride,27,91.62222222222223,98.4,8.4,236.0,1997,9,September
1997-09-30,Dissolved oxygen (DO),9,9.783333333333333,9.8,8.05,11.3,1997,9,September
1997-09-30,Kjeldahl nitrogen,27,0.6681481481481482,0.6,0.28,2.7,1997,9,September
1997-09-30,Specific conductance,27,737.2592592592592,758.0,354.0,1560.0,1997,9,September
1997-09-30,"Temperature, water",9,15.100000000000001,16.7,10.0,19.6,1997,9,September
1997-09-30,"Total Phosphorus, mixed forms",24,0.0625,0.045,0.01,0.49,1997,9,September
1997-10-31,Chloride,31,100.64516129032258,107.0,20.8,244.0,1997,10,October
1997-10-31,Dissolved oxygen (DO),8,7.15125,6.37,1.14,14.1,1997,10,October
1997-10-31,Kjeldahl nitrogen,31,0.6051612903225807,0.6,0.22,2.3,1997,10,October
1997-10-31,Specific conductance,31,782.4193548387096,775.0,354.0,1620.0,1997,10,October
1997-10-31,"Temperature, water",8,32.8125,28.0,3.5,73.0,1997,10,October
1997-10-31,"Total Phosphorus, mixed forms",26,0.050769230769230775,0.06,0.01,0.14,1997,10,October
1997-11-30,Chloride,27,155.06666666666666,109.0,37.8,1370.0,1997,11,November
1997-11-30,Dissolved oxygen (DO),6,1.265,1.23,1.1,1.51,1997,11,November
1997-11-30,Kjeldahl nitrogen,27,0.5562962962962964,0.56,0.24,2.16,1997,11,November
1997-11-30,Specific conductance,27,927.3333333333334,850.0,383.0,4480.0,1997,11,November
1997-11-30,"Temperature, water",6,4.2,3.8,0.6,8.0,1997,11,November
1997-11-30,"Total Phosphorus, mixed forms",27,0.04888888888888889,0.04,0.01,0.17,1997,11,November
1997-12-31,Chloride,26,131.40769230769232,150.0,27.6,412.0,1997,12,December
1997-12-31,Dissolved oxygen (DO),1,12.84,12.84,12.84,12.84,1997,12,December
1997-12-31,Kjeldahl nitrogen,26,0.5315384615384615,0.44,0.18,1.92,1997,12,December
1997-12-31,Specific conductance,26,887.5,938.0,437.0,2010.0,1997,12,December
1997-12-31,"Temperature, water",1,1.3,1.3,1.3,1.3,1997,12,December
1997-12-31,"Total Phosphorus, mixed forms",20,0.039,0.04,0.01,0.08,1997,12,December
1998-01-31,Chloride,7,161.17142857142858,163.0,57.2,263.0,1998,1,January
1998-01-31,Kjeldahl nitrogen,8,0.59,0.6,0.48,0.72,1998,1,January
1998-01-31,Specific conductance,8,943.75,1010.0,505.0,1210.0,1998,1,January
1998-01-31,"Total Phosphorus, mixed forms",8,0.0575,0.065,0.01,0.1,1998,1,January
1998-02-28,Chloride,26,130.08461538461538,102.7,30.0,459.0,1998,2,February
1998-02-28,Dissolved oxygen (DO),5,16.032,16.7,13.16,18.5,1998,2,February
1998-02-28,Kjeldahl nitrogen,26,0.6030769230769231,0.52,0.32,1.64,1998,2,February
1998-02-28,Specific conductance,26,875.6538461538462,768.0,590.0,1920.0,1998,2,February
1998-02-28,"Temperature, water",5,3.1399999999999997,3.1,0.5,5.6,1998,2,February
1998-02-28,"Total Phosphorus, mixed forms",24,0.05549166666666667,0.06,0.01,0.13,1998,2,February
1998-03-31,Chloride,25,141.888,116.0,41.0,346.0,1998,3,March
1998-03-31,Dissolved oxygen (DO),4,11.85,14.4,2.4,16.2,1998,3,March
1998-03-31,Kjeldahl nitrogen,25,0.6576000000000001,0.5,0.24,2.04,1998,3,March
1998-03-31,Specific conductance,25,871.68,832.0,450.0,1580.0,1998,3,March
1998-03-31,"Temperature, water",4,2.35,2.15,1.6,3.5,1998,3,March
1998-03-31,"Total Phosphorus, mixed forms",34,0.0627764705882353,0.0466,0.01,0.38,1998,3,March
1998-04-30,Chloride,31,115.56774193548387,127.0,20.6,231.0,1998,4,April
1998-04-30,Dissolved oxygen (DO),1,10.14,10.14,10.14,10.14,1998,4,April
1998-04-30,Kjeldahl nitrogen,31,0.5948387096774194,0.52,0.3,1.88,1998,4,April
1998-04-30,Specific conductance,31,792.0645161290323,823.0,439.0,1200.0,1998,4,April
1998-04-30,"Temperature, water",6,3.9333333333333336,1.5499999999999998,1.0,10.5,1998,4,April
1998-04-30,"Total Phosphorus, mixed forms",35,0.04630857142857143,0.04,0.01,0.16,1998,4,April
1998-05-31,Chloride,31,96.30322580645162,72.0,13.0,215.0,1998,5,May
1998-05-31,Dissolved oxygen (DO),1,9.48,9.48,9.48,9.48,1998,5,May
1998-05-31,Kjeldahl nitrogen,31,0.7303225806451613,0.66,0.36,2.2,1998,5,May
1998-05-31,Specific conductance,31,740.483870967742,759.0,329.0,1260.0,1998,5,May
1998-05-31,"Temperature, water",6,6.233333333333333,1.95,1.5,17.1,1998,5,May
1998-05-31,"Total Phosphorus, mixed forms",31,0.0967741935483871,0.09,0.01,0.54,1998,5,May
1998-06-30,Chloride,30,95.52,94.8,26.4,173.0,1998,6,June
1998-06-30,Dissolved oxygen (DO),9,8.052222222222222,8.2,6.4,9.6,1998,6,June
1998-06-30,Kjeldahl nitrogen,30,0.8546666666666667,0.76,0.38,2.4,1998,6,June
1998-06-30,Specific conductance,30,694.1333333333333,685.0,394.0,978.0,1998,6,June
1998-06-30,"Temperature, water",14,18.014285714285712,19.0,1.4,29.0,1998,6,June
1998-06-30,"Total Phosphorus, mixed forms",30,0.07466666666666667,0.07500000000000001,0.01,0.17,1998,6,June
1998-07-31,Chloride,29,106.4551724137931,129.0,32.2,204.0,1998,7,July
1998-07-31,Dissolved oxygen (DO),1,7.3,7.3,7.3,7.3,1998,7,July
1998-07-31,Kjeldahl nitrogen,29,0.7351724137931035,0.7,0.36,2.06,1998,7,July
1998-07-31,Specific conductance,29,783.9310344827586,848.0,426.0,1420.0,1998,7,July
1998-07-31,"Temperature, water",4,18.525,19.15,12.0,23.8,1998,7,July
1998-07-31,"Total Phosphorus, mixed forms",29,0.0703448275862069,0.07,0.01,0.19,1998,7,July
1998-08-31,Chloride,27,110.2074074074074,90.6,28.6,235.0,1998,8,August
1998-08-31,Dissolved oxygen (DO),1,7.86,7.86,7.86,7.86,1998,8,August
1998-08-31,Kjeldahl nitrogen,27,0.6696296296296296,0.74,0.28,1.2,1998,8,August
1998-08-31,Specific conductance,27,795.7777777777778,663.0,402.0,1480.0,1998,8,August
1998-08-31,"Temperature, water",6,17.099999999999998,16.25,12.0,23.0,1998,8,August
1998-08-31,"Total Phosphorus, mixed forms",24,0.10666666666666667,0.065,0.01,0.85,1998,8,August
1998-09-30,Chloride,33,110.27272727272727,120.0,23.8,260.0,1998,9,September
1998-09-30,Dissolved oxygen (DO),5,8.608,8.7,7.74,9.6,1998,9,September
1998-09-30,Kjeldahl nitrogen,33,0.8006060606060607,0.64,0.22,4.5,1998,9,September
1998-09-30,Specific conductance,33,794.0909090909091,846.0,438.0,1490.0,1998,9,September
1998-09-30,"Temperature, water",12,17.708333333333332,17.0,14.4,23.0,1998,9,September
1998-09-30,"Total Phosphorus, mixed forms",31,0.061612903225806454,0.05,0.01,0.18,1998,9,September
1998-10-31,Chloride,30,124.45333333333333,130.0,39.6,238.0,1998,10,October
1998-10-31,Kjeldahl nitrogen,30,1.034,0.7,0.26,5.56,1998,10,October
1998-10-31,Specific conductance,30,903.2333333333333,933.0,477.0,1560.0,1998,10,October
1998-10-31,"Temperature, water",5,6.779999999999999,9.0,1.2,12.0,1998,10,October
1998-10-31,"Total Phosphorus, mixed forms",29,0.05620689655172413,0.04,0.01,0.25,1998,10,October
1998-11-30,Chloride,32,127.875,91.0,34.0,249.0,1998,11,November
1998-11-30,Dissolved oxygen (DO),4,12.675,13.05,11.3,13.3,1998,11,November
1998-11-30,Kjeldahl nitrogen,32,1.06625,0.71,0.28,5.0,1998,11,November
1998-11-30,Specific conductance,32,920.875,825.0,482.0,1600.0,1998,11,November
1998-11-30,"Temperature, water",11,5.245454545454546,6.9,0.1,8.0,1998,11,November
1998-11-30,"Total Phosphorus, mixed forms",30,0.07766666666666668,0.06,0.01,0.29,1998,11,November
1998-12-31,Chloride,28,134.5,132.0,27.4,248.0,1998,12,December
1998-12-31,Dissolved oxygen (DO),1,13.8,13.8,13.8,13.8,1998,12,December
1998-12-31,Kjeldahl nitrogen,28,0.7992857142857143,0.47,0.24,6.84,1998,12,December
1998-12-31,Specific conductance,28,961.1785714285714,964.5,527.0,1530.0,1998,12,December
1998-12-31,"Temperature, water",4,2.8000000000000003,1.8,1.2,6.4,1998,12,December
1998-12-31,"Total Phosphorus, mixed forms",26,0.07660769230769231,0.0609,0.01,0.5,1998,12,December
1999-01-31,Chloride,21,217.44761904761904,173.0,44.0,452.0,1999,1,January
1999-01-31,Kjeldahl nitrogen,21,1.0142857142857142,0.86,0.52,2.8,1999,1,January
1999-01-31,Specific conductance,21,1139.8095238095239,1020.0,582.0,1940.0,1999,1,January
1999-01-31,"Total Phosphorus, mixed forms",23,0.06930434782608696,0.07,0.02,0.13,1999,1,January
1999-02-28,Chloride,11,211.29090909090908,249.0,40.4,363.0,1999,2,February
1999-02-28,Dissolved oxygen (DO),1,13.85,13.85,13.85,13.85,1999,2,February
1999-02-28,Kjeldahl nitrogen,12,0.665,0.62,0.48,1.04,1999,2,February
1999-02-28,Specific conductance,12,1209.6666666666667,1315.0,633.0,1700.0,1999,2,February
1999-02-28,"Temperature, water",2,0.2,0.2,0.0,0.4,1999,2,February
1999-02-28,"Total Phosphorus, mixed forms",11,0.053636363636363635,0.06,0.02,0.09,1999,2,February
1999-03-31,Chloride,46,182.0108695652174,124.0,32.7,1290.0,1999,3,March
1999-03-31,Kjeldahl nitrogen,44,1.0063636363636363,0.86,0.36,2.6,1999,3,March
1999-03-31,Specific conductance,44,970.4318181818181,837.0,525.0,2390.0,1999,3,March
1999-03-31,"Temperature, water",5,4.64,0.4,0.4,11.0,1999,3,March
1999-03-31,"Total Phosphorus, mixed forms",49,0.06931836734693878,0.05,0.01,0.41,1999,3,March
1999-04-30,Chloride,37,132.61621621621623,120.0,30.8,271.0,1999,4,April
1999-04-30,Dissolved oxygen (DO),1,11.04,11.04,11.04,11.04,1999,4,April
1999-04-30,Kjeldahl nitrogen,31,0.815483870967742,0.7,0.34,4.36,1999,4,April
1999-04-30,Specific conductance,31,924.2258064516129,1010.0,559.0,1370.0,1999,4,April
1999-04-30,"Temperature, water",6,3.533333333333333,1.2000000000000002,1.0,8.9,1999,4,April
1999-04-30,"Total Phosphorus, mixed forms",35,0.04677714285714286,0.04,0.01,0.16,1999,4,April
1999-05-31,Chloride,33,127.11515151515152,156.0,34.2,223.0,1999,5,May
1999-05-31,Dissolved oxygen (DO),1,8.85,8.85,8.85,8.85,1999,5,May
1999-05-31,Kjeldahl nitrogen,31,0.9367741935483871,0.66,0.28,4.52,1999,5,May
1999-05-31,Specific conductance,31,855.5806451612904,917.0,497.0,1340.0,1999,5,May
1999-05-31,"Temperature, water",5,7.88,1.8,1.5,18.9,1999,5,May
1999-05-31,"Total Phosphorus, mixed forms",31,0.07198709677419356,0.05,0.01,0.5,1999,5,May
1999-06-30,Chloride,31,133.26451612903224,136.0,24.2,263.0,1999,6,June
1999-06-30,Dissolved oxygen (DO),1,6.74,6.74,6.74,6.74,1999,6,June
1999-06-30,Kjeldahl nitrogen,31,0.9954838709677419,0.68,0.28,3.32,1999,6,June
1999-06-30,Specific conductance,31,883.2903225806451,950.0,433.0,1470.0,1999,6,June
1999-06-30,"Temperature, water",6,9.15,2.4,2.1,23.6,1999,6,June
1999-06-30,"Total Phosphorus, mixed forms",29,0.12655172413793103,0.05,0.01,1.17,1999,6,June
1999-07-31,Chloride,33,142.06060606060606,150.0,29.0,251.0,1999,7,July
1999-07-31,Dissolved oxygen (DO),1,6.77,6.77,6.77,6.77,1999,7,July
1999-07-31,Kjeldahl nitrogen,31,0.6193548387096774,0.66,0.32,0.92,1999,7,July
1999-07-31,Specific conductance,33,902.0909090909091,948.0,449.0,1500.0,1999,7,July
1999-07-31,"Temperature, water",4,7.45,2.5,2.3,22.5,1999,7,July
1999-07-31,"Total Phosphorus, mixed forms",26,0.06615384615384615,0.07,0.01,0.17,1999,7,July
1999-08-31,Chloride,33,116.46060606060605,108.0,34.4,254.0,1999,8,August
1999-08-31,Dissolved oxygen (DO),1,7.77,7.77,7.77,7.77,1999,8,August
1999-08-31,Kjeldahl nitrogen,33,0.6515151515151515,0.64,0.24,2.6,1999,8,August
1999-08-31,Specific conductance,31,775.0967741935484,744.0,415.0,1320.0,1999,8,August
1999-08-31,"Temperature, water",8,6.1525,2.05,0.02,20.1,1999,8,August
1999-08-31,"Total Phosphorus, mixed forms",32,0.075625,0.05,0.01,0.57,1999,8,August
1999-09-30,Chloride,32,106.45,102.9,30.8,195.0,1999,9,September
1999-09-30,Dissolved oxygen (DO),1,8.65,8.65,8.65,8.65,1999,9,September
1999-09-30,Kjeldahl nitrogen,32,0.815625,0.76,0.42,2.56,1999,9,September
1999-09-30,Specific conductance,32,686.1875,655.5,324.0,1000.0,1999,9,September
1999-09-30,"Temperature, water",6,6.835,1.75,0.01,20.5,1999,9,September
1999-09-30,"Total Phosphorus, mixed forms",32,0.0853125,0.07500000000000001,0.01,0.34,1999,9,September
1999-10-31,Chloride,16,113.0625,115.3,44.8,192.0,1999,10,October
1999-10-31,Kjeldahl nitrogen,17,1.0152941176470587,0.7,0.38,4.1,1999,10,October
1999-10-31,Specific conductance,16,651.3125,713.0,322.0,966.0,1999,10,October
1999-10-31,"Temperature, water",7,3.045714285714286,1.1,0.01,10.1,1999,10,October
1999-10-31,"Total Phosphorus, mixed forms",17,0.10705882352941176,0.06,0.01,0.34,1999,10,October
1999-11-30,Chloride,45,121.82222222222222,113.0,22.2,228.0,1999,11,November
1999-11-30,Kjeldahl nitrogen,45,0.8413333333333333,0.56,0.3,6.74,1999,11,November
1999-11-30,Specific conductance,45,799.0,767.0,441.0,1160.0,1999,11,November
1999-11-30,"Temperature, water",5,16.7422,0.9,0.001,81.0,1999,11,November
1999-11-30,"Total Phosphorus, mixed forms",41,0.06658536585365854,0.04,0.01,0.43,1999,11,November
1999-12-31,Chloride,10,136.56,164.5,32.0,210.0,1999,12,December
1999-12-31,Dissolved oxygen (DO),1,12.19,12.19,12.19,12.19,1999,12,December
1999-12-31,Kjeldahl nitrogen,13,0.9907692307692307,0.6,0.4,5.52,1999,12,December
1999-12-31,Specific conductance,13,993.0769230769231,1140.0,551.0,1300.0,1999,12,December
1999-12-31,"Temperature, water",3,3.35,4.7,0.35,5.0,1999,12,December
1999-12-31,"Total Phosphorus, mixed forms",12,0.04833333333333333,0.055,0.01,0.08,1999,12,December
2000-01-31,Chloride,25,214.81599999999997,200.0,47.4,933.0,2000,1,January
2000-01-31,Kjeldahl nitrogen,26,0.823076923076923,0.75,0.4,1.62,2000,1,January
2000-01-31,Specific conductance,26,1150.923076923077,1155.0,602.0,3500.0,2000,1,January
2000-01-31,"Temperature, water",1,2.0,2.0,2.0,2.0,2000,1,January
2000-01-31,"Total Phosphorus, mixed forms",26,0.06438461538461539,0.064,0.012,0.14,2000,1,January
2000-02-29,Chloride,43,199.27906976744185,133.0,34.6,902.0,2000,2,February
2000-02-29,Kjeldahl nitrogen,43,1.0479069767441862,0.88,0.28,5.32,2000,2,February
2000-02-29,Specific conductance,43,1118.5581395348838,964.0,474.0,3920.0,2000,2,February
2000-02-29,"Temperature, water",3,0.5333333333333333,0.5,0.1,1.0,2000,2,February
2000-02-29,"Total Phosphorus, mixed forms",42,0.09671428571428572,0.064,0.016,0.648,2000,2,February
2000-03-31,Chloride,37,225.34054054054056,189.0,11.4,1120.0,2000,3,March
2000-03-31,Dissolved oxygen (DO),1,13.27,13.27,13.27,13.27,2000,3,March
2000-03-31,Kjeldahl nitrogen,37,0.6589189189189189,0.6,0.32,2.48,2000,3,March
2000-03-31,Specific conductance,37,1172.918918918919,1140.0,545.0,3860.0,2000,3,March
2000-03-31,"Temperature, water",4,6.2125,5.0,0.35,14.5,2000,3,March
2000-03-31,"Total Phosphorus, mixed forms",33,0.05806060606060606,0.04,0.01,0.234,2000,3,March
2000-04-30,Chloride,14,189.07142857142858,198.5,28.4,334.0,2000,4,April
2000-04-30,Dissolved oxygen (DO),1,10.74,10.74,10.74,10.74,2000,4,April
2000-04-30,Kjeldahl nitrogen,15,0.8306666666666668,0.64,0.22,2.42,2000,4,April
2000-04-30,Specific conductance,15,1114.5333333333333,1120.0,510.0,1740.0,2000,4,April
2000-04-30,"Temperature, water",6,5.736833333333333,8.0,0.01,9.4,2000,4,April
2000-04-30,"Total Phosphorus, mixed forms",15,0.054000000000000006,0.032,0.014,0.232,2000,4,April
2000-05-31,Chloride,47,139.38297872340425,139.0,24.6,386.0,2000,5,May
2000-05-31,Dissolved oxygen (DO),1,9.49,9.49,9.49,9.49,2000,5,May
2000-05-31,Kjeldahl nitrogen,47,0.7799999999999999,0.6,0.28,2.76,2000,5,May
2000-05-31,Specific conductance,47,890.3404255319149,917.0,459.0,2020.0,2000,5,May
2000-05-31,"Temperature, water",6,6.5,1.95,1.3,19.0,2000,5,May
2000-05-31,"Total Phosphorus, mixed forms",43,0.046232558139534884,0.034,0.01,0.152,2000,5,May
2000-06-30,Chloride,23,77.56521739130434,80.4,23.6,156.0,2000,6,June
2000-06-30,Dissolved oxygen (DO),1,0.0923,0.0923,0.0923,0.0923,2000,6,June
2000-06-30,Kjeldahl nitrogen,23,0.7765217391304348,0.64,0.52,1.66,2000,6,June
2000-06-30,Specific conductance,23,650.3478260869565,642.0,412.0,987.0,2000,6,June
2000-06-30,"Temperature, water",6,6.6375,1.6,0.012,19.5,2000,6,June
2000-06-30,"Total Phosphorus, mixed forms",23,0.08226086956521739,0.06,0.02,0.33,2000,6,June
2000-07-31,Chloride,28,127.2,140.5,35.6,216.0,2000,7,July
2000-07-31,Dissolved oxygen (DO),1,8.53,8.53,8.53,8.53,2000,7,July
2000-07-31,Kjeldahl nitrogen,29,0.6317241379310345,0.64,0.34,1.84,2000,7,July
2000-07-31,Specific conductance,29,855.6206896551724,880.0,425.0,1260.0,2000,7,July
2000-07-31,"Temperature, water",3,7.533333333333334,2.1,1.9,18.6,2000,7,July
2000-07-31,"Total Phosphorus, mixed forms",29,0.056206896551724145,0.05,0.01,0.2,2000,7,July
2000-08-31,Chloride,52,108.51153846153846,92.6,31.4,246.0,2000,8,August
2000-08-31,Dissolved oxygen (DO),1,8.11,8.11,8.11,8.11,2000,8,August
2000-08-31,Kjeldahl nitrogen,52,0.856923076923077,0.64,0.28,3.04,2000,8,August
2000-08-31,Specific conductance,52,757.8269230769231,709.5,302.0,1420.0,2000,8,August
2000-08-31,"Temperature, water",8,6.154625,2.1,0.018,21.0,2000,8,August
2000-08-31,"Total Phosphorus, mixed forms",49,0.09551020408163265,0.056,0.01,0.584,2000,8,August
2000-09-30,Chloride,39,99.45641025641027,91.2,29.0,208.0,2000,9,September
2000-09-30,Dissolved oxygen (DO),1,10.33,10.33,10.33,10.33,2000,9,September
2000-09-30,Kjeldahl nitrogen,39,0.7266666666666667,0.6,0.28,4.2,2000,9,September
2000-09-30,Specific conductance,39,754.9487179487179,728.0,402.0,1350.0,2000,9,September
2000-09-30,"Temperature, water",4,17.375,18.5,10.5,22.0,2000,9,September
2000-09-30,"Total Phosphorus, mixed forms",37,0.09205405405405406,0.048,0.012,1.36,2000,9,September
2000-10-31,Chloride,36,126.03333333333333,134.5,40.2,256.0,2000,10,October
2000-10-31,Kjeldahl nitrogen,36,1.3933333333333335,0.59,0.24,13.8,2000,10,October
2000-10-31,Specific conductance,36,897.5833333333334,937.0,493.0,1490.0,2000,10,October
2000-10-31,"Temperature, water",7,2.6615714285714285,1.2,0.014,8.0,2000,10,October
2000-10-31,"Total Phosphorus, mixed forms",35,0.07754285714285714,0.038,0.012,1.08,2000,10,October
2000-11-30,Chloride,35,111.77142857142857,89.4,31.6,233.0,2000,11,November
2000-11-30,Dissolved oxygen (DO),1,13.69,13.69,13.69,13.69,2000,11,November
2000-11-30,Kjeldahl nitrogen,35,0.8879999999999999,0.62,0.28,3.76,2000,11,November
2000-11-30,Specific conductance,35,796.5714285714286,796.0,329.0,1190.0,2000,11,November
2000-11-30,"Temperature, water",5,0.9199999999999999,0.6,0.4,2.3,2000,11,November
2000-11-30,"Total Phosphorus, mixed forms",35,0.10822857142857142,0.058,0.012,0.89,2000,11,November
2000-12-31,Chloride,8,251.35,202.5,50.4,667.0,2000,12,December
2000-12-31,Kjeldahl nitrogen,8,0.9925,0.66,0.44,3.54,2000,12,December
2000-12-31,Specific conductance,8,1272.75,1150.0,579.0,2610.0,2000,12,December
2000-12-31,"Temperature, water",2,0.3,0.3,0.3,0.3,2000,12,December
2000-12-31,"Total Phosphorus, mixed forms",8,0.07025,0.063,0.01,0.158,2000,12,December
2001-01-31,Chloride,36,186.5611111111111,158.0,32.4,931.0,2001,1,January
2001-01-31,Dissolved oxygen (DO),1,13.44,13.44,13.44,13.44,2001,1,January
2001-01-31,Kjeldahl nitrogen,36,0.8983333333333334,0.69,0.24,3.12,2001,1,January
2001-01-31,Specific conductance,36,1074.4722222222222,1030.0,612.0,3130.0,2001,1,January
2001-01-31,"Temperature, water",1,1.2,1.2,1.2,1.2,2001,1,January
2001-01-31,"Total Phosphorus, mixed forms",32,0.05875,0.046,0.012,0.21,2001,1,January
2001-02-28,Chloride,18,168.10000000000002,122.5,19.6,374.0,2001,2,February
2001-02-28,Kjeldahl nitrogen,18,0.8088888888888889,0.72,0.44,2.1,2001,2,February
2001-02-28,Specific conductance,18,947.3888888888889,783.0,569.0,1660.0,2001,2,February
2001-02-28,"Temperature, water",1,0.1,0.1,0.1,0.1,2001,2,February
2001-02-28,"Total Phosphorus, mixed forms",18,0.05766666666666667,0.053000000000000005,0.014,0.166,2001,2,February
2001-03-31,Chloride,28,256.92857142857144,204.5,38.2,1400.0,2001,3,March
2001-03-31,Kjeldahl nitrogen,27,0.8348148148148148,0.64,0.38,2.9,2001,3,March
2001-03-31,Specific conductance,28,1258.107142857143,1110.0,573.0,4380.0,2001,3,March
2001-03-31,"Temperature, water",4,1.4,1.2,0.2,3.0,2001,3,March
2001-03-31,"Total Phosphorus, mixed forms",26,0.053,0.047,0.012,0.164,2001,3,March
2001-04-30,Chloride,29,148.20689655172413,151.0,29.6,347.0,2001,4,April
2001-04-30,Dissolved oxygen (DO),8,11.8456625,13.41,0.0953,13.81,2001,4,April
2001-04-30,Kjeldahl nitrogen,36,0.9183888888888888,0.52,0.173,6.92,2001,4,April
2001-04-30,Specific conductance,36,821.0,787.5,287.0,1520.0,2001,4,April
2001-04-30,"Temperature, water",12,2.316666666666667,2.8,0.5,4.1,2001,4,April
2001-04-30,"Total Phosphorus, mixed forms",41,0.07197317073170731,0.024,0.0043,1.03,2001,4,April
2001-05-31,Chloride,35,125.93714285714286,132.0,30.2,234.0,2001,5,May
2001-05-31,Dissolved oxygen (DO),13,8.116153846153846,8.3,6.2,9.97,2001,5,May
2001-05-31,Kjeldahl nitrogen,35,1.4382857142857144,0.92,0.56,7.48,2001,5,May
2001-05-31,Specific conductance,35,824.4285714285714,763.0,530.0,1290.0,2001,5,May
2001-05-31,"Temperature, water",18,11.256388888888889,14.100000000000001,0.015,17.8,2001,5,May
2001-05-31,"Total Phosphorus, mixed forms",35,0.15554285714285715,0.14,0.022,0.484,2001,5,May
2001-06-30,Chloride,26,138.63846153846154,164.0,32.8,237.0,2001,6,June
2001-06-30,Dissolved oxygen (DO),16,7.44038125,8.43,0.0861,10.21,2001,6,June
2001-06-30,Kjeldahl nitrogen,26,1.0907692307692307,0.63,0.4,3.52,2001,6,June
2001-06-30,Specific conductance,26,906.2692307692307,965.0,531.0,1230.0,2001,6,June
2001-06-30,"Temperature, water",20,15.401150000000001,18.15,0.023,23.8,2001,6,June
2001-06-30,"Total Phosphorus, mixed forms",25,0.102,0.068,0.016,0.332,2001,6,June
2001-07-31,Chloride,30,131.54666666666668,140.0,31.4,226.0,2001,7,July
2001-07-31,Dissolved oxygen (DO),16,7.321875,7.914999999999999,2.2,9.84,2001,7,July
2001-07-31,Kjeldahl nitrogen,29,0.8386206896551724,0.72,0.4,2.6,2001,7,July
2001-07-31,Specific conductance,30,837.2333333333333,843.5,483.0,1280.0,2001,7,July
2001-07-31,"Temperature, water",21,18.3,20.6,2.1,24.2,2001,7,July
2001-07-31,"Total Phosphorus, mixed forms",30,0.1196,0.109,0.014,0.344,2001,7,July
2001-08-31,Chloride,28,133.32142857142858,156.0,36.8,248.0,2001,8,August
2001-08-31,Dissolved oxygen (DO),33,7.478227272727272,9.12,0.0815,14.94,2001,8,August
2001-08-31,Kjeldahl nitrogen,45,0.6362888888888889,0.44,0.186,4.28,2001,8,August
2001-08-31,Specific conductance,45,632.0222222222222,573.0,303.0,1380.0,2001,8,August
2001-08-31,"Temperature, water",21,17.87142861904762,18.2,1.8,22.4,2001,8,August
2001-08-31,"Total Phosphorus, mixed forms",61,0.04817868852459016,0.0158,0.0028,0.772,2001,8,August
2001-09-30,Chloride,26,111.23076923076923,97.5,32.2,197.0,2001,9,September
2001-09-30,Dissolved oxygen (DO),1,0.0872,0.0872,0.0872,0.0872,2001,9,September
2001-09-30,Kjeldahl nitrogen,26,0.8915384615384615,0.62,0.32,5.16,2001,9,September
2001-09-30,Specific conductance,26,768.4230769230769,753.5,337.0,1280.0,2001,9,September
2001-09-30,"Temperature, water",6,0.5941666666666666,0.0185,0.01,1.9,2001,9,September
2001-09-30,"Total Phosphorus, mixed forms",26,0.07907692307692307,0.059,0.012,0.348,2001,9,September
2001-10-31,Chloride,24,113.14166666666667,107.5,40.6,201.0,2001,10,October
2001-10-31,Dissolved oxygen (DO),15,0.9366666666666668,0.96,0.7,1.07,2001,10,October
2001-10-31,Kjeldahl nitrogen,24,0.7833333333333333,0.64,0.44,3.84,2001,10,October
2001-10-31,Specific conductance,24,791.625,800.0,451.0,1180.0,2001,10,October
2001-10-31,"Temperature, water",19,8.136842105263158,10.5,0.06,13.4,2001,10,October
2001-10-31,"Total Phosphorus, mixed forms",24,0.06675,0.053,0.018,0.216,2001,10,October
2001-11-30,Chloride,31,117.34193548387097,97.8,33.8,240.0,2001,11,November
2001-11-30,Dissolved oxygen (DO),16,0.11055,0.1175,0.0068,0.133,2001,11,November
2001-11-30,Kjeldahl nitrogen,31,0.7106451612903226,0.64,0.32,2.2,2001,11,November
2001-11-30,Specific conductance,31,772.8709677419355,694.0,449.0,1290.0,2001,11,November
2001-11-30,"Temperature, water",20,0.8985,0.505,0.34,8.0,2001,11,November
2001-11-30,"Total Phosphorus, mixed forms",29,0.07572413793103448,0.068,0.01,0.176,2001,11,November
2001-12-31,Chloride,11,133.6909090909091,142.0,46.2,206.0,2001,12,December
2001-12-31,Kjeldahl nitrogen,11,0.7963636363636364,0.64,0.44,1.66,2001,12,December
2001-12-31,Specific conductance,11,825.1818181818181,847.0,473.0,1100.0,2001,12,December
2001-12-31,"Temperature, water",5,0.44400000000000006,0.5,0.06,0.8,2001,12,December
2001-12-31,"Total Phosphorus, mixed forms",11,0.082,0.074,0.018,0.216,2001,12,December
2002-01-31,Chloride,38,191.5,153.0,44.2,584.0,2002,1,January
2002-01-31,Dissolved oxygen (DO),34,12.40264705882353,12.649999999999999,7.32,14.8,2002,1,January
2002-01-31,Kjeldahl nitrogen,38,0.751578947368421,0.63,0.28,1.72,2002,1,January
2002-01-31,Specific conductance,38,1061.578947368421,934.0,561.0,2090.0,2002,1,January
2002-01-31,"Temperature, water",35,4.357142857142857,2.1,0.0,26.0,2002,1,January
2002-01-31,"Total Phosphorus, mixed forms",38,0.057052631578947376,0.055,0.012,0.204,2002,1,January
2002-02-28,Chloride,15,210.8,235.0,44.0,349.0,2002,2,February
2002-02-28,Dissolved oxygen (DO),9,12.520000000000001,12.8,9.8,16.5,2002,2,February
2002-02-28,Kjeldahl nitrogen,15,0.7933333333333333,0.68,0.38,2.08,2002,2,February
2002-02-28,Specific conductance,15,1101.8,1180.0,611.0,1590.0,2002,2,February
2002-02-28,"Temperature, water",12,3.845833333333333,4.3,-0.05,6.4,2002,2,February
2002-02-28,"Total Phosphorus, mixed forms",14,0.10157142857142856,0.079,0.014,0.372,2002,2,February
2002-03-31,Chloride,20,129.48,102.0,36.0,263.0,2002,3,March
2002-03-31,Dissolved oxygen (DO),19,11.823157894736841,12.1,7.1,15.0,2002,3,March
2002-03-31,Kjeldahl nitrogen,20,0.712,0.6799999999999999,0.36,1.22,2002,3,March
2002-03-31,Specific conductance,20,837.0,762.5,533.0,1290.0,2002,3,March
2002-03-31,"Temperature, water",19,3.6999999999999997,2.8,1.6,10.2,2002,3,March
2002-03-31,"Total Phosphorus, mixed forms",20,0.0646,0.058,0.016,0.168,2002,3,March
2002-05-31,Chloride,18,149.7111111111111,142.5,30.4,275.0,2002,5,May
2002-05-31,Dissolved oxygen (DO),5,10.504,10.52,9.7,11.7,2002,5,May
2002-05-31,Kjeldahl nitrogen,18,0.9944444444444444,0.7,0.44,3.44,2002,5,May
2002-05-31,Specific conductance,18,856.0555555555555,853.0,466.0,1330.0,2002,5,May
2002-05-31,"Temperature, water",12,13.049999999999999,13.25,10.0,16.5,2002,5,May
2002-05-31,"Total Phosphorus, mixed forms",28,15.355,0.158,0.012,68.5,2002,5,May
2002-06-30,Chloride,59,122.57288135593221,102.0,18.3,434.0,2002,6,June
2002-06-30,Dissolved oxygen (DO),40,8.139,8.535,2.8,12.0,2002,6,June
2002-06-30,Kjeldahl nitrogen,59,0.7350847457627118,0.57,0.26,3.16,2002,6,June
2002-06-30,Specific conductance,59,792.5593220338983,705.0,426.0,1790.0,2002,6,June
2002-06-30,"Temperature, water",49,17.512244897959185,17.5,12.0,23.9,2002,6,June
2002-06-30,"Total Phosphorus, mixed forms",71,5.735070422535212,0.051,0.012,61.5,2002,6,June
2002-07-31,Chloride,43,118.8046511627907,108.0,17.8,228.0,2002,7,July
2002-07-31,Dissolved oxygen (DO),19,7.487894736842105,7.6,2.9,10.7,2002,7,July
2002-07-31,Kjeldahl nitrogen,43,0.8130232558139535,0.67,0.14,3.59,2002,7,July
2002-07-31,Specific conductance,43,749.5813953488372,756.0,429.0,1090.0,2002,7,July
2002-07-31,"Temperature, water",32,21.08125,21.25,14.5,25.0,2002,7,July
2002-07-31,"Total Phosphorus, mixed forms",51,3.920529411764706,0.072,0.01,52.6,2002,7,July
2002-08-31,Chloride,46,116.13260869565218,92.85,11.2,311.0,2002,8,August
2002-08-31,Dissolved oxygen (DO),26,8.71,8.9,3.8,12.14,2002,8,August
2002-08-31,Kjeldahl nitrogen,38,0.8071052631578948,0.5900000000000001,0.23,4.53,2002,8,August
2002-08-31,Specific conductance,38,826.3684210526316,848.5,438.0,1400.0,2002,8,August
2002-08-31,"Temperature, water",35,18.67142857142857,18.0,14.0,25.0,2002,8,August
2002-08-31,"Total Phosphorus, mixed forms",52,2.8959615384615387,0.059,0.01,36.0,2002,8,August
2002-09-30,Chloride,37,93.54324324324324,83.3,11.0,245.0,2002,9,September
2002-09-30,Dissolved oxygen (DO),21,8.656190476190476,8.7,5.9,10.4,2002,9,September
2002-09-30,Kjeldahl nitrogen,31,0.8099999999999999,0.5,0.16,4.89,2002,9,September
2002-09-30,Specific conductance,31,777.4193548387096,703.0,506.0,1430.0,2002,9,September
2002-09-30,"Temperature, water",31,14.441935483870967,14.4,8.0,21.5,2002,9,September
2002-09-30,"Total Phosphorus, mixed forms",43,6.0456046511627894,0.052,0.012,64.6,2002,9,September
2002-10-31,Chloride,38,99.96578947368421,80.25,15.4,255.0,2002,10,October
2002-10-31,Dissolved oxygen (DO),24,12.525416666666667,12.4,8.2,18.4,2002,10,October
2002-10-31,Kjeldahl nitrogen,34,0.7514705882352941,0.44,0.15,4.05,2002,10,October
2002-10-31,Specific conductance,34,817.3823529411765,722.5,512.0,1450.0,2002,10,October
2002-10-31,"Temperature, water",33,6.160606060606061,5.2,3.0,17.0,2002,10,October
2002-10-31,"Total Phosphorus, mixed forms",43,5.9431627906976745,0.036,0.009,70.9,2002,10,October
2002-11-30,Chloride,37,152.0108108108108,97.3,20.9,747.0,2002,11,November
2002-11-30,Dissolved oxygen (DO),25,14.3932,13.7,10.5,28.84,2002,11,November
2002-11-30,Kjeldahl nitrogen,33,0.6887878787878788,0.46,0.22,4.16,2002,11,November
2002-11-30,Specific conductance,33,988.9090909090909,834.0,524.0,2740.0,2002,11,November
2002-11-30,"Temperature, water",32,3.290625,2.75,-0.3,10.0,2002,11,November
2002-11-30,"Total Phosphorus, mixed forms",34,0.04129411764705882,0.027,0.009,0.149,2002,11,November
2002-12-31,Chloride,7,133.18571428571428,54.2,38.4,360.0,2002,12,December
2002-12-31,Dissolved oxygen (DO),1,13.41,13.41,13.41,13.41,2002,12,December
2002-12-31,Kjeldahl nitrogen,3,1.6466666666666665,0.66,0.36,3.92,2002,12,December
2002-12-31,Specific conductance,3,1490.3333333333333,1490.0,711.0,2270.0,2002,12,December
2002-12-31,"Temperature, water",2,3.5,3.5,3.0,4.0,2002,12,December
2002-12-31,"Total Phosphorus, mixed forms",6,0.04,0.0305,0.009,0.127,2002,12,December
2003-01-31,Chloride,28,313.6821428571429,234.5,39.9,1800.0,2003,1,January
2003-01-31,Dissolved oxygen (DO),16,11.44375,12.1,7.8,13.3,2003,1,January
2003-01-31,Kjeldahl nitrogen,26,0.8742307692307693,0.69,0.26,3.02,2003,1,January
2003-01-31,Specific conductance,26,1521.7692307692307,1440.0,647.0,4970.0,2003,1,January
2003-01-31,"Temperature, water",17,0.6363529411764706,0.008,-0.03,2.8,2003,1,January
2003-01-31,"Total Phosphorus, mixed forms",25,0.037200000000000004,0.027,0.01,0.135,2003,1,January
2003-02-28,Chloride,3,2010.3999999999999,2070.0,41.2,3920.0,2003,2,February
2003-02-28,Kjeldahl nitrogen,2,1.54,1.54,0.96,2.12,2003,2,February
2003-02-28,Specific conductance,2,7825.0,7825.0,6290.0,9360.0,2003,2,February
2003-02-28,"Temperature, water",2,0.5,0.5,0.0,1.0,2003,2,February
2003-02-28,"Total Phosphorus, mixed forms",3,0.07166666666666667,0.041,0.024,0.15,2003,2,February
2003-03-31,Chloride,26,158.0,77.15,23.8,763.0,2003,3,March
2003-03-31,Dissolved oxygen (DO),20,12.9385,13.5,7.0,17.0,2003,3,March
2003-03-31,Kjeldahl nitrogen,22,0.9504545454545454,0.69,0.28,3.49,2003,3,March
2003-03-31,Specific conductance,22,953.5,737.0,276.0,2630.0,2003,3,March
2003-03-31,"Temperature, water",22,3.7636363636363637,3.8,1.0,8.2,2003,3,March
2003-03-31,"Total Phosphorus, mixed forms",25,0.10103999999999999,0.053,0.016,0.624,2003,3,March
2003-04-30,Chloride,14,297.95,152.45,48.6,1180.0,2003,4,April
2003-04-30,Dissolved oxygen (DO),15,12.608666666666666,13.02,10.1,13.87,2003,4,April
2003-04-30,Kjeldahl nitrogen,10,0.5890000000000001,0.5800000000000001,0.33,0.83,2003,4,April
2003-04-30,Specific conductance,17,1127.4705882352941,644.0,316.0,3820.0,2003,4,April
2003-04-30,"Temperature, water",17,7.841176470588236,5.6,2.0,17.0,2003,4,April
2003-04-30,"Total Phosphorus, mixed forms",21,0.023661904761904762,0.019,0.003,0.102,2003,4,April
2003-05-31,Chloride,56,129.74821428571428,89.1,28.7,334.0,2003,5,May
2003-05-31,Dissolved oxygen (DO),48,11.123750000000001,10.95,8.05,14.3,2003,5,May
2003-05-31,Kjeldahl nitrogen,52,0.6142307692307692,0.58,0.34,1.19,2003,5,May
2003-05-31,Specific conductance,52,899.2692307692307,765.5,508.0,2400.0,2003,5,May
2003-05-31,"Temperature, water",52,10.919230769230769,10.7,7.5,15.1,2003,5,May
2003-05-31,"Total Phosphorus, mixed forms",57,1.2017192982456142,0.035,0.013,34.1,2003,5,May
2003-06-30,Chloride,40,162.3075,120.5,18.6,667.0,2003,6,June
2003-06-30,Dissolved oxygen (DO),30,10.326333333333334,10.335,3.86,18.33,2003,6,June
2003-06-30,Kjeldahl nitrogen,36,0.7269444444444445,0.635,0.26,2.2,2003,6,June
2003-06-30,Specific conductance,36,1027.25,922.0,474.0,2490.0,2003,6,June
2003-06-30,"Temperature, water",36,20.322222222222223,20.6,12.0,25.9,2003,6,June
2003-06-30,"Total Phosphorus, mixed forms",45,4.643866666666667,0.043,0.012,79.4,2003,6,June
2003-07-31,Chloride,37,139.92972972972973,120.0,12.4,375.0,2003,7,July
2003-07-31,Dissolved oxygen (DO),30,8.970333333333334,8.645,3.83,15.46,2003,7,July
2003-07-31,Kjeldahl nitrogen,54,0.4327777777777778,0.35,0.182,1.55,2003,7,July
2003-07-31,Specific conductance,54,697.5,591.5,307.0,1640.0,2003,7,July
2003-07-31,"Temperature, water",38,18.610526315789475,19.45,9.1,24.0,2003,7,July
2003-07-31,"Total Phosphorus, mixed forms",90,4.228532222222222,0.016,0.0032,72.7,2003,7,July
2003-08-31,Chloride,36,132.21944444444443,97.95,13.8,450.0,2003,8,August
2003-08-31,Dissolved oxygen (DO),29,9.373793103448275,9.56,5.28,12.27,2003,8,August
2003-08-31,Kjeldahl nitrogen,32,0.5925,0.47,0.22,2.03,2003,8,August
2003-08-31,Specific conductance,32,898.53125,745.0,503.0,1900.0,2003,8,August
2003-08-31,"Temperature, water",32,19.75,18.4,12.6,46.1,2003,8,August
2003-08-31,"Total Phosphorus, mixed forms",44,8.926590909090908,0.048,0.014,91.2,2003,8,August
2003-09-30,Chloride,38,96.79473684210525,75.2,20.9,237.0,2003,9,September
2003-09-30,Dissolved oxygen (DO),30,10.374333333333334,10.555,6.24,13.44,2003,9,September
2003-09-30,Kjeldahl nitrogen,32,0.7459375,0.61,0.14,4.71,2003,9,September
2003-09-30,Specific conductance,32,782.84375,733.0,501.0,1300.0,2003,9,September
2003-09-30,"Temperature, water",32,12.4375,11.65,8.6,19.2,2003,9,September
2003-09-30,"Total Phosphorus, mixed forms",48,7.419895833333334,0.061,0.011,98.8,2003,9,September
2003-10-31,Chloride,40,105.3975,93.75,29.4,236.0,2003,10,October
2003-10-31,Dissolved oxygen (DO),31,11.948709677419355,12.0,8.06,14.64,2003,10,October
2003-10-31,Kjeldahl nitrogen,36,0.7513888888888889,0.51,0.21,4.46,2003,10,October
2003-10-31,Specific conductance,36,784.1944444444445,737.0,539.0,1260.0,2003,10,October
2003-10-31,"Temperature, water",37,7.624324324324325,7.5,4.7,10.0,2003,10,October
2003-10-31,"Total Phosphorus, mixed forms",43,3.414046511627907,0.033,0.01,31.6,2003,10,October
2003-11-30,Chloride,36,109.30555555555556,83.65,29.4,326.0,2003,11,November
2003-11-30,Dissolved oxygen (DO),25,12.5996,13.02,1.47,15.05,2003,11,November
2003-11-30,Kjeldahl nitrogen,30,0.6866666666666668,0.565,0.33,1.72,2003,11,November
2003-11-30,Specific conductance,30,807.6333333333333,740.5,438.0,1400.0,2003,11,November
2003-11-30,"Temperature, water",28,4.107142857142857,3.45,2.1,10.0,2003,11,November
2003-11-30,"Total Phosphorus, mixed forms",35,0.057628571428571425,0.026,0.011,0.387,2003,11,November
2003-12-31,Chloride,6,128.15,63.75,61.2,328.0,2003,12,December
2003-12-31,Kjeldahl nitrogen,2,1.95,1.95,0.56,3.34,2003,12,December
2003-12-31,Specific conductance,2,1310.0,1310.0,1100.0,1520.0,2003,12,December
2003-12-31,"Temperature, water",2,1.0,1.0,0.0,2.0,2003,12,December
2003-12-31,"Total Phosphorus, mixed forms",6,0.052833333333333336,0.034,0.024,0.155,2003,12,December
2004-01-31,Chloride,17,150.94117647058823,109.0,43.4,736.0,2004,1,January
2004-01-31,Dissolved oxygen (DO),15,14.319333333333333,14.14,11.81,16.28,2004,1,January
2004-01-31,Kjeldahl nitrogen,15,0.5353333333333333,0.47,0.32,1.01,2004,1,January
2004-01-31,Specific conductance,15,1021.8666666666667,824.0,607.0,2660.0,2004,1,January
2004-01-31,"Temperature, water",14,6.828571428571428,2.75,0.1,31.9,2004,1,January
2004-01-31,"Total Phosphorus, mixed forms",16,0.0320625,0.027000000000000003,0.015,0.065,2004,1,January
2004-02-29,Chloride,19,474.9368421052631,162.0,47.5,2700.0,2004,2,February
2004-02-29,Dissolved oxygen (DO),13,14.423846153846153,15.19,8.12,18.7,2004,2,February
2004-02-29,Kjeldahl nitrogen,15,0.7133333333333333,0.61,0.27,1.89,2004,2,February
2004-02-29,Specific conductance,15,2102.3333333333335,1330.0,611.0,6600.0,2004,2,February
2004-02-29,"Temperature, water",15,1.5266666666666666,0.9,0.0,5.2,2004,2,February
2004-02-29,"Total Phosphorus, mixed forms",19,0.03305263157894737,0.029,0.014,0.085,2004,2,February
2004-03-31,Chloride,29,139.53103448275863,72.6,18.8,823.0,2004,3,March
2004-03-31,Dissolved oxygen (DO),19,11.817894736842105,11.84,4.71,16.45,2004,3,March
2004-03-31,Kjeldahl nitrogen,24,0.8849999999999999,0.7150000000000001,0.38,2.46,2004,3,March
2004-03-31,Specific conductance,24,858.5833333333334,673.5,358.0,2860.0,2004,3,March
2004-03-31,"Temperature, water",23,5.378260869565217,5.8,1.0,8.2,2004,3,March
2004-03-31,"Total Phosphorus, mixed forms",29,0.1109655172413793,0.072,0.02,0.825,2004,3,March
2004-04-30,Chloride,35,127.90857142857143,81.6,27.1,664.0,2004,4,April
2004-04-30,Dissolved oxygen (DO),28,12.668928571428571,12.335,10.96,17.7,2004,4,April
2004-04-30,Kjeldahl nitrogen,32,0.67,0.57,0.35,1.82,2004,4,April
2004-04-30,Specific conductance,33,846.4242424242424,748.0,345.0,2260.0,2004,4,April
2004-04-30,"Temperature, water",33,8.024242424242425,8.5,3.6,11.0,2004,4,April
2004-04-30,"Total Phosphorus, mixed forms",36,0.044833333333333336,0.0305,0.011,0.186,2004,4,April
2004-05-31,Chloride,39,122.16923076923078,61.1,17.7,732.0,2004,5,May
2004-05-31,Dissolved oxygen (DO),29,10.743793103448276,10.46,7.72,13.85,2004,5,May
2004-05-31,Kjeldahl nitrogen,33,0.696060606060606,0.6,0.25,3.24,2004,5,May
2004-05-31,Specific conductance,33,828.3333333333334,671.0,446.0,2620.0,2004,5,May
2004-05-31,"Temperature, water",33,14.751515151515152,14.3,10.3,22.0,2004,5,May
2004-05-31,"Total Phosphorus, mixed forms",41,1.5210731707317073,0.038,0.01,31.8,2004,5,May
2004-06-30,Chloride,39,113.1923076923077,88.2,19.9,302.0,2004,6,June
2004-06-30,Dissolved oxygen (DO),32,10.051875,9.995000000000001,6.48,14.05,2004,6,June
2004-06-30,Kjeldahl nitrogen,35,0.6057142857142856,0.48,0.26,2.17,2004,6,June
2004-06-30,Specific conductance,35,821.2571428571429,749.0,507.0,1480.0,2004,6,June
2004-06-30,"Temperature, water",36,15.777777777777779,15.55,5.5,21.0,2004,6,June
2004-06-30,"Total Phosphorus, mixed forms",40,2.92425,0.0335,0.013,58.4,2004,6,June
2004-07-31,Chloride,38,87.86842105263158,79.4,24.5,200.0,2004,7,July
2004-07-31,Dissolved oxygen (DO),31,9.139677419354838,8.9,5.95,12.91,2004,7,July
2004-07-31,Kjeldahl nitrogen,34,0.7394117647058823,0.5800000000000001,0.23,2.9,2004,7,July
2004-07-31,Specific conductance,34,719.5588235294117,662.5,495.0,1080.0,2004,7,July
2004-07-31,"Temperature, water",35,18.877142857142854,18.0,15.1,25.3,2004,7,July
2004-07-31,"Total Phosphorus, mixed forms",46,5.1705000000000005,0.0695,0.01,37.3,2004,7,July
2004-08-31,Chloride,28,86.74285714285715,70.5,28.9,220.0,2004,8,August
2004-08-31,Dissolved oxygen (DO),21,10.023333333333333,9.53,7.05,17.46,2004,8,August
2004-08-31,Kjeldahl nitrogen,24,0.6,0.55,0.15,2.02,2004,8,August
2004-08-31,Specific conductance,24,721.7916666666666,637.0,494.0,1150.0,2004,8,August
2004-08-31,"Temperature, water",25,17.732,17.3,15.2,22.0,2004,8,August
2004-08-31,"Total Phosphorus, mixed forms",35,9.545542857142857,0.05,0.018,77.0,2004,8,August
2004-09-30,Chloride,47,128.25744680851065,95.0,18.7,528.0,2004,9,September
2004-09-30,Dissolved oxygen (DO),40,10.852,10.725,7.08,14.48,2004,9,September
2004-09-30,Kjeldahl nitrogen,43,0.6655813953488372,0.42,0.22,5.01,2004,9,September
2004-09-30,Specific conductance,43,910.7674418604652,804.0,506.0,2080.0,2004,9,September
2004-09-30,"Temperature, water",44,16.740909090909092,16.4,11.6,22.0,2004,9,September
2004-09-30,"Total Phosphorus, mixed forms",54,4.718074074074074,0.038,0.011,64.3,2004,9,September
2004-10-31,Chloride,37,106.05405405405405,92.1,14.6,270.0,2004,10,October
2004-10-31,Dissolved oxygen (DO),29,11.140344827586206,11.54,6.84,16.14,2004,10,October
2004-10-31,Kjeldahl nitrogen,33,0.8287878787878789,0.41,0.15,6.25,2004,10,October
2004-10-31,Specific conductance,33,846.3333333333334,828.0,522.0,1380.0,2004,10,October
2004-10-31,"Temperature, water",33,9.293939393939393,9.3,6.5,14.0,2004,10,October
2004-10-31,"Total Phosphorus, mixed forms",43,9.564627906976744,0.035,0.009,65.7,2004,10,October
2004-11-30,Chloride,34,112.02352941176471,85.8,15.8,362.0,2004,11,November
2004-11-30,Dissolved oxygen (DO),25,12.0924,12.24,9.4,13.42,2004,11,November
2004-11-30,Kjeldahl nitrogen,30,0.733,0.39,0.16,6.58,2004,11,November
2004-11-30,Specific conductance,30,841.1333333333333,765.0,506.0,1530.0,2004,11,November
2004-11-30,"Temperature, water",30,4.806666666666667,4.65,2.1,11.0,2004,11,November
2004-11-30,"Total Phosphorus, mixed forms",32,0.06715625,0.026000000000000002,0.008,0.526,2004,11,November
2004-12-31,Chloride,9,136.84444444444443,65.2,38.6,444.0,2004,12,December
2004-12-31,Dissolved oxygen (DO),1,19.6,19.6,19.6,19.6,2004,12,December
2004-12-31,Kjeldahl nitrogen,5,3.186,0.66,0.56,11.6,2004,12,December
2004-12-31,Specific conductance,5,1099.2,800.0,564.0,1950.0,2004,12,December
2004-12-31,"Temperature, water",5,2.84,3.0,0.0,5.0,2004,12,December
2004-12-31,"Total Phosphorus, mixed forms",9,0.05488888888888889,0.043,0.013,0.11,2004,12,December
2005-01-31,Chloride,28,181.6392857142857,108.5,40.3,980.0,2005,1,January
2005-01-31,Dissolved oxygen (DO),24,12.4625,12.45,10.4,14.0,2005,1,January
2005-01-31,Kjeldahl nitrogen,26,0.6715384615384615,0.52,0.25,1.45,2005,1,January
2005-01-31,Specific conductance,26,1108.423076923077,833.5,606.0,3610.0,2005,1,January
2005-01-31,"Temperature, water",26,1.3576923076923075,1.15,0.2,4.3,2005,1,January
2005-01-31,"Total Phosphorus, mixed forms",27,0.034333333333333334,0.029,0.014,0.104,2005,1,January
2005-02-28,Chloride,16,194.6625,119.5,43.4,920.0,2005,2,February
2005-02-28,Dissolved oxygen (DO),14,13.657142857142857,13.9,10.8,16.5,2005,2,February
2005-02-28,Kjeldahl nitrogen,14,0.5285714285714286,0.49,0.28,1.16,2005,2,February
2005-02-28,Specific conductance,14,1144.5,856.0,629.0,3210.0,2005,2,February
2005-02-28,"Temperature, water",14,0.8499999999999999,0.3,0.1,3.8,2005,2,February
2005-02-28,"Total Phosphorus, mixed forms",16,0.037375,0.032,0.015,0.105,2005,2,February
2005-03-31,Chloride,28,161.51785714285714,61.849999999999994,24.2,1380.0,2005,3,March
2005-03-31,Dissolved oxygen (DO),18,12.20388888888889,12.3,9.5,15.06,2005,3,March
2005-03-31,Kjeldahl nitrogen,22,0.8981818181818181,0.71,0.41,3.62,2005,3,March
2005-03-31,Specific conductance,21,829.5714285714286,786.0,436.0,2190.0,2005,3,March
2005-03-31,"Temperature, water",20,3.005,2.75,1.0,5.8,2005,3,March
2005-03-31,"Total Phosphorus, mixed forms",28,0.08439285714285714,0.0715,0.018,0.418,2005,3,March
2005-04-30,Chloride,39,162.66666666666666,75.5,26.5,1150.0,2005,4,April
2005-04-30,Dissolved oxygen (DO),36,11.904166666666667,11.55,9.8,15.0,2005,4,April
2005-04-30,Kjeldahl nitrogen,40,0.53155,0.47,0.187,2.28,2005,4,April
2005-04-30,Specific conductance,40,910.625,667.0,331.0,3910.0,2005,4,April
2005-04-30,"Temperature, water",40,8.01,7.25,2.0,18.1,2005,4,April
2005-04-30,"Total Phosphorus, mixed forms",53,0.0404377358490566,0.028,0.0033,0.324,2005,4,April
2005-05-31,Chloride,38,154.41315789473683,95.05,28.1,755.0,2005,5,May
2005-05-31,Dissolved oxygen (DO),29,10.821724137931033,10.88,6.4,14.98,2005,5,May
2005-05-31,Kjeldahl nitrogen,34,0.7229411764705882,0.515,0.26,5.01,2005,5,May
2005-05-31,Specific conductance,34,1001.4705882352941,859.0,520.0,2710.0,2005,5,May
2005-05-31,"Temperature, water",34,13.74705882352941,13.8,7.4,18.9,2005,5,May
2005-05-31,"Total Phosphorus, mixed forms",39,1.778076923076923,0.026,0.01,34.4,2005,5,May
2005-06-30,Chloride,39,150.5102564102564,104.0,13.8,738.0,2005,6,June
2005-06-30,Dissolved oxygen (DO),31,8.464838709677418,8.61,3.93,15.52,2005,6,June
2005-06-30,Kjeldahl nitrogen,35,0.7668571428571429,0.49,0.21,5.74,2005,6,June
2005-06-30,Specific conductance,35,956.5714285714286,757.0,505.0,2640.0,2005,6,June
2005-06-30,"Temperature, water",35,22.174285714285716,23.0,10.4,29.4,2005,6,June
2005-06-30,"Total Phosphorus, mixed forms",43,2.8597209302325584,0.039,0.01,42.6,2005,6,June
2005-07-31,Chloride,38,117.60000000000001,96.55000000000001,12.3,388.0,2005,7,July
2005-07-31,Dissolved oxygen (DO),31,8.240967741935483,7.94,2.5,12.73,2005,7,July
2005-07-31,Kjeldahl nitrogen,33,0.713030303030303,0.52,0.22,3.18,2005,7,July
2005-07-31,Specific conductance,34,826.5588235294117,757.5,499.0,1640.0,2005,7,July
2005-07-31,"Temperature, water",35,20.885714285714286,20.4,15.6,28.9,2005,7,July
2005-07-31,"Total Phosphorus, mixed forms",40,1.877125,0.05,0.01,21.1,2005,7,July
2005-08-31,Chloride,39,102.30512820512821,72.3,9.8,462.0,2005,8,August
2005-08-31,Dissolved oxygen (DO),31,8.48709677419355,8.57,4.01,11.7,2005,8,August
2005-08-31,Kjeldahl nitrogen,35,0.7594285714285713,0.49,0.15,5.58,2005,8,August
2005-08-31,Specific conductance,35,741.2285714285714,611.0,247.0,1840.0,2005,8,August
2005-08-31,"Temperature, water",40,20.06,20.1,13.2,26.2,2005,8,August
2005-08-31,"Total Phosphorus, mixed forms",64,2.6839875,0.0285,0.0043,53.2,2005,8,August
2005-09-30,Chloride,41,88.5,54.2,14.2,333.0,2005,9,September
2005-09-30,Dissolved oxygen (DO),31,9.330322580645161,9.39,5.85,13.4,2005,9,September
2005-09-30,Kjeldahl nitrogen,35,0.7734285714285715,0.64,0.17,3.44,2005,9,September
2005-09-30,Specific conductance,35,702.2571428571429,645.0,268.0,1470.0,2005,9,September
2005-09-30,"Temperature, water",35,16.2,15.6,11.3,21.5,2005,9,September
2005-09-30,"Total Phosphorus, mixed forms",46,3.676717391304348,0.065,0.013,49.7,2005,9,September
2005-10-31,Chloride,37,109.14864864864865,87.7,13.7,257.0,2005,10,October
2005-10-31,Dissolved oxygen (DO),29,11.784137931034483,11.58,8.95,15.54,2005,10,October
2005-10-31,Kjeldahl nitrogen,33,0.7457575757575757,0.49,0.2,3.75,2005,10,October
2005-10-31,Specific conductance,33,820.2424242424242,761.0,507.0,1300.0,2005,10,October
2005-10-31,"Temperature, water",33,9.457575757575759,8.7,5.0,17.0,2005,10,October
2005-10-31,"Total Phosphorus, mixed forms",36,2.219027777777778,0.0375,0.008,21.1,2005,10,October
2005-11-30,Chloride,38,139.93421052631578,61.05,23.0,1610.0,2005,11,November
2005-11-30,Dissolved oxygen (DO),29,15.247241379310346,15.5,9.5,19.1,2005,11,November
2005-11-30,Kjeldahl nitrogen,34,0.8647058823529411,0.595,0.27,5.64,2005,11,November
2005-11-30,Specific conductance,34,856.5294117647059,632.5,445.0,5030.0,2005,11,November
2005-11-30,"Temperature, water",33,3.9393939393939394,3.7,0.0,9.5,2005,11,November
2005-11-30,"Total Phosphorus, mixed forms",37,0.07070270270270271,0.039,0.009,0.318,2005,11,November
2005-12-31,Chloride,8,376.3,218.9,58.5,1270.0,2005,12,December
2005-12-31,Kjeldahl nitrogen,4,2.9375,2.375,0.51,6.49,2005,12,December
2005-12-31,Specific conductance,4,2505.0,2195.0,1620.0,4010.0,2005,12,December
2005-12-31,"Temperature, water",4,1.0,1.0,0.0,2.0,2005,12,December
2005-12-31,"Total Phosphorus, mixed forms",8,0.047375,0.0465,0.012,0.107,2005,12,December
2006-01-31,Chloride,17,167.6529411764706,131.0,37.2,508.0,2006,1,January
2006-01-31,Dissolved oxygen (DO),15,12.306666666666667,12.8,9.4,13.5,2006,1,January
2006-01-31,Kjeldahl nitrogen,15,0.594,0.57,0.36,1.0,2006,1,January
2006-01-31,Specific conductance,15,973.2666666666667,895.0,568.0,1860.0,2006,1,January
2006-01-31,"Temperature, water",15,2.3400000000000003,2.0,1.6,3.9,2006,1,January
2006-01-31,"Total Phosphorus, mixed forms",17,0.05188235294117647,0.048,0.013,0.112,2006,1,January
2006-02-28,Chloride,4,58.075,58.3,52.4,63.3,2006,2,February
2006-02-28,"Total Phosphorus, mixed forms",2,0.025500000000000002,0.025500000000000002,0.02,0.031,2006,2,February
2006-03-31,Chloride,4,45.625,44.7,30.1,63.0,2006,3,March
2006-03-31,"Total Phosphorus, mixed forms",4,0.0264,0.0191,0.014,0.0534,2006,3,March
2006-04-30,Dissolved oxygen (DO),8,13.0175,12.975,12.34,14.55,2006,4,April
2006-04-30,Kjeldahl nitrogen,7,0.267,0.276,0.163,0.369,2006,4,April
2006-04-30,Specific conductance,7,384.14285714285717,341.0,337.0,487.0,2006,4,April
2006-04-30,"Temperature, water",10,5.115,4.95,3.5,8.45,2006,4,April
2006-04-30,"Total Phosphorus, mixed forms",18,0.010100000000000001,0.00785,0.0054,0.028,2006,4,April
2006-05-31,Chloride,4,47.675,46.65,45.4,52.0,2006,5,May
2006-05-31,"Total Phosphorus, mixed forms",12,16.210916666666666,18.450000000000003,0.016,36.1,2006,5,May
2006-06-30,Chloride,33,141.76666666666668,89.2,13.4,629.0,2006,6,June
2006-06-30,Dissolved oxygen (DO),24,9.745833333333334,9.855,4.32,15.18,2006,6,June
2006-06-30,Kjeldahl nitrogen,27,0.7544444444444445,0.5,0.28,5.21,2006,6,June
2006-06-30,Specific conductance,27,978.3333333333334,916.0,515.0,2330.0,2006,6,June
2006-06-30,"Temperature, water",26,19.442307692307693,19.1,13.2,25.1,2006,6,June
2006-06-30,"Total Phosphorus, mixed forms",43,6.46193023255814,0.04,0.011,70.7,2006,6,June
2006-07-31,Chloride,39,100.72564102564102,81.7,14.9,441.0,2006,7,July
2006-07-31,Dissolved oxygen (DO),31,8.876129032258063,8.98,4.8,11.45,2006,7,July
2006-07-31,Kjeldahl nitrogen,35,0.7151428571428572,0.53,0.28,2.79,2006,7,July
2006-07-31,Specific conductance,35,773.8571428571429,704.0,493.0,1820.0,2006,7,July
2006-07-31,"Temperature, water",35,21.531428571428574,21.7,17.1,26.0,2006,7,July
2006-07-31,"Total Phosphorus, mixed forms",43,1.8356511627906975,0.05,0.012,22.6,2006,7,July
2006-08-31,Chloride,33,112.60909090909091,88.2,10.4,274.0,2006,8,August
2006-08-31,Dissolved oxygen (DO),35,9.954571428571429,9.96,2.66,12.8,2006,8,August
2006-08-31,Kjeldahl nitrogen,40,0.626375,0.38849999999999996,0.17,4.54,2006,8,August
2006-08-31,Specific conductance,40,686.075,596.5,297.0,1340.0,2006,8,August
2006-08-31,"Temperature, water",35,18.214285714285715,18.0,12.5,23.0,2006,8,August
2006-08-31,"Total Phosphorus, mixed forms",61,4.741593442622951,0.02,0.0032,83.7,2006,8,August
2006-09-30,Chloride,38,79.39999999999999,74.8,20.8,243.0,2006,9,September
2006-09-30,Dissolved oxygen (DO),30,9.764666666666667,9.945,6.74,12.43,2006,9,September
2006-09-30,Kjeldahl nitrogen,30,0.6196666666666667,0.61,0.28,1.41,2006,9,September
2006-09-30,Specific conductance,34,665.9705882352941,634.0,305.0,1110.0,2006,9,September
2006-09-30,"Temperature, water",34,14.038235294117648,13.95,10.6,19.0,2006,9,September
2006-09-30,"Total Phosphorus, mixed forms",41,2.981268292682927,0.06,0.013,21.2,2006,9,September
2006-10-31,Chloride,40,90.33500000000001,64.55,24.0,342.0,2006,10,October
2006-10-31,Dissolved oxygen (DO),38,11.454210526315789,11.195,7.77,14.11,2006,10,October
2006-10-31,Kjeldahl nitrogen,42,0.7267619047619048,0.585,0.174,3.2,2006,10,October
2006-10-31,Specific conductance,42,673.4047619047619,648.0,345.0,1520.0,2006,10,October
2006-10-31,"Temperature, water",38,7.807894736842105,6.95,5.0,14.0,2006,10,October
2006-10-31,"Total Phosphorus, mixed forms",63,7.127125396825397,0.027,0.0066,130.9,2006,10,October
2006-11-30,Chloride,36,103.71666666666667,73.25,29.3,397.0,2006,11,November
2006-11-30,Dissolved oxygen (DO),28,12.787142857142857,12.25,10.1,18.1,2006,11,November
2006-11-30,Kjeldahl nitrogen,31,0.5348387096774193,0.46,0.31,1.96,2006,11,November
2006-11-30,Specific conductance,32,824.125,732.0,532.0,1840.0,2006,11,November
2006-11-30,"Temperature, water",33,5.721212121212122,7.0,1.2,9.0,2006,11,November
2006-11-30,"Total Phosphorus, mixed forms",33,0.034060606060606055,0.029,0.006,0.188,2006,11,November
2006-12-31,Chloride,6,130.11666666666665,63.45,31.0,430.0,2006,12,December
2006-12-31,Kjeldahl nitrogen,5,1.198,0.86,0.42,2.59,2006,12,December
2006-12-31,Specific conductance,5,1004.4,843.0,540.0,1880.0,2006,12,December
2006-12-31,"Temperature, water",3,2.1666666666666665,2.5,1.0,3.0,2006,12,December
2006-12-31,"Total Phosphorus, mixed forms",6,0.0805,0.044,0.013,0.195,2006,12,December
2007-01-31,Chloride,33,166.67878787878786,83.2,36.3,1860.0,2007,1,January
2007-01-31,Dissolved oxygen (DO),29,15.019310344827586,15.34,12.9,16.68,2007,1,January
2007-01-31,Kjeldahl nitrogen,29,0.5089655172413793,0.46,0.2,1.24,2007,1,January
2007-01-31,Specific conductance,29,1007.551724137931,805.0,584.0,5960.0,2007,1,January
2007-01-31,"Temperature, water",29,1.7379310344827585,2.2,0.0,4.8,2007,1,January
2007-01-31,"Total Phosphorus, mixed forms",27,0.03222222222222222,0.02,0.008,0.097,2007,1,January
2007-02-28,Chloride,18,381.3833333333334,126.0,34.2,4150.0,2007,2,February
2007-02-28,Dissolved oxygen (DO),16,15.116249999999999,15.44,12.78,16.86,2007,2,February
2007-02-28,Kjeldahl nitrogen,16,0.6675,0.505,0.26,2.02,2007,2,February
2007-02-28,Specific conductance,15,1797.8,1020.0,618.0,11800.0,2007,2,February
2007-02-28,"Temperature, water",16,1.9125,1.6,0.0,6.1,2007,2,February
2007-02-28,"Total Phosphorus, mixed forms",16,0.03125,0.028,0.01,0.074,2007,2,February
2007-03-31,Chloride,31,159.61612903225807,54.3,23.0,914.0,2007,3,March
2007-03-31,Dissolved oxygen (DO),20,13.872,14.07,11.76,14.96,2007,3,March
2007-03-31,Kjeldahl nitrogen,24,1.01125,0.715,0.42,6.6,2007,3,March
2007-03-31,Specific conductance,21,1049.8095238095239,650.0,413.0,3090.0,2007,3,March
2007-03-31,"Temperature, water",24,4.670833333333333,4.65,0.0,8.3,2007,3,March
2007-03-31,"Total Phosphorus, mixed forms",30,0.07226666666666667,0.048,0.011,0.296,2007,3,March
2007-04-30,Chloride,37,155.7135135135135,70.8,25.4,682.0,2007,4,April
2007-04-30,Dissolved oxygen (DO),29,11.76448275862069,11.9,8.37,15.0,2007,4,April
2007-04-30,Kjeldahl nitrogen,33,0.7339393939393939,0.57,0.34,3.1,2007,4,April
2007-04-30,Specific conductance,33,974.5454545454545,772.0,479.0,2480.0,2007,4,April
2007-04-30,"Temperature, water",33,9.572727272727272,10.1,4.0,13.8,2007,4,April
2007-04-30,"Total Phosphorus, mixed forms",37,0.04905405405405405,0.03,0.011,0.22,2007,4,April
2007-05-31,Chloride,37,133.19459459459458,87.5,18.7,553.0,2007,5,May
2007-05-31,Dissolved oxygen (DO),28,10.387142857142857,10.4,6.69,14.4,2007,5,May
2007-05-31,Kjeldahl nitrogen,33,0.793939393939394,0.55,0.26,3.81,2007,5,May
2007-05-31,Specific conductance,32,925.0,800.5,312.0,2070.0,2007,5,May
2007-05-31,"Temperature, water",32,16.4371875,16.15,10.5,22.3,2007,5,May
2007-05-31,"Total Phosphorus, mixed forms",44,8.23106818181818,0.045,0.01,106.2,2007,5,May
2007-06-30,Chloride,37,145.14054054054054,110.0,13.6,714.0,2007,6,June
2007-06-30,Dissolved oxygen (DO),27,9.576296296296297,9.54,4.71,15.06,2007,6,June
2007-06-30,Kjeldahl nitrogen,33,0.8606060606060607,0.5,0.33,5.7,2007,6,June
2007-06-30,Specific conductance,32,944.4375,812.5,490.0,2620.0,2007,6,June
2007-06-30,"Temperature, water",33,20.7,21.5,13.9,24.6,2007,6,June
2007-06-30,"Total Phosphorus, mixed forms",47,6.441255319148936,0.056,0.012,68.7,2007,6,June
2007-07-31,Chloride,37,131.75135135135136,103.0,11.5,516.0,2007,7,July
2007-07-31,Dissolved oxygen (DO),29,9.43344827586207,9.9,4.6,12.76,2007,7,July
2007-07-31,Kjeldahl nitrogen,33,0.733030303030303,0.48,0.22,3.02,2007,7,July
2007-07-31,Specific conductance,31,924.9032258064516,846.0,468.0,2060.0,2007,7,July
2007-07-31,"Temperature, water",33,18.836363636363636,19.0,14.0,23.8,2007,7,July
2007-07-31,"Total Phosphorus, mixed forms",48,4.782166666666667,0.052000000000000005,0.012,31.2,2007,7,July
2007-08-31,Chloride,41,111.93658536585365,86.3,11.0,312.0,2007,8,August
2007-08-31,Dissolved oxygen (DO),31,9.209354838709677,9.5,3.97,13.4,2007,8,August
2007-08-31,Kjeldahl nitrogen,35,0.7085714285714286,0.44,0.14,4.11,2007,8,August
2007-08-31,Specific conductance,33,846.3030303030303,763.0,475.0,1450.0,2007,8,August
2007-08-31,"Temperature, water",35,18.397142857142857,19.6,2.3,23.3,2007,8,August
2007-08-31,"Total Phosphorus, mixed forms",48,4.164270833333333,0.0485,0.012,30.2,2007,8,August
2007-09-30,Chloride,38,111.15263157894738,91.75,18.6,381.0,2007,9,September
2007-09-30,Dissolved oxygen (DO),30,8.906333333333333,8.785,2.4,13.4,2007,9,September
2007-09-30,Kjeldahl nitrogen,33,0.7372727272727273,0.49,0.15,3.02,2007,9,September
2007-09-30,Specific conductance,32,809.1875,751.5,422.0,1590.0,2007,9,September
2007-09-30,"Temperature, water",34,18.470588235294116,19.200000000000003,12.0,26.1,2007,9,September
2007-09-30,"Total Phosphorus, mixed forms",44,5.531272727272727,0.051000000000000004,0.01,61.9,2007,9,September
2007-10-31,Chloride,36,98.63888888888889,85.3,20.7,275.0,2007,10,October
2007-10-31,Dissolved oxygen (DO),30,10.608,10.620000000000001,4.65,14.87,2007,10,October
2007-10-31,Kjeldahl nitrogen,33,0.6939393939393939,0.44,0.16,5.3,2007,10,October
2007-10-31,Specific conductance,33,788.6060606060606,751.0,439.0,1450.0,2007,10,October
2007-10-31,"Temperature, water",34,11.011764705882353,10.8,7.5,16.0,2007,10,October
2007-10-31,"Total Phosphorus, mixed forms",37,6.739648648648648,0.058,0.006,64.9,2007,10,October
2007-11-30,Chloride,37,224.94054054054052,124.0,26.7,1080.0,2007,11,November
2007-11-30,Dissolved oxygen (DO),25,12.962,11.44,7.85,19.49,2007,11,November
2007-11-30,Kjeldahl nitrogen,29,0.5572413793103448,0.44,0.17,1.56,2007,11,November
2007-11-30,Specific conductance,31,1214.3870967741937,909.0,523.0,3560.0,2007,11,November
2007-11-30,"Temperature, water",32,3.728125,3.0,1.0,10.4,2007,11,November
2007-11-30,"Total Phosphorus, mixed forms",29,0.05324137931034483,0.033,0.007,0.229,2007,11,November
2007-12-31,Chloride,6,238.60000000000002,75.9,62.2,723.0,2007,12,December
2007-12-31,Kjeldahl nitrogen,1,0.47,0.47,0.47,0.47,2007,12,December
2007-12-31,Specific conductance,2,2040.0,2040.0,1700.0,2380.0,2007,12,December
2007-12-31,"Temperature, water",2,1.0,1.0,0.0,2.0,2007,12,December
2007-12-31,"Total Phosphorus, mixed forms",6,0.031,0.0205,0.004,0.114,2007,12,December
2008-01-31,Chloride,32,351.65625,145.5,27.5,5060.0,2008,1,January
2008-01-31,Dissolved oxygen (DO),30,14.183,14.235,5.43,18.97,2008,1,January
2008-01-31,Kjeldahl nitrogen,30,0.696,0.515,0.33,1.91,2008,1,January
2008-01-31,Specific conductance,30,1194.4,990.0,533.0,3940.0,2008,1,January
2008-01-31,"Temperature, water",27,0.5851851851851853,0.2,-0.4,3.9,2008,1,January
2008-01-31,"Total Phosphorus, mixed forms",33,0.04039393939393939,0.03,0.01,0.169,2008,1,January
2008-02-29,Chloride,16,162.7625,119.0,31.6,436.0,2008,2,February
2008-02-29,Dissolved oxygen (DO),15,14.815333333333333,15.16,12.25,16.74,2008,2,February
2008-02-29,Kjeldahl nitrogen,15,0.5980000000000001,0.5,0.27,1.42,2008,2,February
2008-02-29,Specific conductance,15,1255.0,893.0,543.0,4640.0,2008,2,February
2008-02-29,"Temperature, water",15,0.7533333333333334,0.5,0.0,2.6,2008,2,February
2008-02-29,"Total Phosphorus, mixed forms",16,0.0320625,0.0205,0.012,0.139,2008,2,February
2008-03-31,Chloride,27,252.16296296296295,142.0,45.6,998.0,2008,3,March
2008-03-31,Dissolved oxygen (DO),15,14.685333333333334,14.9,13.27,15.68,2008,3,March
2008-03-31,Kjeldahl nitrogen,19,0.71,0.47,0.37,1.88,2008,3,March
2008-03-31,Specific conductance,19,1418.2105263157894,1070.0,589.0,3330.0,2008,3,March
2008-03-31,"Temperature, water",19,1.9684210526315788,2.0,0.0,6.6,2008,3,March
2008-03-31,"Total Phosphorus, mixed forms",25,0.05208,0.033,0.012,0.195,2008,3,March
2008-04-30,Chloride,45,126.68444444444445,73.7,26.8,605.0,2008,4,April
2008-04-30,Dissolved oxygen (DO),44,12.846136363636363,13.030000000000001,10.54,15.5,2008,4,April
2008-04-30,Kjeldahl nitrogen,48,0.6744583333333334,0.433,0.155,3.35,2008,4,April
2008-04-30,Specific conductance,48,737.2916666666666,634.0,340.0,1800.0,2008,4,April
2008-04-30,"Temperature, water",48,6.520833333333333,7.0,1.0,14.3,2008,4,April
2008-04-30,"Total Phosphorus, mixed forms",68,0.07636764705882354,0.0215,0.0045,0.682,2008,4,April
2008-05-31,Chloride,37,148.73783783783784,84.8,22.8,692.0,2008,5,May
2008-05-31,Dissolved oxygen (DO),30,11.210666666666667,11.399999999999999,7.39,16.09,2008,5,May
2008-05-31,Kjeldahl nitrogen,27,0.5333333333333333,0.45,0.25,1.49,2008,5,May
2008-05-31,Specific conductance,30,990.2333333333333,797.5,528.0,2520.0,2008,5,May
2008-05-31,"Temperature, water",32,11.6509375,11.649999999999999,9.0,17.3,2008,5,May
2008-05-31,"Total Phosphorus, mixed forms",39,7.414538461538461,0.038,0.008,62.8,2008,5,May
2008-06-30,Chloride,42,123.89761904761905,80.15,18.8,654.0,2008,6,June
2008-06-30,Dissolved oxygen (DO),30,10.16,10.3,5.64,16.6,2008,6,June
2008-06-30,Kjeldahl nitrogen,36,0.7622222222222222,0.61,0.33,3.48,2008,6,June
2008-06-30,Specific conductance,34,879.2647058823529,741.0,523.0,2500.0,2008,6,June
2008-06-30,"Temperature, water",36,18.605555555555554,18.35,13.4,25.1,2008,6,June
2008-06-30,"Total Phosphorus, mixed forms",52,5.25673076923077,0.045,0.012,58.4,2008,6,June
2008-07-31,Chloride,42,91.1952380952381,80.4,17.5,261.0,2008,7,July
2008-07-31,Dissolved oxygen (DO),29,8.694482758620689,8.96,3.9,11.13,2008,7,July
2008-07-31,Kjeldahl nitrogen,33,2.0633333333333335,0.67,0.31,25.0,2008,7,July
2008-07-31,Specific conductance,32,761.0,720.5,465.0,1220.0,2008,7,July
2008-07-31,"Temperature, water",33,19.8969696969697,20.2,15.7,23.0,2008,7,July
2008-07-31,"Total Phosphorus, mixed forms",50,5.34558,0.061,0.015,49.4,2008,7,July
2008-08-31,Chloride,40,104.24249999999999,90.44999999999999,17.8,279.0,2008,8,August
2008-08-31,Dissolved oxygen (DO),61,10.452131147540983,10.41,5.67,13.05,2008,8,August
2008-08-31,Kjeldahl nitrogen,62,0.43217741935483867,0.317,0.189,1.52,2008,8,August
2008-08-31,Specific conductance,64,566.40625,515.0,290.0,1450.0,2008,8,August
2008-08-31,"Temperature, water",46,17.360869565217392,17.25,13.0,24.0,2008,8,August
2008-08-31,"Total Phosphorus, mixed forms",101,1.962476237623762,0.0093,0.0028,25.0,2008,8,August
2008-09-30,Chloride,39,83.8025641025641,71.3,26.7,232.0,2008,9,September
2008-09-30,Dissolved oxygen (DO),27,9.682592592592593,9.86,6.98,12.25,2008,9,September
2008-09-30,Kjeldahl nitrogen,31,0.885483870967742,0.69,0.37,3.25,2008,9,September
2008-09-30,Specific conductance,29,727.9655172413793,721.0,489.0,1170.0,2008,9,September
2008-09-30,"Temperature, water",31,15.567741935483872,14.8,12.4,21.0,2008,9,September
2008-09-30,"Total Phosphorus, mixed forms",45,3.387777777777778,0.07,0.012,23.6,2008,9,September
2008-10-31,Chloride,41,110.69756097560976,81.7,18.9,474.0,2008,10,October
2008-10-31,Dissolved oxygen (DO),31,13.575806451612904,13.95,10.04,15.54,2008,10,October
2008-10-31,Kjeldahl nitrogen,35,0.6297142857142857,0.45,0.18,2.68,2008,10,October
2008-10-31,Specific conductance,33,839.6969696969697,785.0,507.0,1700.0,2008,10,October
2008-10-31,"Temperature, water",37,7.059459459459459,5.9,3.6,16.1,2008,10,October
2008-10-31,"Total Phosphorus, mixed forms",42,7.705095238095238,0.0375,0.007,82.5,2008,10,October
2008-11-30,Chloride,38,120.34736842105262,72.45,24.0,483.0,2008,11,November
2008-11-30,Dissolved oxygen (DO),53,12.649056603773584,11.97,8.4,17.89,2008,11,November
2008-11-30,Kjeldahl nitrogen,55,0.47034545454545457,0.339,0.135,2.05,2008,11,November
2008-11-30,Specific conductance,55,640.9636363636364,615.0,280.0,1840.0,2008,11,November
2008-11-30,"Temperature, water",44,3.762954545454545,3.45,0.1,8.0,2008,11,November
2008-11-30,"Total Phosphorus, mixed forms",83,0.02436265060240964,0.0069,0.0046,0.275,2008,11,November
2008-12-31,Chloride,8,516.2875,177.95,66.5,2310.0,2008,12,December
2008-12-31,Kjeldahl nitrogen,4,1.195,1.0275,0.675,2.05,2008,12,December
2008-12-31,Specific conductance,4,2882.5,2040.0,1100.0,6350.0,2008,12,December
2008-12-31,"Temperature, water",4,2.75,2.5,1.0,5.0,2008,12,December
2008-12-31,"Total Phosphorus, mixed forms",8,0.0851875,0.0535,0.008,0.22,2008,12,December
2009-01-31,Chloride,32,139.140625,82.15,30.3,855.0,2009,1,January
2009-01-31,Dissolved oxygen (DO),28,13.7825,14.02,10.67,15.86,2009,1,January
2009-01-31,Kjeldahl nitrogen,28,0.6396428571428572,0.425,0.31,1.83,2009,1,January
2009-01-31,Specific conductance,28,967.4285714285714,792.5,563.0,3130.0,2009,1,January
2009-01-31,"Temperature, water",23,0.8521739130434783,0.5,0.0,3.5,2009,1,January
2009-01-31,"Total Phosphorus, mixed forms",30,0.024966666666666668,0.020499999999999997,0.01,0.069,2009,1,January
2009-02-28,Chloride,22,150.6590909090909,72.2,34.6,1390.0,2009,2,February
2009-02-28,Dissolved oxygen (DO),15,13.339333333333334,13.81,10.9,14.67,2009,2,February
2009-02-28,Kjeldahl nitrogen,15,0.5546666666666666,0.36,0.26,1.33,2009,2,February
2009-02-28,Specific conductance,15,1090.9333333333334,794.0,553.0,4650.0,2009,2,February
2009-02-28,"Temperature, water",15,1.0466666666666666,0.8,0.1,4.9,2009,2,February
2009-02-28,"Total Phosphorus, mixed forms",22,0.08886363636363637,0.026500000000000003,0.01,0.45,2009,2,February
2009-03-31,Chloride,34,138.1764705882353,84.8,26.5,567.0,2009,3,March
2009-03-31,Dissolved oxygen (DO),18,13.482777777777777,13.93,10.45,14.75,2009,3,March
2009-03-31,Kjeldahl nitrogen,21,0.6085714285714285,0.41,0.2,1.6,2009,3,March
2009-03-31,Specific conductance,21,970.4285714285714,787.0,506.0,2370.0,2009,3,March
2009-03-31,"Temperature, water",20,3.91,3.25,1.3,12.4,2009,3,March
2009-03-31,"Total Phosphorus, mixed forms",28,0.0894642857142857,0.038,0.01,0.39,2009,3,March
2009-04-30,Chloride,37,113.47297297297297,63.4,23.3,628.0,2009,4,April
2009-04-30,Dissolved oxygen (DO),29,12.199310344827586,11.69,9.41,20.05,2009,4,April
2009-04-30,Kjeldahl nitrogen,27,0.5555555555555556,0.51,0.31,0.99,2009,4,April
2009-04-30,Specific conductance,28,851.5,671.0,491.0,2380.0,2009,4,April
2009-04-30,"Temperature, water",29,8.958620689655174,9.6,3.8,13.2,2009,4,April
2009-04-30,"Total Phosphorus, mixed forms",36,0.06952777777777779,0.0285,0.01,0.96,2009,4,April
2009-05-31,Chloride,35,125.04285714285714,61.5,18.7,763.0,2009,5,May
2009-05-31,Dissolved oxygen (DO),28,10.680357142857144,10.885,6.12,15.3,2009,5,May
2009-05-31,Kjeldahl nitrogen,28,0.7739285714285715,0.6799999999999999,0.33,2.2,2009,5,May
2009-05-31,Specific conductance,26,963.2307692307693,776.0,519.0,2910.0,2009,5,May
2009-05-31,"Temperature, water",28,13.332142857142857,13.0,11.0,17.5,2009,5,May
2009-05-31,"Total Phosphorus, mixed forms",45,5.739566666666667,0.05,0.011,37.8,2009,5,May
2009-06-30,Chloride,37,120.34054054054054,77.0,25.4,485.0,2009,6,June
2009-06-30,Dissolved oxygen (DO),29,10.376206896551725,10.26,6.49,14.89,2009,6,June
2009-06-30,Kjeldahl nitrogen,31,0.5464516129032259,0.51,0.34,1.08,2009,6,June
2009-06-30,Specific conductance,29,887.2758620689655,763.0,526.0,1970.0,2009,6,June
2009-06-30,"Temperature, water",31,19.725806451612904,19.8,10.5,25.0,2009,6,June
2009-06-30,"Total Phosphorus, mixed forms",43,3.491418604651163,0.048,0.011,30.0,2009,6,June
2009-07-31,Chloride,40,102.88250000000001,62.3,14.3,517.0,2009,7,July
2009-07-31,Dissolved oxygen (DO),32,9.7790625,9.735,4.43,13.8,2009,7,July
2009-07-31,Kjeldahl nitrogen,32,0.6515625,0.6,0.17,1.92,2009,7,July
2009-07-31,Specific conductance,31,827.7741935483871,668.0,486.0,2130.0,2009,7,July
2009-07-31,"Temperature, water",32,18.24375,18.9,12.1,22.4,2009,7,July
2009-07-31,"Total Phosphorus, mixed forms",53,4.9777924528301885,0.062,0.013,40.4,2009,7,July
2009-08-31,Chloride,38,109.5,83.55000000000001,20.3,385.0,2009,8,August
2009-08-31,Dissolved oxygen (DO),31,9.608064516129033,9.57,6.14,12.53,2009,8,August
2009-08-31,Kjeldahl nitrogen,32,0.57640625,0.495,0.26,1.28,2009,8,August
2009-08-31,Specific conductance,30,849.5666666666667,755.0,509.0,1610.0,2009,8,August
2009-08-31,"Temperature, water",31,20.0,19.9,13.2,25.7,2009,8,August
2009-08-31,"Total Phosphorus, mixed forms",46,2.1150217391304347,0.0505,0.01,20.9,2009,8,August
2009-09-30,Chloride,38,112.65526315789472,52.650000000000006,11.9,627.0,2009,9,September
2009-09-30,Dissolved oxygen (DO),31,10.509032258064515,10.74,5.34,14.6,2009,9,September
2009-09-30,Kjeldahl nitrogen,32,0.6009375,0.525,0.22,2.04,2009,9,September
2009-09-30,Specific conductance,31,844.7741935483871,645.0,459.0,2400.0,2009,9,September
2009-09-30,"Temperature, water",31,13.63225806451613,12.8,10.2,19.7,2009,9,September
2009-09-30,"Total Phosphorus, mixed forms",43,2.411279069767442,0.039,0.01,22.5,2009,9,September
2009-10-31,Chloride,33,103.26363636363635,79.0,26.6,306.0,2009,10,October
2009-10-31,Dissolved oxygen (DO),29,11.805862068965517,11.74,8.43,13.7,2009,10,October
2009-10-31,Kjeldahl nitrogen,29,0.49344827586206896,0.44,0.3,1.41,2009,10,October
2009-10-31,Specific conductance,28,822.2857142857143,759.5,515.0,1360.0,2009,10,October
2009-10-31,"Temperature, water",30,9.326666666666666,9.350000000000001,4.2,11.5,2009,10,October
2009-10-31,"Total Phosphorus, mixed forms",31,5.241838709677419,0.022,0.002,44.3,2009,10,October
2009-11-30,Chloride,32,124.27499999999999,82.55,19.4,571.0,2009,11,November
2009-11-30,Dissolved oxygen (DO),28,12.506785714285714,11.969999999999999,9.38,15.51,2009,11,November
2009-11-30,Kjeldahl nitrogen,28,0.4325,0.37,0.17,1.75,2009,11,November
2009-11-30,Specific conductance,27,914.5185185185185,793.0,523.0,2170.0,2009,11,November
2009-11-30,"Temperature, water",28,6.571428571428571,6.8,2.8,9.2,2009,11,November
2009-11-30,"Total Phosphorus, mixed forms",34,0.021294117647058824,0.017,0.006,0.096,2009,11,November
2009-12-31,Chloride,10,157.64,63.550000000000004,53.5,652.0,2009,12,December
2009-12-31,Dissolved oxygen (DO),4,13.0825,12.84,12.38,14.27,2009,12,December
2009-12-31,Kjeldahl nitrogen,4,0.6575,0.66,0.45,0.86,2009,12,December
2009-12-31,Specific conductance,4,1407.0,1243.0,712.0,2430.0,2009,12,December
2009-12-31,"Temperature, water",4,3.025,3.4000000000000004,1.0,4.3,2009,12,December
2009-12-31,"Total Phosphorus, mixed forms",10,0.04,0.036000000000000004,0.008,0.08,2009,12,December
2010-01-31,Chloride,24,282.27916666666664,105.5,28.2,1630.0,2010,1,January
2010-01-31,Dissolved oxygen (DO),20,14.243,14.57,12.55,15.77,2010,1,January
2010-01-31,Kjeldahl nitrogen,20,0.5625,0.4,0.24,1.77,2010,1,January
2010-01-31,Specific conductance,20,1523.7,1205.0,562.0,5290.0,2010,1,January
2010-01-31,"Temperature, water",13,1.2999999999999998,0.9,0.0,4.2,2010,1,January
2010-01-31,"Total Phosphorus, mixed forms",25,0.06504,0.03,0.011,0.365,2010,1,January
2010-02-28,Chloride,22,892.1772727272727,180.5,29.8,5330.0,2010,2,February
2010-02-28,Dissolved oxygen (DO),20,15.092500000000001,15.195,12.35,18.15,2010,2,February
2010-02-28,Kjeldahl nitrogen,20,0.958,0.585,0.22,3.9,2010,2,February
2010-02-28,Specific conductance,20,3299.95,1335.0,565.0,14800.0,2010,2,February
2010-02-28,"Temperature, water",20,1.555,0.95,0.0,6.3,2010,2,February
2010-02-28,"Total Phosphorus, mixed forms",21,0.04428571428571429,0.036,0.011,0.162,2010,2,February
2010-03-31,Chloride,10,194.51,48.650000000000006,18.6,625.0,2010,3,March
2010-03-31,Dissolved oxygen (DO),1,14.27,14.27,14.27,14.27,2010,3,March
2010-03-31,Kjeldahl nitrogen,6,0.6266666666666666,0.6,0.51,0.75,2010,3,March
2010-03-31,Specific conductance,5,1584.0,1470.0,1160.0,2220.0,2010,3,March
2010-03-31,"Temperature, water",1,1.5,1.5,1.5,1.5,2010,3,March
2010-03-31,"Total Phosphorus, mixed forms",12,0.09295833333333332,0.076,0.024,0.31,2010,3,March
2010-04-30,Chloride,45,150.97555555555556,81.2,28.9,782.0,2010,4,April
2010-04-30,Dissolved oxygen (DO),41,12.314146341463415,12.05,6.79,14.31,2010,4,April
2010-04-30,Kjeldahl nitrogen,43,0.4795348837209303,0.39,0.221,1.41,2010,4,April
2010-04-30,Specific conductance,43,884.4883720930233,715.0,332.0,2620.0,2010,4,April
2010-04-30,"Temperature, water",42,8.133333333333335,8.149999999999999,4.4,12.4,2010,4,April
2010-04-30,"Total Phosphorus, mixed forms",46,0.027441304347826087,0.019,0.006,0.183,2010,4,April
2010-05-31,Chloride,37,149.90540540540542,86.4,23.5,729.0,2010,5,May
2010-05-31,Dissolved oxygen (DO),31,10.436774193548388,10.18,4.91,14.08,2010,5,May
2010-05-31,Kjeldahl nitrogen,30,0.5943333333333333,0.545,0.29,1.48,2010,5,May
2010-05-31,Specific conductance,30,963.7,812.0,535.0,2270.0,2010,5,May
2010-05-31,"Temperature, water",31,17.825806451612905,17.8,10.1,25.7,2010,5,May
2010-05-31,"Total Phosphorus, mixed forms",45,4.551155555555555,0.049,0.01,25.6,2010,5,May
2010-06-30,Chloride,24,83.325,55.2,24.9,521.0,2010,6,June
2010-06-30,Dissolved oxygen (DO),16,9.771875,9.74,8.5,12.19,2010,6,June
2010-06-30,Kjeldahl nitrogen,18,0.7261111111111112,0.625,0.22,2.35,2010,6,June
2010-06-30,Specific conductance,17,618.2352941176471,591.0,236.0,1310.0,2010,6,June
2010-06-30,"Temperature, water",16,19.80625,19.75,14.8,23.1,2010,6,June
2010-06-30,"Total Phosphorus, mixed forms",35,3.9749428571428567,0.078,0.011,48.6,2010,6,June
2010-07-31,Chloride,49,99.75102040816327,70.9,13.4,577.0,2010,7,July
2010-07-31,Dissolved oxygen (DO),45,10.848666666666666,10.91,3.69,13.38,2010,7,July
2010-07-31,Kjeldahl nitrogen,45,0.6591111111111111,0.68,0.28,0.95,2010,7,July
2010-07-31,Specific conductance,44,757.4318181818181,662.0,492.0,1830.0,2010,7,July
2010-07-31,"Temperature, water",45,20.15111111111111,20.9,14.4,27.2,2010,7,July
2010-07-31,"Total Phosphorus, mixed forms",70,4.4743571428571425,0.055,0.012,35.0,2010,7,July
2010-08-31,Chloride,32,106.39375,81.05000000000001,19.5,407.0,2010,8,August
2010-08-31,Dissolved oxygen (DO),41,9.205121951219512,9.03,4.83,11.9,2010,8,August
2010-08-31,Kjeldahl nitrogen,41,0.4317073170731707,0.42,0.201,0.84,2010,8,August
2010-08-31,Specific conductance,39,646.1282051282051,589.0,308.0,1370.0,2010,8,August
2010-08-31,"Temperature, water",37,19.02162162162162,18.8,15.3,22.9,2010,8,August
2010-08-31,"Total Phosphorus, mixed forms",63,4.024384126984127,0.022,0.0032,65.6,2010,8,August
2010-09-30,Chloride,18,64.16666666666667,49.15,17.8,180.0,2010,9,September
2010-09-30,Dissolved oxygen (DO),14,10.955,11.3,9.1,12.99,2010,9,September
2010-09-30,Kjeldahl nitrogen,15,0.6403333333333333,0.47,0.2,1.55,2010,9,September
2010-09-30,Specific conductance,14,635.2142857142857,646.5,351.0,1010.0,2010,9,September
2010-09-30,"Temperature, water",14,13.950000000000001,13.45,9.4,18.7,2010,9,September
2010-09-30,"Total Phosphorus, mixed forms",30,7.607233333333334,0.1475,0.011,62.1,2010,9,September
2010-10-31,Chloride,51,96.76862745098039,67.4,21.1,596.0,2010,10,October
2010-10-31,Dissolved oxygen (DO),47,10.83404255319149,10.75,7.33,15.61,2010,10,October
2010-10-31,Kjeldahl nitrogen,47,0.6936170212765957,0.65,0.23,2.05,2010,10,October
2010-10-31,Specific conductance,46,740.9130434782609,675.5,400.0,1890.0,2010,10,October
2010-10-31,"Temperature, water",47,11.117021276595745,11.5,5.7,15.2,2010,10,October
2010-10-31,"Total Phosphorus, mixed forms",61,3.8003934426229504,0.052,0.013,53.4,2010,10,October
2010-11-30,Chloride,30,98.13666666666667,71.5,25.6,292.0,2010,11,November
2010-11-30,Dissolved oxygen (DO),24,13.594999999999999,13.870000000000001,10.89,15.39,2010,11,November
2010-11-30,Kjeldahl nitrogen,21,0.5628571428571428,0.52,0.34,1.16,2010,11,November
2010-11-30,Specific conductance,22,795.7727272727273,719.5,526.0,1260.0,2010,11,November
2010-11-30,"Temperature, water",24,4.895833333333333,4.6,3.1,7.4,2010,11,November
2010-11-30,"Total Phosphorus, mixed forms",26,0.046615384615384614,0.037,0.007,0.15,2010,11,November
2010-12-31,Chloride,9,553.7666666666667,349.0,55.4,1980.0,2010,12,December
2010-12-31,Dissolved oxygen (DO),5,16.619999999999997,18.88,9.12,19.25,2010,12,December
2010-12-31,Kjeldahl nitrogen,5,1.042,0.47,0.41,3.2,2010,12,December
2010-12-31,Specific conductance,5,3422.0,3320.0,1620.0,6580.0,2010,12,December
2010-12-31,"Temperature, water",2,1.3,1.3,0.2,2.4,2010,12,December
2010-12-31,"Total Phosphorus, mixed forms",9,0.04744444444444444,0.022,0.012,0.2,2010,12,December
2011-01-31,Chloride,23,1328.4260869565217,124.0,34.2,18200.0,2011,1,January
2011-01-31,Dissolved oxygen (DO),20,14.866,15.04,12.03,16.71,2011,1,January
2011-01-31,Kjeldahl nitrogen,20,1.0645,0.575,0.33,4.1,2011,1,January
2011-01-31,Specific conductance,20,3297.25,971.0,564.0,23700.0,2011,1,January
2011-01-31,"Temperature, water",20,0.76,0.3,0.0,4.3,2011,1,January
2011-01-31,"Total Phosphorus, mixed forms",23,0.03708695652173913,0.028,0.013,0.128,2011,1,January
2011-02-28,Chloride,23,487.3,152.0,30.6,3390.0,2011,2,February
2011-02-28,Dissolved oxygen (DO),19,14.666842105263159,14.6,11.39,17.35,2011,2,February
2011-02-28,Kjeldahl nitrogen,20,0.8335000000000001,0.585,0.41,2.8,2011,2,February
2011-02-28,Specific conductance,20,2051.75,1070.0,583.0,9740.0,2011,2,February
2011-02-28,"Temperature, water",19,0.6736842105263158,0.1,0.0,5.5,2011,2,February
2011-02-28,"Total Phosphorus, mixed forms",23,0.04430434782608695,0.032,0.012,0.188,2011,2,February
2011-03-31,Chloride,13,642.6923076923077,306.0,36.3,3150.0,2011,3,March
2011-03-31,Dissolved oxygen (DO),7,14.891428571428571,15.38,13.7,16.1,2011,3,March
2011-03-31,Kjeldahl nitrogen,7,0.6614285714285714,0.61,0.39,1.46,2011,3,March
2011-03-31,Specific conductance,6,4370.0,3260.0,1440.0,10000.0,2011,3,March
2011-03-31,"Temperature, water",6,1.0666666666666667,0.9,0.0,2.4,2011,3,March
2011-03-31,"Total Phosphorus, mixed forms",13,0.07746153846153846,0.056,0.038,0.235,2011,3,March
2011-04-30,Chloride,57,119.09473684210526,76.3,24.3,736.0,2011,4,April
2011-04-30,Dissolved oxygen (DO),52,13.481923076923078,13.165,10.75,17.43,2011,4,April
2011-04-30,Kjeldahl nitrogen,51,0.6311960784313726,0.45,0.178,2.5,2011,4,April
2011-04-30,Specific conductance,51,820.156862745098,717.0,194.0,2720.0,2011,4,April
2011-04-30,"Temperature, water",54,5.238888888888888,4.35,1.3,10.5,2011,4,April
2011-04-30,"Total Phosphorus, mixed forms",68,0.07146029411764707,0.028,0.0051,0.835,2011,4,April
2011-05-31,Chloride,37,87.65405405405404,68.3,26.4,219.0,2011,5,May
2011-05-31,Dissolved oxygen (DO),31,10.887096774193548,10.88,8.05,15.44,2011,5,May
2011-05-31,Kjeldahl nitrogen,31,0.7535483870967742,0.66,0.43,1.95,2011,5,May
2011-05-31,Specific conductance,30,742.3333333333334,721.0,514.0,1140.0,2011,5,May
2011-05-31,"Temperature, water",43,13.274418604651162,13.5,9.1,18.0,2011,5,May
2011-05-31,"Total Phosphorus, mixed forms",48,4.788333333333333,0.052,0.012,33.8,2011,5,May
2011-06-30,Chloride,25,95.956,58.3,16.8,390.0,2011,6,June
2011-06-30,Dissolved oxygen (DO),18,10.219444444444443,10.265,6.91,15.0,2011,6,June
2011-06-30,Kjeldahl nitrogen,18,0.68,0.515,0.21,2.6,2011,6,June
2011-06-30,Specific conductance,16,760.5,671.5,498.0,1690.0,2011,6,June
2011-06-30,"Temperature, water",20,17.794999999999998,18.25,13.0,23.0,2011,6,June
2011-06-30,"Total Phosphorus, mixed forms",33,7.869212121212122,0.086,0.014,48.4,2011,6,June
2011-07-31,Chloride,53,136.21132075471698,81.3,11.6,665.0,2011,7,July
2011-07-31,Dissolved oxygen (DO),44,8.842727272727272,8.785,6.08,12.06,2011,7,July
2011-07-31,Kjeldahl nitrogen,47,0.6061702127659574,0.49,0.21,3.3,2011,7,July
2011-07-31,Specific conductance,46,897.8913043478261,738.0,495.0,2490.0,2011,7,July
2011-07-31,"Temperature, water",44,20.681818181818183,19.6,14.4,32.3,2011,7,July
2011-07-31,"Total Phosphorus, mixed forms",63,2.873285714285714,0.039,0.006,41.2,2011,7,July
2011-08-31,Chloride,26,84.49615384615385,53.45,13.2,312.0,2011,8,August
2011-08-31,Dissolved oxygen (DO),16,9.4,9.45,6.66,13.37,2011,8,August
2011-08-31,Kjeldahl nitrogen,20,79.4855,0.45499999999999996,0.16,550.0,2011,8,August
2011-08-31,Specific conductance,14,756.9285714285714,616.5,447.0,1400.0,2011,8,August
2011-08-31,"Temperature, water",16,18.2875,18.65,13.4,22.0,2011,8,August
2011-08-31,"Total Phosphorus, mixed forms",42,16.576976190476188,0.0785,0.012,93.0,2011,8,August
2011-09-30,Chloride,48,106.05624999999999,91.44999999999999,11.7,252.0,2011,9,September
2011-09-30,Dissolved oxygen (DO),46,9.503260869565217,9.765,6.01,11.81,2011,9,September
2011-09-30,Kjeldahl nitrogen,46,0.5202173913043479,0.445,0.18,1.96,2011,9,September
2011-09-30,Specific conductance,44,813.2727272727273,767.0,500.0,1310.0,2011,9,September
2011-09-30,"Temperature, water",46,16.119565217391305,16.9,8.9,19.2,2011,9,September
2011-09-30,"Total Phosphorus, mixed forms",52,1.6217115384615384,0.036500000000000005,0.011,16.4,2011,9,September
2011-10-31,Chloride,38,67.04736842105264,57.35,22.5,160.0,2011,10,October
2011-10-31,Dissolved oxygen (DO),33,11.747878787878788,11.89,5.85,14.7,2011,10,October
2011-10-31,Kjeldahl nitrogen,34,0.8067647058823529,0.81,0.39,1.58,2011,10,October
2011-10-31,Specific conductance,33,641.6060606060606,617.0,379.0,933.0,2011,10,October
2011-10-31,"Temperature, water",33,8.984848484848484,8.5,6.7,15.3,2011,10,October
2011-10-31,"Total Phosphorus, mixed forms",56,7.842714285714286,0.11599999999999999,0.014,148.0,2011,10,October
2011-11-30,Chloride,20,99.135,55.7,20.5,265.0,2011,11,November
2011-11-30,Dissolved oxygen (DO),14,13.712857142857143,13.09,11.33,17.53,2011,11,November
2011-11-30,Kjeldahl nitrogen,14,0.48,0.41000000000000003,0.19,1.41,2011,11,November
2011-11-30,Specific conductance,12,886.3333333333334,875.5,560.0,1250.0,2011,11,November
2011-11-30,"Temperature, water",14,3.492857142857143,3.0,1.1,8.1,2011,11,November
2011-11-30,"Total Phosphorus, mixed forms",22,4.335136363636364,0.034,0.006,48.4,2011,11,November
2011-12-31,Chloride,22,107.27727272727272,49.099999999999994,25.1,549.0,2011,12,December
2011-12-31,Dissolved oxygen (DO),19,11.711052631578946,10.59,8.86,16.23,2011,12,December
2011-12-31,Kjeldahl nitrogen,20,0.8160000000000001,0.615,0.4,1.84,2011,12,December
2011-12-31,Specific conductance,20,755.75,502.0,392.0,2390.0,2011,12,December
2011-12-31,"Temperature, water",20,4.2299999999999995,4.25,2.2,5.7,2011,12,December
2011-12-31,"Total Phosphorus, mixed forms",24,0.10991666666666666,0.07250000000000001,0.02,0.43,2011,12,December
2012-01-31,Chloride,24,262.52500000000003,122.5,29.7,1160.0,2012,1,January
2012-01-31,Dissolved oxygen (DO),20,15.370500000000002,14.965,12.59,19.66,2012,1,January
2012-01-31,Kjeldahl nitrogen,20,0.752,0.67,0.4,1.76,2012,1,January
2012-01-31,Specific conductance,20,1360.8,924.5,516.0,3830.0,2012,1,January
2012-01-31,"Temperature, water",20,1.155,0.75,0.0,3.7,2012,1,January
2012-01-31,"Total Phosphorus, mixed forms",24,0.059958333333333336,0.0405,0.011,0.147,2012,1,January
2012-02-29,Chloride,7,747.4,859.0,54.4,1590.0,2012,2,February
2012-02-29,Dissolved oxygen (DO),5,18.004,18.15,17.19,18.55,2012,2,February
2012-02-29,Kjeldahl nitrogen,5,0.71,0.51,0.38,1.67,2012,2,February
2012-02-29,Specific conductance,5,3680.0,3400.0,2010.0,5350.0,2012,2,February
2012-02-29,"Temperature, water",5,3.54,3.5,2.8,4.4,2012,2,February
2012-02-29,"Total Phosphorus, mixed forms",7,0.031142857142857142,0.025,0.01,0.074,2012,2,February
2012-03-31,Chloride,46,163.9630434782609,97.05,32.7,1090.0,2012,3,March
2012-03-31,Dissolved oxygen (DO),38,13.73263157894737,14.18,10.35,15.89,2012,3,March
2012-03-31,Kjeldahl nitrogen,38,0.5915789473684211,0.45,0.29,1.73,2012,3,March
2012-03-31,Specific conductance,38,1072.4736842105262,831.5,550.0,3900.0,2012,3,March
2012-03-31,"Temperature, water",38,6.363157894736842,6.2,0.7,14.1,2012,3,March
2012-03-31,"Total Phosphorus, mixed forms",44,0.04709090909090909,0.0235,0.01,0.6,2012,3,March
2012-04-30,Chloride,39,136.1871794871795,71.1,23.9,617.0,2012,4,April
2012-04-30,Dissolved oxygen (DO),35,13.564285714285715,12.96,10.24,17.32,2012,4,April
2012-04-30,Kjeldahl nitrogen,35,0.44485714285714284,0.41,0.15,1.15,2012,4,April
2012-04-30,Specific conductance,34,871.3823529411765,747.5,318.0,2350.0,2012,4,April
2012-04-30,"Temperature, water",34,6.929411764705883,6.5,3.2,11.5,2012,4,April
2012-04-30,"Total Phosphorus, mixed forms",45,0.023944444444444442,0.02,0.0031,0.078,2012,4,April
2012-05-31,Chloride,24,143.45000000000002,54.900000000000006,18.5,768.0,2012,5,May
2012-05-31,Dissolved oxygen (DO),18,10.509444444444446,9.98,7.67,13.97,2012,5,May
2012-05-31,Kjeldahl nitrogen,18,0.7016666666666667,0.495,0.26,3.5,2012,5,May
2012-05-31,Specific conductance,16,1049.6875,713.5,484.0,2870.0,2012,5,May
2012-05-31,"Temperature, water",19,17.76842105263158,17.1,12.5,24.2,2012,5,May
2012-05-31,"Total Phosphorus, mixed forms",32,5.82446875,0.040999999999999995,0.011,30.0,2012,5,May
2012-06-30,Chloride,54,134.82407407407408,98.5,14.5,602.0,2012,6,June
2012-06-30,Dissolved oxygen (DO),48,9.540416666666667,9.774999999999999,4.76,15.42,2012,6,June
2012-06-30,Kjeldahl nitrogen,48,0.7345833333333333,0.505,0.23,3.6,2012,6,June
2012-06-30,Specific conductance,46,963.9347826086956,847.5,509.0,2460.0,2012,6,June
2012-06-30,"Temperature, water",48,17.25625,16.65,12.3,24.7,2012,6,June
2012-06-30,"Total Phosphorus, mixed forms",62,3.739596774193548,0.041999999999999996,0.012,39.0,2012,6,June
2012-07-31,Chloride,36,91.66944444444444,78.3,12.6,314.0,2012,7,July
2012-07-31,Dissolved oxygen (DO),30,8.935666666666666,8.765,5.08,12.32,2012,7,July
2012-07-31,Kjeldahl nitrogen,32,0.808125,0.545,0.19,2.55,2012,7,July
2012-07-31,Specific conductance,30,726.4666666666667,605.0,328.0,1710.0,2012,7,July
2012-07-31,"Temperature, water",30,20.02,19.85,15.1,24.7,2012,7,July
2012-07-31,"Total Phosphorus, mixed forms",48,5.307125,0.10350000000000001,0.014,46.6,2012,7,July
2012-08-31,Chloride,42,111.04761904761905,75.85,13.7,581.0,2012,8,August
2012-08-31,Dissolved oxygen (DO),32,10.5215625,11.115,6.6,14.76,2012,8,August
2012-08-31,Kjeldahl nitrogen,38,46.44842105263158,0.44,0.16,428.0,2012,8,August
2012-08-31,Specific conductance,31,899.9677419354839,797.0,516.0,2290.0,2012,8,August
2012-08-31,"Temperature, water",32,17.509375,17.1,11.4,24.5,2012,8,August
2012-08-31,"Total Phosphorus, mixed forms",45,10.5686,0.067,0.01,43.4,2012,8,August
2012-09-30,Chloride,36,109.10555555555555,89.65,21.5,306.0,2012,9,September
2012-09-30,Dissolved oxygen (DO),32,11.664375,11.280000000000001,7.39,17.84,2012,9,September
2012-09-30,Kjeldahl nitrogen,5,0.7,0.76,0.18,1.24,2012,9,September
2012-09-30,Specific conductance,30,900.1666666666666,787.5,527.0,2000.0,2012,9,September
2012-09-30,"Temperature, water",32,13.115625,13.0,9.4,16.2,2012,9,September
2012-09-30,"Total Phosphorus, mixed forms",18,10.158722222222222,0.28,0.01,52.0,2012,9,September
2012-10-31,Chloride,22,87.69090909090909,68.55000000000001,32.5,270.0,2012,10,October
2012-10-31,Dissolved oxygen (DO),15,13.965333333333332,14.59,8.4,17.82,2012,10,October
2012-10-31,Kjeldahl nitrogen,15,0.27799999999999997,0.26,0.19,0.4,2012,10,October
2012-10-31,Specific conductance,14,792.2142857142857,742.5,597.0,1320.0,2012,10,October
2012-10-31,"Temperature, water",16,10.6625,10.75,7.9,12.7,2012,10,October
2012-10-31,"Total Phosphorus, mixed forms",21,5.482857142857143,0.027,0.006,24.0,2012,10,October
2012-11-30,Chloride,48,108.04791666666667,73.55,25.8,496.0,2012,11,November
2012-11-30,Dissolved oxygen (DO),46,13.766739130434782,12.58,8.93,20.35,2012,11,November
2012-11-30,Kjeldahl nitrogen,46,0.7110869565217391,0.355,0.21,4.3,2012,11,November
2012-11-30,Specific conductance,45,850.8666666666667,734.0,484.0,2140.0,2012,11,November
2012-11-30,"Temperature, water",46,5.0,5.050000000000001,0.6,9.2,2012,11,November
2012-11-30,"Total Phosphorus, mixed forms",23,0.02787391304347826,0.018,0.0081,0.106,2012,11,November
2012-12-31,Chloride,8,202.7625,185.0,64.9,402.0,2012,12,December
2012-12-31,Dissolved oxygen (DO),5,19.881999999999998,20.24,18.21,20.53,2012,12,December
2012-12-31,Kjeldahl nitrogen,4,0.4625,0.48,0.39,0.5,2012,12,December
2012-12-31,Specific conductance,5,1335.0,1280.0,935.0,1750.0,2012,12,December
2012-12-31,"Temperature, water",5,2.18,2.1,1.4,3.4,2012,12,December
2012-12-31,"Total Phosphorus, mixed forms",8,0.0186875,0.0135,0.0101,0.046,2012,12,December
2013-01-31,Chloride,13,352.18461538461537,77.6,54.8,1860.0,2013,1,January
2013-01-31,Dissolved oxygen (DO),5,17.52,16.98,15.79,21.05,2013,1,January
2013-01-31,Kjeldahl nitrogen,5,0.42800000000000005,0.4,0.25,0.66,2013,1,January
2013-01-31,Specific conductance,5,3220.0,2610.0,1550.0,6650.0,2013,1,January
2013-01-31,"Temperature, water",5,0.27999999999999997,0.1,0.0,0.7,2013,1,January
2013-01-31,"Total Phosphorus, mixed forms",13,0.08537692307692307,0.0544,0.014,0.2254,2013,1,January
2013-02-28,Chloride,32,203.525,127.0,28.6,1290.0,2013,2,February
2013-02-28,Dissolved oxygen (DO),30,13.172666666666666,13.215,11.32,14.96,2013,2,February
2013-02-28,Kjeldahl nitrogen,30,0.6113333333333333,0.55,0.2,1.41,2013,2,February
2013-02-28,Specific conductance,30,1265.8666666666666,891.0,431.0,5580.0,2013,2,February
2013-02-28,"Temperature, water",30,1.34,1.25,0.0,3.7,2013,2,February
2013-02-28,"Total Phosphorus, mixed forms",29,0.09530689655172414,0.0367,0.01,0.28,2013,2,February
2013-03-31,Chloride,42,327.8833333333333,76.75,20.4,2690.0,2013,3,March
2013-03-31,Dissolved oxygen (DO),27,15.424814814814816,14.11,10.75,20.86,2013,3,March
2013-03-31,Kjeldahl nitrogen,27,0.5537037037037037,0.53,0.21,0.94,2013,3,March
2013-03-31,Specific conductance,27,1987.888888888889,830.0,260.0,8460.0,2013,3,March
2013-03-31,"Temperature, water",27,2.685185185185185,2.6,0.2,5.6,2013,3,March
2013-03-31,"Total Phosphorus, mixed forms",41,0.10308536585365853,0.072,0.01,0.3709,2013,3,March
2013-04-30,Chloride,47,100.65106382978725,65.7,13.8,474.0,2013,4,April
2013-04-30,Dissolved oxygen (DO),41,12.653063414634147,11.95,9.05,19.29,2013,4,April
2013-04-30,Kjeldahl nitrogen,38,0.37507894736842107,0.365,0.161,0.79,2013,4,April
2013-04-30,Specific conductance,38,793.9473684210526,670.0,331.0,2030.0,2013,4,April
2013-04-30,"Temperature, water",45,7.7684444444444445,8.3,2.5,12.3,2013,4,April
2013-04-30,"Total Phosphorus, mixed forms",54,0.035525925925925926,0.017,0.0041,0.3056,2013,4,April
2013-05-31,Chloride,35,92.3,56.6,14.7,433.0,2013,5,May
2013-05-31,Dissolved oxygen (DO),31,10.397419354838709,10.24,5.6,14.5,2013,5,May
2013-05-31,Kjeldahl nitrogen,31,0.6674193548387097,0.66,0.34,1.31,2013,5,May
2013-05-31,Specific conductance,30,701.8,593.0,288.0,1810.0,2013,5,May
2013-05-31,"Temperature, water",42,15.158571428571427,14.77,8.7,22.11,2013,5,May
2013-05-31,"Total Phosphorus, mixed forms",40,2.8524025,0.061,0.012,47.4,2013,5,May
2013-06-30,Chloride,36,115.92777777777776,75.15,25.7,524.0,2013,6,June
2013-06-30,Dissolved oxygen (DO),17,11.114117647058823,11.92,2.79,14.15,2013,6,June
2013-06-30,Kjeldahl nitrogen,32,0.714375,0.645,0.4,1.71,2013,6,June
2013-06-30,Specific conductance,31,879.7096774193549,766.0,520.0,2200.0,2013,6,June
2013-06-30,"Temperature, water",17,15.829411764705883,16.0,11.2,20.6,2013,6,June
2013-06-30,"Total Phosphorus, mixed forms",44,7.947109090909091,0.0478,0.0081,92.0,2013,6,June
2013-07-31,Chloride,14,47.285714285714285,36.45,21.9,109.0,2013,7,July
2013-07-31,Dissolved oxygen (DO),14,9.235,9.17,7.19,12.31,2013,7,July
2013-07-31,Kjeldahl nitrogen,14,0.6671428571428571,0.645,0.42,1.02,2013,7,July
2013-07-31,Specific conductance,12,494.5833333333333,473.5,266.0,708.0,2013,7,July
2013-07-31,"Temperature, water",14,20.67142857142857,21.05,17.6,23.0,2013,7,July
2013-07-31,"Total Phosphorus, mixed forms",27,10.03677037037037,0.385,0.0148,47.4,2013,7,July
2013-08-31,Chloride,58,99.20689655172414,67.0,12.2,586.0,2013,8,August
2013-08-31,Dissolved oxygen (DO),49,9.048979591836734,8.79,3.59,15.96,2013,8,August
2013-08-31,Kjeldahl nitrogen,52,17.665384615384617,0.46,0.11,466.0,2013,8,August
2013-08-31,Specific conductance,49,779.2244897959183,676.0,341.0,2400.0,2013,8,August
2013-08-31,"Temperature, water",49,20.159183673469386,19.2,13.5,80.2,2013,8,August
2013-08-31,"Total Phosphorus, mixed forms",72,5.384779166666666,0.0377,0.007,66.4,2013,8,August
2013-09-30,Chloride,42,74.05714285714286,55.0,23.1,273.0,2013,9,September
2013-09-30,Dissolved oxygen (DO),39,10.124593076923077,10.5,7.04,12.69,2013,9,September
2013-09-30,Kjeldahl nitrogen,39,0.6653846153846154,0.63,0.257,1.83,2013,9,September
2013-09-30,Specific conductance,39,629.6923076923077,643.0,306.0,1240.0,2013,9,September
2013-09-30,"Temperature, water",35,13.548571428571428,12.7,8.5,22.0,2013,9,September
2013-09-30,"Total Phosphorus, mixed forms",59,2.602205084745763,0.013,0.003,62.8,2013,9,September
2013-10-31,Chloride,20,63.4,53.3,24.0,153.0,2013,10,October
2013-10-31,Dissolved oxygen (DO),16,13.939375,14.25,5.55,15.88,2013,10,October
2013-10-31,Kjeldahl nitrogen,16,0.491875,0.45,0.31,0.72,2013,10,October
2013-10-31,Specific conductance,14,664.0714285714286,639.5,548.0,810.0,2013,10,October
2013-10-31,"Temperature, water",16,9.36875,9.05,4.6,14.2,2013,10,October
2013-10-31,"Total Phosphorus, mixed forms",25,3.406988,0.046,0.008,25.0,2013,10,October
2013-11-30,Chloride,31,89.28387096774195,69.4,27.3,205.0,2013,11,November
2013-11-30,Dissolved oxygen (DO),29,13.491724137931033,13.39,6.21,17.73,2013,11,November
2013-11-30,Kjeldahl nitrogen,29,0.6265517241379309,0.46,0.3,2.23,2013,11,November
2013-11-30,Specific conductance,28,802.5357142857143,739.0,428.0,1270.0,2013,11,November
2013-11-30,"Temperature, water",28,5.2821428571428575,5.75,1.4,7.9,2013,11,November
2013-11-30,"Total Phosphorus, mixed forms",31,0.020506451612903227,0.016,0.007,0.056,2013,11,November
2013-12-31,Chloride,2,63.65,63.65,60.7,66.6,2013,12,December
2013-12-31,"Total Phosphorus, mixed forms",2,0.02475,0.02475,0.0158,0.0337,2013,12,December
2014-01-31,Chloride,18,690.6388888888889,140.0,40.8,5610.0,2014,1,January
2014-01-31,Dissolved oxygen (DO),14,14.437142857142858,13.4,9.85,20.12,2014,1,January
2014-01-31,Kjeldahl nitrogen,14,1.2,0.905,0.16,4.72,2014,1,January
2014-01-31,Specific conductance,14,3240.3571428571427,1255.0,657.0,17500.0,2014,1,January
2014-01-31,"Temperature, water",14,0.33571428571428574,0.2,0.0,1.4,2014,1,January
2014-01-31,"Total Phosphorus, mixed forms",18,0.04396111111111111,0.0215,0.015,0.332,2014,1,January
2014-02-28,Chloride,18,483.1666666666667,160.0,31.3,1940.0,2014,2,February
2014-02-28,Dissolved oxygen (DO),16,15.985625,14.524999999999999,11.54,24.92,2014,2,February
2014-02-28,Kjeldahl nitrogen,16,0.7268749999999999,0.6950000000000001,0.35,1.42,2014,2,February
2014-02-28,Specific conductance,16,2189.875,1365.0,598.0,6360.0,2014,2,February
2014-02-28,"Temperature, water",9,0.4555555555555556,0.1,0.1,1.6,2014,2,February
2014-02-28,"Total Phosphorus, mixed forms",18,0.02941111111111111,0.0245,0.007,0.079,2014,2,February
2014-03-31,Chloride,23,356.5217391304348,166.0,39.8,1840.0,2014,3,March
2014-03-31,Dissolved oxygen (DO),19,15.012105263157896,15.43,12.35,17.17,2014,3,March
2014-03-31,Kjeldahl nitrogen,19,0.7642105263157895,0.7,0.24,1.65,2014,3,March
2014-03-31,Specific conductance,19,1821.2631578947369,1160.0,632.0,6110.0,2014,3,March
2014-03-31,"Temperature, water",19,0.5421052631578948,0.2,0.0,2.0,2014,3,March
2014-03-31,"Total Phosphorus, mixed forms",23,0.04303478260869565,0.032,0.008,0.2394,2014,3,March
2014-04-30,Chloride,29,175.9241379310345,50.8,24.6,1220.0,2014,4,April
2014-04-30,Dissolved oxygen (DO),15,15.868666666666666,15.06,13.38,19.47,2014,4,April
2014-04-30,Kjeldahl nitrogen,15,0.49599999999999994,0.45,0.28,1.2,2014,4,April
2014-04-30,Specific conductance,14,1498.7857142857142,1165.0,571.0,4410.0,2014,4,April
2014-04-30,"Temperature, water",15,6.8933333333333335,7.8,0.5,11.6,2014,4,April
2014-04-30,"Total Phosphorus, mixed forms",31,0.08893548387096775,0.0523,0.013,0.2973,2014,4,April
2014-05-31,Chloride,55,118.96000000000001,85.9,26.3,563.0,2014,5,May
2014-05-31,Dissolved oxygen (DO),51,10.881568627450982,10.93,6.12,15.36,2014,5,May
2014-05-31,Kjeldahl nitrogen,51,0.58,0.53,0.36,1.78,2014,5,May
2014-05-31,Specific conductance,48,935.7708333333334,740.0,481.0,3540.0,2014,5,May
2014-05-31,"Temperature, water",51,12.233333333333333,13.8,5.4,19.8,2014,5,May
2014-05-31,"Total Phosphorus, mixed forms",65,2.5603953846153846,0.025,0.008,60.4,2014,5,May
2014-06-30,Chloride,31,148.38709677419354,99.9,26.0,769.0,2014,6,June
2014-06-30,Dissolved oxygen (DO),29,9.411034482758621,9.8,5.1,11.85,2014,6,June
2014-06-30,Kjeldahl nitrogen,29,0.6627586206896552,0.6,0.15,1.83,2014,6,June
2014-06-30,Specific conductance,28,953.5714285714286,814.0,526.0,2920.0,2014,6,June
2014-06-30,"Temperature, water",29,18.389655172413793,18.5,13.8,21.7,2014,6,June
2014-06-30,"Total Phosphorus, mixed forms",39,9.61214358974359,0.035,0.006,225.0,2014,6,June
2014-07-31,Chloride,19,151.64736842105265,75.0,17.5,586.0,2014,7,July
2014-07-31,Dissolved oxygen (DO),15,10.052666666666665,10.58,3.45,12.49,2014,7,July
2014-07-31,Kjeldahl nitrogen,15,0.6766666666666666,0.54,0.31,2.2,2014,7,July
2014-07-31,Specific conductance,15,988.4666666666667,779.0,541.0,2210.0,2014,7,July
2014-07-31,"Temperature, water",15,19.48,20.2,12.7,25.4,2014,7,July
2014-07-31,"Total Phosphorus, mixed forms",25,8.06336,0.062,0.026,75.2,2014,7,July
2014-08-31,Chloride,45,127.77111111111111,95.4,16.5,576.0,2014,8,August
2014-08-31,Dissolved oxygen (DO),44,9.064545454545454,8.969999999999999,1.12,14.36,2014,8,August
2014-08-31,Kjeldahl nitrogen,44,0.45363636363636367,0.37,0.17,3.09,2014,8,August
2014-08-31,Specific conductance,17,685.1764705882352,660.0,501.0,912.0,2014,8,August
2014-08-31,"Temperature, water",45,19.044444444444444,19.2,13.0,23.8,2014,8,August
2014-08-31,"Total Phosphorus, mixed forms",55,3.461401818181818,0.028,0.009,65.6,2014,8,August
2014-09-30,Chloride,40,90.38250000000001,72.05,25.3,222.0,2014,9,September
2014-09-30,Dissolved oxygen (DO),33,9.563030303030303,9.13,0.22,15.32,2014,9,September
2014-09-30,Kjeldahl nitrogen,32,0.4390625,0.42,0.1,0.99,2014,9,September
2014-09-30,Specific conductance,32,764.78125,722.5,531.0,1220.0,2014,9,September
2014-09-30,"Temperature, water",34,13.955882352941176,13.75,9.9,18.3,2014,9,September
2014-09-30,"Total Phosphorus, mixed forms",46,5.345493478260869,0.0305,0.007,101.0,2014,9,September
2014-10-31,Chloride,34,105.82058823529412,89.2,23.2,260.0,2014,10,October
2014-10-31,Dissolved oxygen (DO),30,11.887,12.225,8.47,14.57,2014,10,October
2014-10-31,Kjeldahl nitrogen,30,0.6713333333333333,0.55,0.31,1.97,2014,10,October
2014-10-31,Specific conductance,28,867.8928571428571,844.0,539.0,1230.0,2014,10,October
2014-10-31,"Temperature, water",30,41.63666666666666,10.55,6.7,99.0,2014,10,October
2014-10-31,"Total Phosphorus, mixed forms",36,0.025530555555555556,0.019,0.0066,0.082,2014,10,October
2014-11-30,Chloride,35,197.19142857142856,68.7,27.2,1290.0,2014,11,November
2014-11-30,Dissolved oxygen (DO),32,15.396875,13.120000000000001,10.52,26.98,2014,11,November
2014-11-30,Kjeldahl nitrogen,33,0.5081818181818182,0.48,0.25,1.13,2014,11,November
2014-11-30,Specific conductance,31,1142.516129032258,695.0,511.0,4360.0,2014,11,November
2014-11-30,"Temperature, water",33,2.6545454545454543,2.3,0.0,22.2,2014,11,November
2014-11-30,"Total Phosphorus, mixed forms",38,0.048244736842105264,0.01755,0.005,0.4083,2014,11,November
2014-12-31,Chloride,7,558.0714285714286,457.0,63.5,1120.0,2014,12,December
2014-12-31,Dissolved oxygen (DO),5,15.706,14.01,13.63,21.35,2014,12,December
2014-12-31,Kjeldahl nitrogen,5,0.71,0.74,0.52,0.96,2014,12,December
2014-12-31,Specific conductance,5,2778.0,3010.0,1750.0,3780.0,2014,12,December
2014-12-31,"Temperature, water",5,5.34,4.9,2.8,8.1,2014,12,December
2014-12-31,"Total Phosphorus, mixed forms",7,0.05357142857142857,0.0483,0.016,0.092,2014,12,December
2015-01-31,Chloride,53,866.2641509433962,261.0,31.1,4760.0,2015,1,January
2015-01-31,Dissolved oxygen (DO),54,19.464629629629627,19.9,11.09,30.5,2015,1,January
2015-01-31,Kjeldahl nitrogen,49,0.7440816326530613,0.51,0.15,3.66,2015,1,January
2015-01-31,Specific conductance,74,4172.783783783784,3567.0,452.0,14426.0,2015,1,January
2015-01-31,"Temperature, water",54,0.36000000000000004,0.1,0.0,3.6,2015,1,January
2015-01-31,"Total Phosphorus, mixed forms",52,0.03840961538461539,0.0245,0.007,0.178,2015,1,January
2015-02-28,Chloride,50,833.1560000000001,297.5,19.6,5780.0,2015,2,February
2015-02-28,Dissolved oxygen (DO),52,19.14173076923077,19.244999999999997,10.97,32.2,2015,2,February
2015-02-28,Kjeldahl nitrogen,48,0.6689583333333333,0.455,0.21,3.85,2015,2,February
2015-02-28,Specific conductance,85,3384.494117647059,2470.0,301.0,17375.0,2015,2,February
2015-02-28,"Temperature, water",52,0.2901923076923077,0.08,0.0,2.6,2015,2,February
2015-02-28,"Total Phosphorus, mixed forms",50,0.054905999999999996,0.0285,0.008,0.5,2015,2,February
2015-03-31,Chloride,62,613.074193548387,219.5,31.1,4430.0,2015,3,March
2015-03-31,Dissolved oxygen (DO),57,34.26824561403509,19.93,11.1,99.0,2015,3,March
2015-03-31,Kjeldahl nitrogen,52,0.6649999999999999,0.615,0.22,2.71,2015,3,March
2015-03-31,Specific conductance,89,3033.370786516854,1886.0,118.0,19544.0,2015,3,March
2015-03-31,"Temperature, water",57,1.5577543859649123,1.5,0.01,5.14,2015,3,March
2015-03-31,"Total Phosphorus, mixed forms",62,0.0742741935483871,0.0565,0.015,0.432,2015,3,March
2015-04-30,Chloride,58,246.63620689655173,124.0,23.4,1330.0,2015,4,April
2015-04-30,Dissolved oxygen (DO),64,14.77375,15.06,10.44,20.2,2015,4,April
2015-04-30,Kjeldahl nitrogen,52,0.7385,0.695,0.17,2.43,2015,4,April
2015-04-30,Specific conductance,86,1339.0837209302326,970.0,304.1,4330.0,2015,4,April
2015-04-30,"Temperature, water",73,7.454109589041096,7.71,2.25,13.88,2015,4,April
2015-04-30,"Total Phosphorus, mixed forms",67,0.1282686567164179,0.058,0.0028,0.7243,2015,4,April
2015-05-31,Chloride,72,338.1013888888889,179.5,18.6,1770.0,2015,5,May
2015-05-31,Dissolved oxygen (DO),84,13.574761904761905,14.605,5.56,21.28,2015,5,May
2015-05-31,Kjeldahl nitrogen,67,0.6849253731343283,0.5,0.11,7.54,2015,5,May
2015-05-31,Specific conductance,105,1694.4095238095238,1260.0,546.0,5760.0,2015,5,May
2015-05-31,"Temperature, water",85,15.995411764705882,15.18,7.53,77.7,2015,5,May
2015-05-31,"Total Phosphorus, mixed forms",75,1.6957706666666668,0.028,0.007,63.6,2015,5,May
2015-06-30,Chloride,70,151.64285714285714,108.5,21.6,592.0,2015,6,June
2015-06-30,Dissolved oxygen (DO),68,11.189264705882353,11.525,5.68,14.17,2015,6,June
2015-06-30,Kjeldahl nitrogen,25,0.9684,0.86,0.21,2.74,2015,6,June
2015-06-30,Specific conductance,92,908.6304347826087,751.5,198.0,2410.0,2015,6,June
2015-06-30,"Temperature, water",68,19.056029411764705,19.185000000000002,13.8,22.7,2015,6,June
2015-06-30,"Total Phosphorus, mixed forms",72,1.6545763888888887,0.07050000000000001,0.006,57.8,2015,6,June
2015-07-31,Chloride,70,211.09857142857143,134.5,14.9,923.0,2015,7,July
2015-07-31,Dissolved oxygen (DO),76,8.175294078947369,7.7,3.82,12.37,2015,7,July
2015-07-31,Kjeldahl nitrogen,31,0.5052903225806451,0.47,0.207,1.13,2015,7,July
2015-07-31,Specific conductance,99,1277.469696969697,1075.0,311.9,3447.0,2015,7,July
2015-07-31,"Temperature, water",74,20.444594594594594,20.6,12.6,25.7,2015,7,July
2015-07-31,"Total Phosphorus, mixed forms",83,2.053626506024097,0.028,0.0026,50.2,2015,7,July
2015-08-31,Chloride,63,185.33492063492065,129.0,16.5,679.0,2015,8,August
2015-08-31,Dissolved oxygen (DO),69,8.339130434782609,8.47,4.75,12.97,2015,8,August
2015-08-31,Kjeldahl nitrogen,26,14.34153846153846,0.46499999999999997,0.29,357.0,2015,8,August
2015-08-31,Specific conductance,94,1133.476595744681,916.5,498.8,2773.0,2015,8,August
2015-08-31,"Temperature, water",69,20.68840579710145,21.5,14.1,25.6,2015,8,August
2015-08-31,"Total Phosphorus, mixed forms",99,37.65335252525252,0.078,0.006,701.0,2015,8,August
2015-09-30,Chloride,48,192.40625,172.5,11.8,453.0,2015,9,September
2015-09-30,Dissolved oxygen (DO),52,10.162692307692309,10.010000000000002,7.19,14.33,2015,9,September
2015-09-30,Kjeldahl nitrogen,25,0.6204,0.54,0.33,2.64,2015,9,September
2015-09-30,Specific conductance,76,1107.860355263158,996.5,520.0,2034.0,2015,9,September
2015-09-30,"Temperature, water",52,15.667307692307693,15.6,11.4,19.0,2015,9,September
2015-09-30,"Total Phosphorus, mixed forms",82,19.53665,0.0863,0.0104,161.0,2015,9,September
2015-10-31,Chloride,70,179.68571428571428,139.0,23.8,727.0,2015,10,October
2015-10-31,Dissolved oxygen (DO),72,10.77875,10.625,5.65,14.06,2015,10,October
2015-10-31,Kjeldahl nitrogen,25,0.6803999999999999,0.5,0.28,4.27,2015,10,October
2015-10-31,Specific conductance,96,1121.75,999.5,393.0,2471.0,2015,10,October
2015-10-31,"Temperature, water",72,10.61111111111111,10.6,3.3,16.5,2015,10,October
2015-10-31,"Total Phosphorus, mixed forms",98,13.840680612244897,0.04875,0.006,162.0,2015,10,October
2015-11-30,Chloride,77,177.78311688311686,122.0,19.2,781.0,2015,11,November
2015-11-30,Dissolved oxygen (DO),83,13.258433734939759,13.41,7.93,17.27,2015,11,November
2015-11-30,Kjeldahl nitrogen,25,0.40240000000000004,0.39,0.27,0.74,2015,11,November
2015-11-30,Specific conductance,105,1156.2285714285715,982.0,551.0,3050.0,2015,11,November
2015-11-30,"Temperature, water",83,4.48421686746988,3.5,0.5,10.5,2015,11,November
2015-11-30,"Total Phosphorus, mixed forms",103,11.739502912621358,0.0295,0.006,298.0,2015,11,November
2015-12-31,Chloride,43,202.96046511627904,174.0,23.5,597.0,2015,12,December
2015-12-31,Dissolved oxygen (DO),44,11.010909090909092,11.71,6.91,14.86,2015,12,December
2015-12-31,Kjeldahl nitrogen,32,0.48,0.405,0.24,1.15,2015,12,December
2015-12-31,Specific conductance,76,1114.2894736842106,1044.5,468.0,2287.0,2015,12,December
2015-12-31,"Temperature, water",44,6.5002272727272725,6.1,4.7,8.7,2015,12,December
2015-12-31,"Total Phosphorus, mixed forms",54,30.02132222222222,0.0402,0.0082,616.0,2015,12,December
2016-01-31,Chloride,58,445.3206896551724,256.5,20.9,2280.0,2016,1,January
2016-01-31,Dissolved oxygen (DO),57,14.247368421052633,14.4,11.68,18.12,2016,1,January
2016-01-31,Kjeldahl nitrogen,31,0.6206451612903227,0.5,0.27,2.0,2016,1,January
2016-01-31,Specific conductance,88,2139.2613636363635,1544.0,575.0,8196.0,2016,1,January
2016-01-31,"Temperature, water",51,0.5647058823529412,0.1,0.0,3.9,2016,1,January
2016-01-31,"Total Phosphorus, mixed forms",67,24.225067164179105,0.0288,0.009,627.0,2016,1,January
2016-02-29,Chloride,45,1829.082222222222,725.0,40.5,7090.0,2016,2,February
2016-02-29,Dissolved oxygen (DO),42,17.90142857142857,15.85,12.0,99.0,2016,2,February
2016-02-29,Kjeldahl nitrogen,31,0.7625806451612903,0.57,0.22,2.91,2016,2,February
2016-02-29,Specific conductance,74,7453.918918918919,4839.0,99.0,24703.0,2016,2,February
2016-02-29,"Temperature, water",41,2.7569268292682927,0.16,0.014,99.0,2016,2,February
2016-02-29,"Total Phosphorus, mixed forms",54,11.229987037037038,0.04075,0.0104,270.0,2016,2,February
2016-03-31,Chloride,75,325.25333333333333,171.0,25.7,1240.0,2016,3,March
2016-03-31,Dissolved oxygen (DO),58,12.883620689655173,12.73,11.37,14.77,2016,3,March
2016-03-31,Kjeldahl nitrogen,32,1.0328125,0.91,0.43,3.25,2016,3,March
2016-03-31,Specific conductance,89,1289.1573033707866,980.0,177.0,4120.0,2016,3,March
2016-03-31,"Temperature, water",58,4.724482758620689,5.3,0.3,7.84,2016,3,March
2016-03-31,"Total Phosphorus, mixed forms",81,7.663896296296295,0.113,0.0159,179.0,2016,3,March
2016-04-30,Chloride,92,268.5054347826087,114.5,23.1,1270.0,2016,4,April
2016-04-30,Dissolved oxygen (DO),88,13.35931818181818,12.21,10.05,99.9,2016,4,April
2016-04-30,Kjeldahl nitrogen,33,0.6030606060606061,0.56,0.201,1.3,2016,4,April
2016-04-30,Specific conductance,115,1573.7486956521739,995.0,318.6,5752.0,2016,4,April
2016-04-30,"Temperature, water",87,8.925287356321839,9.0,1.7,15.4,2016,4,April
2016-04-30,"Total Phosphorus, mixed forms",145,18.259745517241377,0.053,0.0034,320.0,2016,4,April
2016-05-31,Chloride,64,250.3796875,161.5,0.0,856.0,2016,5,May
2016-05-31,Dissolved oxygen (DO),66,11.316515151515151,11.34,4.4,15.94,2016,5,May
2016-05-31,Kjeldahl nitrogen,25,0.9768000000000001,0.95,0.58,1.62,2016,5,May
2016-05-31,Specific conductance,90,1332.6599999999999,1165.0,59.2,3241.0,2016,5,May
2016-05-31,"Temperature, water",66,13.546969696969697,14.2,6.6,20.4,2016,5,May
2016-05-31,"Total Phosphorus, mixed forms",102,11.18903137254902,0.045649999999999996,0.007,146.0,2016,5,May
2016-06-30,Chloride,49,312.82448979591834,249.0,9.1,1030.0,2016,6,June
2016-06-30,Dissolved oxygen (DO),53,18.89188679245283,10.19,4.67,99.0,2016,6,June
2016-06-30,Kjeldahl nitrogen,25,0.8016,0.82,0.35,1.41,2016,6,June
2016-06-30,Specific conductance,79,1571.8822784810127,1360.0,69.7,4118.0,2016,6,June
2016-06-30,"Temperature, water",55,20.094545454545454,20.6,12.3,26.2,2016,6,June
2016-06-30,"Total Phosphorus, mixed forms",73,19.19422876712329,0.094,0.008,142.0,2016,6,June
2016-07-31,Chloride,75,222.032,190.0,11.2,874.0,2016,7,July
2016-07-31,Dissolved oxygen (DO),81,10.02432098765432,9.47,2.69,66.89,2016,7,July
2016-07-31,Kjeldahl nitrogen,25,0.6544,0.61,0.25,1.53,2016,7,July
2016-07-31,Specific conductance,105,1281.6266666666666,1190.0,144.8,3223.0,2016,7,July
2016-07-31,"Temperature, water",81,20.959135802469138,20.6,13.5,28.0,2016,7,July
2016-07-31,"Total Phosphorus, mixed forms",126,18.519965079365083,0.1035,0.012,163.0,2016,7,July
2016-08-31,Chloride,49,173.45102040816326,130.0,12.6,489.0,2016,8,August
2016-08-31,Dissolved oxygen (DO),54,11.602037037037038,11.715,4.4,16.77,2016,8,August
2016-08-31,Kjeldahl nitrogen,26,17.42,0.525,0.27,438.0,2016,8,August
2016-08-31,Specific conductance,78,1062.3461538461538,963.5,502.0,2110.0,2016,8,August
2016-08-31,"Temperature, water",54,20.590740740740742,20.05,15.3,26.5,2016,8,August
2016-08-31,"Total Phosphorus, mixed forms",75,15.776324,0.087,0.006,136.0,2016,8,August
2016-09-30,Chloride,76,160.32894736842104,141.0,10.4,568.0,2016,9,September
2016-09-30,Dissolved oxygen (DO),85,10.587176470588235,11.07,4.25,16.26,2016,9,September
2016-09-30,Kjeldahl nitrogen,24,0.7604166666666666,0.6950000000000001,0.3,1.64,2016,9,September
2016-09-30,Specific conductance,108,1047.8555555555556,926.0,50.4,4478.0,2016,9,September
2016-09-30,"Temperature, water",85,17.57035294117647,17.7,10.6,24.6,2016,9,September
2016-09-30,"Total Phosphorus, mixed forms",129,18.856911627906978,0.103,0.005,148.0,2016,9,September
2016-10-31,Chloride,59,187.70677966101695,151.0,18.6,667.0,2016,10,October
2016-10-31,Dissolved oxygen (DO),72,10.237222222222222,10.075,5.2,14.06,2016,10,October
2016-10-31,Kjeldahl nitrogen,24,0.7854166666666668,0.6799999999999999,0.32,2.77,2016,10,October
2016-10-31,Specific conductance,92,1084.5326086956522,964.0,521.0,2612.0,2016,10,October
2016-10-31,"Temperature, water",71,12.643661971830987,13.8,4.6,19.6,2016,10,October
2016-10-31,"Total Phosphorus, mixed forms",94,21.809263829787234,0.0623,0.006,652.0,2016,10,October
2016-11-30,Chloride,49,491.93673469387755,193.0,25.2,5610.0,2016,11,November
2016-11-30,Dissolved oxygen (DO),54,15.029074074074074,13.79,8.64,94.4,2016,11,November
2016-11-30,Kjeldahl nitrogen,23,0.696086956521739,0.57,0.25,1.93,2016,11,November
2016-11-30,Specific conductance,77,2063.2337662337663,1180.0,99.0,16500.0,2016,11,November
2016-11-30,"Temperature, water",54,2.8833333333333333,2.2,0.3,10.0,2016,11,November
2016-11-30,"Total Phosphorus, mixed forms",66,17.611675757575757,0.0408,0.0052,238.0,2016,11,November
2016-12-31,Chloride,59,719.6491525423729,263.0,17.0,3180.0,2016,12,December
2016-12-31,Dissolved oxygen (DO),60,13.638666666666667,14.225000000000001,8.3,16.04,2016,12,December
2016-12-31,Kjeldahl nitrogen,31,0.5996774193548388,0.55,0.23,1.3,2016,12,December
2016-12-31,Specific conductance,92,3078.782608695652,1673.5,556.0,9795.0,2016,12,December
2016-12-31,"Temperature, water",60,2.1233333333333335,0.5,0.0,9.4,2016,12,December
2016-12-31,"Total Phosphorus, mixed forms",81,12.687469135802468,0.0359,0.0046,262.0,2016,12,December
2017-01-31,Chloride,66,446.20151515151514,227.5,34.2,2420.0,2017,1,January
2017-01-31,Dissolved oxygen (DO),59,13.103220338983052,13.56,2.72,14.85,2017,1,January
2017-01-31,Kjeldahl nitrogen,30,0.7656666666666666,0.72,0.31,2.02,2017,1,January
2017-01-31,Specific conductance,91,2159.5824175824177,1380.0,553.0,8093.0,2017,1,January
2017-01-31,"Temperature, water",59,1.994915254237288,1.9,0.1,5.0,2017,1,January
2017-01-31,"Total Phosphorus, mixed forms",89,10.622160674157303,0.061,0.009,101.0,2017,1,January
2017-02-28,Chloride,59,646.528813559322,345.0,36.5,2590.0,2017,2,February
2017-02-28,Dissolved oxygen (DO),59,13.718135593220339,13.65,10.6,15.76,2017,2,February
2017-02-28,Kjeldahl nitrogen,32,0.8915625,0.86,0.5,1.88,2017,2,February
2017-02-28,Specific conductance,91,2684.6197802197803,1656.0,408.1,8548.0,2017,2,February
2017-02-28,"Temperature, water",59,2.6771186440677965,2.9,0.03,7.2,2017,2,February
2017-02-28,"Total Phosphorus, mixed forms",82,11.368046341463415,0.05845,0.007,97.0,2017,2,February
2017-03-31,Chloride,66,618.4045454545454,239.0,30.1,3750.0,2017,3,March
2017-03-31,Dissolved oxygen (DO),58,14.905517241379311,15.09,10.45,18.33,2017,3,March
2017-03-31,Kjeldahl nitrogen,30,0.6196666666666667,0.605,0.28,1.4,2017,3,March
2017-03-31,Specific conductance,91,2972.736263736264,1788.0,317.0,12570.0,2017,3,March
2017-03-31,"Temperature, water",58,2.7286206896551723,1.95,0.07,8.6,2017,3,March
2017-03-31,"Total Phosphorus, mixed forms",88,10.040288636363636,0.03795,0.006,98.0,2017,3,March
2017-04-30,Chloride,67,235.25970149253732,155.0,24.1,1040.0,2017,4,April
2017-04-30,Dissolved oxygen (DO),80,12.20075,12.015,8.21,16.02,2017,4,April
2017-04-30,Kjeldahl nitrogen,30,0.6963333333333334,0.55,0.218,2.05,2017,4,April
2017-04-30,Specific conductance,97,1352.5257731958764,1062.0,305.8,4610.0,2017,4,April
2017-04-30,"Temperature, water",79,8.624050632911391,8.3,4.0,12.7,2017,4,April
2017-04-30,"Total Phosphorus, mixed forms",107,7.768362616822429,0.033,0.0034,120.0,2017,4,April
2017-05-31,Chloride,53,289.18301886792455,191.0,2.2,1110.0,2017,5,May
2017-05-31,Dissolved oxygen (DO),62,11.758387096774193,11.965,7.63,15.9,2017,5,May
2017-05-31,Kjeldahl nitrogen,25,0.7552,0.68,0.41,1.3,2017,5,May
2017-05-31,Specific conductance,79,1625.6962025316457,1384.0,513.0,4562.0,2017,5,May
2017-05-31,"Temperature, water",62,11.837096774193547,11.2,7.0,19.2,2017,5,May
2017-05-31,"Total Phosphorus, mixed forms",76,12.156527631578948,0.0489,0.005,106.0,2017,5,May
2017-06-30,Chloride,78,135.32692307692307,103.5,0.0,581.0,2017,6,June
2017-06-30,Dissolved oxygen (DO),85,8.843529411764706,9.88,0.13,13.47,2017,6,June
2017-06-30,Kjeldahl nitrogen,25,1.058,0.95,0.57,3.74,2017,6,June
2017-06-30,Specific conductance,106,999.2452830188679,878.0,501.0,2466.0,2017,6,June
2017-06-30,"Temperature, water",85,15.023529411764706,15.1,8.5,19.5,2017,6,June
2017-06-30,"Total Phosphorus, mixed forms",173,25.020910982658958,16.0,0.006,146.0,2017,6,June
2017-07-31,Chloride,63,168.9793650793651,103.0,16.5,766.0,2017,7,July
2017-07-31,Dissolved oxygen (DO),75,10.588933333333333,10.73,5.25,19.56,2017,7,July
2017-07-31,Kjeldahl nitrogen,25,1.03,0.85,0.45,4.18,2017,7,July
2017-07-31,Specific conductance,93,983.0967741935484,769.0,165.0,2858.0,2017,7,July
2017-07-31,"Temperature, water",75,19.034,19.0,12.0,25.46,2017,7,July
2017-07-31,"Total Phosphorus, mixed forms",130,36.29818769230769,12.05,0.008,882.0,2017,7,July
2017-08-31,Chloride,59,152.41794726984745,135.0,5.291481481,557.0,2017,8,August
2017-08-31,Dissolved oxygen (DO),76,9.470326289473684,10.120000000000001,-0.016255,12.36,2017,8,August
2017-08-31,Kjeldahl nitrogen,25,0.7756000000000001,0.67,0.4,1.99,2017,8,August
2017-08-31,Specific conductance,90,883.6131339333334,792.0,348.0,1820.0,2017,8,August
2017-08-31,"Temperature, water",76,18.78224059210526,18.505000000000003,7.704568,24.409464,2017,8,August
2017-08-31,"Total Phosphorus, mixed forms",100,23.047047868,0.14450000000000002,0.0121,167.0,2017,8,August
2017-09-30,Chloride,79,192.79240506329114,133.0,15.8,725.0,2017,9,September
2017-09-30,Dissolved oxygen (DO),87,11.097356321839081,11.21,4.12,19.25,2017,9,September
2017-09-30,Kjeldahl nitrogen,25,0.614,0.59,0.33,1.27,2017,9,September
2017-09-30,Specific conductance,108,1198.1203703703704,1033.5,370.0,2873.0,2017,9,September
2017-09-30,"Temperature, water",87,18.586896551724138,18.8,12.0,23.92,2017,9,September
2017-09-30,"Total Phosphorus, mixed forms",176,22.492672727272726,11.75,0.007,221.0,2017,9,September
2017-10-31,Chloride,66,126.9409090909091,117.0,20.4,430.0,2017,10,October
2017-10-31,Dissolved oxygen (DO),74,10.446486486486487,10.84,6.2,13.09,2017,10,October
2017-10-31,Kjeldahl nitrogen,28,0.8947857142857142,0.815,0.358,3.75,2017,10,October
2017-10-31,Specific conductance,92,874.3989130434783,810.5,354.0,1622.0,2017,10,October
2017-10-31,"Temperature, water",74,11.435135135135136,11.6,6.8,15.5,2017,10,October
2017-10-31,"Total Phosphorus, mixed forms",135,18.354306666666666,3.8,0.005,117.0,2017,10,October
2017-11-30,Chloride,57,192.11754385964915,141.0,32.6,1530.0,2017,11,November
2017-11-30,Dissolved oxygen (DO),53,13.70377358490566,13.73,10.88,15.56,2017,11,November
2017-11-30,Kjeldahl nitrogen,34,0.793470588235294,0.825,0.269,1.69,2017,11,November
2017-11-30,Specific conductance,77,1105.2337662337663,1040.0,606.0,2001.0,2017,11,November
2017-11-30,"Temperature, water",53,3.7830188679245285,3.6,1.4,7.8,2017,11,November
2017-11-30,"Total Phosphorus, mixed forms",90,7.607085555555556,0.033,0.0031,98.7,2017,11,November
2017-12-31,Chloride,62,619.6354838709677,200.0,30.3,3590.0,2017,12,December
2017-12-31,Dissolved oxygen (DO),61,12.937868852459017,13.77,1.56,18.38,2017,12,December
2017-12-31,Kjeldahl nitrogen,35,0.7701714285714285,0.62,0.295,3.27,2017,12,December
2017-12-31,Specific conductance,93,2882.1075268817203,1260.0,549.0,12380.0,2017,12,December
2017-12-31,"Temperature, water",57,1.6171929824561402,0.1,0.0,7.7,2017,12,December
2017-12-31,"Total Phosphorus, mixed forms",112,16.409214285714285,0.05475,0.0028,203.0,2017,12,December
2018-01-31,Chloride,61,683.4360655737705,343.0,38.5,5760.0,2018,1,January
2018-01-31,Dissolved oxygen (DO),48,13.92,14.09,9.67,15.26,2018,1,January
2018-01-31,Kjeldahl nitrogen,38,1.3136842105263158,1.355,0.441,2.46,2018,1,January
2018-01-31,Specific conductance,81,2379.5925925925926,1389.0,552.0,9086.0,2018,1,January
2018-01-31,"Temperature, water",48,0.5166666666666667,0.2,0.0,3.3,2018,1,January
2018-01-31,"Total Phosphorus, mixed forms",67,29.56774328358209,0.138,0.0135,416.0,2018,1,January
2018-02-28,Chloride,69,401.93333333333334,267.0,16.0,2210.0,2018,2,February
2018-02-28,Dissolved oxygen (DO),56,14.285535714285714,13.469999999999999,11.07,18.9,2018,2,February
2018-02-28,Kjeldahl nitrogen,38,1.5829736842105262,1.65,0.37,3.12,2018,2,February
2018-02-28,Specific conductance,95,1572.8357894736841,1172.0,320.0,7420.0,2018,2,February
2018-02-28,"Temperature, water",57,1.380877192982456,0.5,0.0,5.3,2018,2,February
2018-02-28,"Total Phosphorus, mixed forms",75,61.647828,0.39,0.0093,592.0,2018,2,February
2018-03-31,Chloride,89,470.47415730337076,207.0,28.3,3510.0,2018,3,March
2018-03-31,Dissolved oxygen (DO),80,38.724624999999996,14.16,10.26,999.0,2018,3,March
2018-03-31,Kjeldahl nitrogen,38,0.6343157894736842,0.6,0.21,1.43,2018,3,March
2018-03-31,Specific conductance,112,2240.464285714286,1400.0,478.0,10036.0,2018,3,March
2018-03-31,"Temperature, water",80,2.525,2.45,0.0,7.5,2018,3,March
2018-03-31,"Total Phosphorus, mixed forms",95,22.95166842105263,0.0608,0.0005,897.0,2018,3,March
2018-04-30,Chloride,72,224.98611111111111,162.5,26.5,838.0,2018,4,April
2018-04-30,Dissolved oxygen (DO),67,12.030597014925373,11.81,9.31,17.68,2018,4,April
2018-04-30,Kjeldahl nitrogen,34,0.8339705882352941,0.91,0.327,1.38,2018,4,April
2018-04-30,Specific conductance,92,1261.4673913043478,975.0,410.0,4040.0,2018,4,April
2018-04-30,"Temperature, water",67,7.465671641791045,8.4,1.3,11.3,2018,4,April
2018-04-30,"Total Phosphorus, mixed forms",84,33.13617619047619,0.10500000000000001,0.0005,275.0,2018,4,April
2018-05-31,Chloride,56,246.57142857142858,185.0,0.0,984.0,2018,5,May
2018-05-31,Dissolved oxygen (DO),54,11.895740740740742,10.379999999999999,8.1,97.9,2018,5,May
2018-05-31,Kjeldahl nitrogen,32,1.16496875,1.04,0.214,3.55,2018,5,May
2018-05-31,Specific conductance,77,1337.3506493506493,1157.0,584.0,3470.0,2018,5,May
2018-05-31,"Temperature, water",65,14.72923076923077,15.2,10.0,19.2,2018,5,May
2018-05-31,"Total Phosphorus, mixed forms",66,17.400528787878788,0.064,0.0034,305.0,2018,5,May
2018-06-30,Chloride,86,249.946511627907,181.0,16.2,1630.0,2018,6,June
2018-06-30,Dissolved oxygen (DO),93,9.215591397849462,8.49,4.01,89.4,2018,6,June
2018-06-30,Kjeldahl nitrogen,31,1.028516129032258,1.09,0.371,1.84,2018,6,June
2018-06-30,Specific conductance,109,1393.4311926605506,1110.0,81.0,5423.0,2018,6,June
2018-06-30,"Temperature, water",102,19.11862745098039,18.65,13.4,28.0,2018,6,June
2018-06-30,"Total Phosphorus, mixed forms",94,31.451506382978724,13.55,0.0055,370.0,2018,6,June
2018-07-31,Chloride,70,148.76142857142855,142.0,18.9,427.0,2018,7,July
2018-07-31,Dissolved oxygen (DO),74,8.527297297297297,8.46,1.0,12.64,2018,7,July
2018-07-31,Kjeldahl nitrogen,31,0.9558064516129032,0.96,0.362,2.12,2018,7,July
2018-07-31,Specific conductance,93,907.0752688172043,845.0,485.0,1890.0,2018,7,July
2018-07-31,"Temperature, water",81,21.623456790123456,21.7,14.7,27.6,2018,7,July
2018-07-31,"Total Phosphorus, mixed forms",82,30.545053658536585,0.14775,0.0063,238.0,2018,7,July
2018-08-31,Chloride,79,93.64050632911393,82.6,2.2,288.0,2018,8,August
2018-08-31,Dissolved oxygen (DO),78,8.22371794871795,8.25,4.8,11.58,2018,8,August
2018-08-31,Kjeldahl nitrogen,41,0.8869268292682926,0.92,0.21,2.23,2018,8,August
2018-08-31,Specific conductance,100,675.347,685.5,269.0,1420.0,2018,8,August
2018-08-31,"Temperature, water",79,20.83253164556962,20.9,16.96,25.2,2018,8,August
2018-08-31,"Total Phosphorus, mixed forms",104,28.420947115384614,0.10975,0.0025,367.0,2018,8,August
2018-09-30,Chloride,66,160.40151515151516,140.5,17.5,547.0,2018,9,September
2018-09-30,Dissolved oxygen (DO),70,9.009857142857143,9.085,5.5,16.6,2018,9,September
2018-09-30,Kjeldahl nitrogen,31,0.807258064516129,0.85,0.318,1.73,2018,9,September
2018-09-30,Specific conductance,90,966.3111111111111,936.5,502.0,2201.0,2018,9,September
2018-09-30,"Temperature, water",70,17.097285714285714,17.545,10.2,26.0,2018,9,September
2018-09-30,"Total Phosphorus, mixed forms",76,20.20606184210526,0.08885000000000001,0.0038,131.0,2018,9,September
2018-10-31,Chloride,102,139.0607843137255,57.6,18.8,779.0,2018,10,October
2018-10-31,Dissolved oxygen (DO),110,11.475999999999999,10.645,7.5,99.0,2018,10,October
2018-10-31,Kjeldahl nitrogen,83,0.5042650602409638,0.289,0.206,3.91,2018,10,October
2018-10-31,Specific conductance,129,948.8113953488372,739.0,299.5,2800.0,2018,10,October
2018-10-31,"Temperature, water",110,11.040000000000001,8.2,4.5,17.5,2018,10,October
2018-10-31,"Total Phosphorus, mixed forms",117,6.444186324786324,0.0263,0.005,360.0,2018,10,October
2018-11-30,Chloride,86,229.64418604651163,133.5,28.5,1040.0,2018,11,November
2018-11-30,Dissolved oxygen (DO),83,12.905060240963854,13.41,9.17,14.9,2018,11,November
2018-11-30,Kjeldahl nitrogen,31,0.7476451612903225,0.63,0.397,2.55,2018,11,November
2018-11-30,Specific conductance,106,1410.3490566037735,1164.0,364.0,3955.0,2018,11,November
2018-11-30,"Temperature, water",83,3.1036144578313256,2.3,0.0,9.5,2018,11,November
2018-11-30,"Total Phosphorus, mixed forms",94,27.9138585106383,0.3005,0.0054,239.0,2018,11,November
2018-12-31,Chloride,45,373.35777777777776,270.0,60.1,1790.0,2018,12,December
2018-12-31,Dissolved oxygen (DO),43,13.93046511627907,14.05,12.33,15.16,2018,12,December
2018-12-31,Kjeldahl nitrogen,35,0.837342857142857,0.74,0.28,1.94,2018,12,December
2018-12-31,Specific conductance,75,1804.44,1467.0,662.0,6330.0,2018,12,December
2018-12-31,"Temperature, water",43,1.3325581395348838,1.0,0.0,4.3,2018,12,December
2018-12-31,"Total Phosphorus, mixed forms",48,6.17185,0.026000000000000002,0.0044,106.0,2018,12,December
2019-01-31,Chloride,51,827.1411764705882,468.0,0.4,4720.0,2019,1,January
2019-01-31,Dissolved oxygen (DO),27,13.044074074074073,13.22,10.12,14.34,2019,1,January
2019-01-31,Kjeldahl nitrogen,35,1.1280571428571429,0.97,0.325,3.88,2019,1,January
2019-01-31,Specific conductance,60,4474.266666666666,3247.0,514.0,14053.0,2019,1,January
2019-01-31,"Temperature, water",27,0.4703703703703703,0.2,0.0,1.8,2019,1,January
2019-01-31,"Total Phosphorus, mixed forms",54,17.529437037037038,0.03365,0.0031,377.0,2019,1,January
2019-02-28,Chloride,53,769.3698113207547,396.0,18.2,3750.0,2019,2,February
2019-02-28,Dissolved oxygen (DO),41,13.63609756097561,13.65,12.25,14.96,2019,2,February
2019-02-28,Kjeldahl nitrogen,34,1.8625588235294117,1.56,0.471,6.6,2019,2,February
2019-02-28,Specific conductance,71,3190.3521126760565,1850.0,201.0,11800.0,2019,2,February
2019-02-28,"Temperature, water",42,0.27380952380952384,0.1,0.0,2.3,2019,2,February
2019-02-28,"Total Phosphorus, mixed forms",59,64.67460338983051,0.0864,0.0062,937.0,2019,2,February
2019-03-31,Chloride,96,561.8604166666667,238.5,24.7,4550.0,2019,3,March
2019-03-31,Dissolved oxygen (DO),84,14.003690476190476,13.96,11.31,16.99,2019,3,March
2019-03-31,Kjeldahl nitrogen,41,0.9290975609756098,0.89,0.345,2.83,2019,3,March
2019-03-31,Specific conductance,120,2605.6341666666663,1468.0,451.0,14369.0,2019,3,March
2019-03-31,"Temperature, water",85,1.9023529411764704,1.8,-0.3,5.7,2019,3,March
2019-03-31,"Total Phosphorus, mixed forms",101,17.51680495049505,0.0957,0.0127,333.0,2019,3,March
2019-04-30,Chloride,63,232.70634920634922,139.0,27.8,1070.0,2019,4,April
2019-04-30,Dissolved oxygen (DO),75,12.796266666666668,11.98,8.0,18.14,2019,4,April
2019-04-30,Kjeldahl nitrogen,31,1.002032258064516,1.06,0.333,1.79,2019,4,April
2019-04-30,Specific conductance,90,1275.4666666666667,1009.0,496.0,3756.0,2019,4,April
2019-04-30,"Temperature, water",75,7.703866666666666,8.2,2.1,11.3,2019,4,April
2019-04-30,"Total Phosphorus, mixed forms",73,16.901887671232878,0.165,0.0075,116.0,2019,4,April
2019-05-31,Chloride,76,175.8907894736842,111.5,0.0,893.0,2019,5,May
2019-05-31,Dissolved oxygen (DO),73,13.344931506849314,13.95,7.46,20.29,2019,5,May
2019-05-31,Kjeldahl nitrogen,31,1.2808709677419354,0.85,0.33,8.64,2019,5,May
2019-05-31,Specific conductance,95,1119.9263157894736,842.0,490.0,3300.0,2019,5,May
2019-05-31,"Temperature, water",74,10.902432432432432,11.315000000000001,6.0,15.0,2019,5,May
2019-05-31,"Total Phosphorus, mixed forms",88,27.64905,0.08175,0.002,944.0,2019,5,May
2019-06-30,Chloride,70,261.19714285714286,138.0,23.5,938.0,2019,6,June
2019-06-30,Dissolved oxygen (DO),87,8.717011494252873,9.0,0.86,12.48,2019,6,June
2019-06-30,Kjeldahl nitrogen,31,0.9436451612903226,0.95,0.361,2.34,2019,6,June
2019-06-30,Specific conductance,92,1377.804347826087,1115.0,529.0,3481.0,2019,6,June
2019-06-30,"Temperature, water",83,17.650602409638555,17.9,10.6,23.7,2019,6,June
2019-06-30,"Total Phosphorus, mixed forms",82,18.64716707317073,0.09955,0.0052,222.0,2019,6,June
2019-07-31,Chloride,54,195.7574074074074,155.5,13.9,579.0,2019,7,July
2019-07-31,Dissolved oxygen (DO),70,9.06,9.14,5.0,12.57,2019,7,July
2019-07-31,Kjeldahl nitrogen,31,0.8492903225806452,0.81,0.368,1.7,2019,7,July
2019-07-31,Specific conductance,78,1082.4615384615386,977.0,412.0,2398.0,2019,7,July
2019-07-31,"Temperature, water",80,22.608625,20.85,12.9,173.0,2019,7,July
2019-07-31,"Total Phosphorus, mixed forms",65,17.980076923076922,0.0654,0.0061,202.0,2019,7,July
2019-08-31,Chloride,78,169.51923076923077,141.0,15.1,693.0,2019,8,August
2019-08-31,Dissolved oxygen (DO),113,8.55920353982301,8.79,3.59,18.31,2019,8,August
2019-08-31,Kjeldahl nitrogen,25,0.9259999999999999,0.88,0.62,2.0,2019,8,August
2019-08-31,Specific conductance,108,991.0370370370371,946.0,447.0,1789.0,2019,8,August
2019-08-31,"Temperature, water",120,19.985,20.2,11.3,25.5,2019,8,August
2019-08-31,"Total Phosphorus, mixed forms",83,26.431062650602414,18.7,0.0164,134.0,2019,8,August
2019-09-30,Chloride,62,210.7983870967742,176.5,13.8,634.0,2019,9,September
2019-09-30,Dissolved oxygen (DO),93,9.54741935483871,9.0,4.32,19.45,2019,9,September
2019-09-30,Kjeldahl nitrogen,25,1.0892,0.9,0.67,2.96,2019,9,September
2019-09-30,Specific conductance,90,1212.0111111111112,1093.0,161.0,2644.0,2019,9,September
2019-09-30,"Temperature, water",99,17.33131313131313,17.7,12.1,21.67,2019,9,September
2019-09-30,"Total Phosphorus, mixed forms",65,15.856478461538462,0.695,0.0105,118.0,2019,9,September
2019-10-31,Chloride,54,131.23888888888888,124.5,20.8,353.0,2019,10,October
2019-10-31,Dissolved oxygen (DO),69,9.777536231884058,10.31,4.5,12.43,2019,10,October
2019-10-31,Kjeldahl nitrogen,25,1.0536,0.91,0.54,1.9,2019,10,October
2019-10-31,Specific conductance,81,841.5308641975308,808.0,442.0,1371.0,2019,10,October
2019-10-31,"Temperature, water",80,11.8625,11.7,6.6,19.0,2019,10,October
2019-10-31,"Total Phosphorus, mixed forms",58,17.52334827586207,0.133,0.0124,118.0,2019,10,October
2019-11-30,Chloride,56,193.98749999999998,96.4,30.2,2200.0,2019,11,November
2019-11-30,Dissolved oxygen (DO),85,12.138823529411765,12.08,8.51,15.83,2019,11,November
2019-11-30,Specific conductance,83,1263.3373493975903,1048.0,525.0,4017.0,2019,11,November
2019-11-30,"Temperature, water",86,5.475581395348837,4.95,1.4,10.8,2019,11,November
2019-11-30,"Total Phosphorus, mixed forms",56,33.413605357142856,24.0,0.0105,206.0,2019,11,November
2019-12-31,Chloride,39,514.2307692307693,507.0,54.5,1540.0,2019,12,December
2019-12-31,Dissolved oxygen (DO),45,15.218444444444446,14.41,13.05,20.01,2019,12,December
2019-12-31,Kjeldahl nitrogen,28,1.5210714285714286,1.335,0.69,2.65,2019,12,December
2019-12-31,Specific conductance,74,2012.7837837837837,1966.5,675.0,5534.0,2019,12,December
2019-12-31,"Temperature, water",46,1.4030434782608696,1.2000000000000002,0.0,5.65,2019,12,December
2019-12-31,"Total Phosphorus, mixed forms",40,30.411047500000002,0.11699999999999999,0.0136,419.0,2019,12,December
2020-01-31,Chloride,64,567.19375,244.5,39.9,2800.0,2020,1,January
2020-01-31,Dissolved oxygen (DO),61,14.13950819672131,14.19,11.76,16.41,2020,1,January
2020-01-31,Kjeldahl nitrogen,28,0.9839285714285715,0.905,0.62,1.69,2020,1,January
2020-01-31,Specific conductance,90,2543.688888888889,1763.0,560.0,9224.0,2020,1,January
2020-01-31,"Temperature, water",59,0.33576271186440676,0.09,-0.2,2.5,2020,1,January
2020-01-31,"Total Phosphorus, mixed forms",64,12.1768328125,0.0711,0.0138,72.4,2020,1,January
2020-02-29,Chloride,37,509.60540540540546,235.0,36.1,1940.0,2020,2,February
2020-02-29,Dissolved oxygen (DO),37,13.822702702702703,13.83,11.07,15.97,2020,2,February
2020-02-29,Kjeldahl nitrogen,13,0.8869230769230769,0.71,0.55,1.67,2020,2,February
2020-02-29,Specific conductance,50,2221.84,1290.0,589.0,6853.0,2020,2,February
2020-02-29,"Temperature, water",37,1.2256756756756757,0.8,-0.4,4.66,2020,2,February
2020-02-29,"Total Phosphorus, mixed forms",37,14.109297297297298,8.9,0.0134,53.2,2020,2,February
2020-03-31,Chloride,27,1307.2703703703705,924.0,36.3,4500.0,2020,3,March
2020-03-31,Dissolved oxygen (DO),28,18.756785714285716,20.18,12.27,22.28,2020,3,March
2020-03-31,Kjeldahl nitrogen,15,1.176,1.03,0.43,2.86,2020,3,March
2020-03-31,Specific conductance,43,5371.488372093023,4085.0,532.0,15387.0,2020,3,March
2020-03-31,"Temperature, water",28,1.8932142857142857,1.76,0.04,4.7,2020,3,March
2020-03-31,"Total Phosphorus, mixed forms",27,24.93425185185185,0.0828,0.0196,339.0,2020,3,March
2020-05-31,Chloride,38,406.0105263157895,315.0,24.2,1350.0,2020,5,May
2020-05-31,Dissolved oxygen (DO),36,9.30111111111111,9.51,5.21,12.22,2020,5,May
2020-05-31,Kjeldahl nitrogen,37,0.9675675675675675,0.98,0.33,2.38,2020,5,May
2020-05-31,Specific conductance,73,1743.0,1500.0,551.0,4620.0,2020,5,May
2020-05-31,"Temperature, water",36,19.97222222222222,20.0,12.9,27.3,2020,5,May
2020-05-31,"Total Phosphorus, mixed forms",39,0.9451256410256411,0.0342,0.0134,17.6,2020,5,May
2020-06-30,Chloride,38,337.678947368421,294.0,19.1,1150.0,2020,6,June
2020-06-30,Dissolved oxygen (DO),37,9.540810810810811,8.87,5.12,19.27,2020,6,June
2020-06-30,Kjeldahl nitrogen,37,0.9064864864864864,0.82,0.45,1.52,2020,6,June
2020-06-30,Specific conductance,74,1524.3918918918919,1357.5,532.0,4170.0,2020,6,June
2020-06-30,"Temperature, water",37,20.64702702702703,20.5,13.3,25.5,2020,6,June
2020-06-30,"Total Phosphorus, mixed forms",41,0.9317731707317073,0.0669,0.0218,18.2,2020,6,June
2020-07-31,Chloride,38,228.15526315789472,185.5,19.3,659.0,2020,7,July
2020-07-31,Dissolved oxygen (DO),51,8.655882352941177,8.92,3.8,12.43,2020,7,July
2020-07-31,Kjeldahl nitrogen,37,0.9313513513513514,0.85,0.33,1.94,2020,7,July
2020-07-31,Specific conductance,74,1197.0135135135135,986.0,501.0,4993.0,2020,7,July
2020-07-31,"Temperature, water",51,22.139215686274508,22.6,15.0,26.5,2020,7,July
2020-07-31,"Total Phosphorus, mixed forms",43,0.8332186046511628,0.0781,0.0223,16.4,2020,7,July
2020-08-31,Chloride,38,239.50526315789475,221.0,13.1,857.0,2020,8,August
2020-08-31,Dissolved oxygen (DO),63,8.594126984126984,8.51,5.0,12.23,2020,8,August
2020-08-31,Kjeldahl nitrogen,37,0.9824324324324325,0.78,0.35,2.75,2020,8,August
2020-08-31,Specific conductance,74,1187.9324324324325,1112.0,519.0,3190.0,2020,8,August
2020-08-31,"Temperature, water",64,21.915625,22.1,16.1,27.8,2020,8,August
2020-08-31,"Total Phosphorus, mixed forms",43,0.7783953488372094,0.0598,0.016,16.2,2020,8,August
2020-09-30,Chloride,38,276.4736842105263,226.5,14.7,737.0,2020,9,September
2020-09-30,Dissolved oxygen (DO),67,9.493731343283583,9.73,6.0,17.01,2020,9,September
2020-09-30,Kjeldahl nitrogen,36,0.7627777777777778,0.75,0.23,2.88,2020,9,September
2020-09-30,Specific conductance,74,1348.054054054054,1236.0,525.0,2860.0,2020,9,September
2020-09-30,"Temperature, water",68,15.87205882352941,16.35,8.1,23.1,2020,9,September
2020-09-30,"Total Phosphorus, mixed forms",44,0.8581409090909091,0.03265,0.009,18.0,2020,9,September
2020-10-31,Chloride,62,125.74677419354839,125.5,28.7,282.0,2020,10,October
2020-10-31,Dissolved oxygen (DO),54,18.21851851851852,15.09,2.6,81.6,2020,10,October
2020-10-31,Kjeldahl nitrogen,25,0.8251999999999999,0.76,0.54,1.38,2020,10,October
2020-10-31,Specific conductance,77,785.077922077922,772.0,368.0,1470.0,2020,10,October
2020-10-31,"Temperature, water",55,9.666,9.6,5.9,13.22,2020,10,October
2020-10-31,"Total Phosphorus, mixed forms",64,22.8286375,3.6645,0.0103,144.0,2020,10,October
2020-11-30,Chloride,49,481.2367346938775,310.0,30.0,1960.0,2020,11,November
2020-11-30,Dissolved oxygen (DO),54,12.710185185185185,12.39,9.39,14.65,2020,11,November
2020-11-30,Kjeldahl nitrogen,25,0.878,0.86,0.61,1.27,2020,11,November
2020-11-30,Specific conductance,78,2105.269230769231,1542.5,577.0,6329.0,2020,11,November
2020-11-30,"Temperature, water",54,4.300000000000001,4.0,1.2,8.0,2020,11,November
2020-11-30,"Total Phosphorus, mixed forms",75,12.409381049906667,0.0715,0.0064,220.0,2020,11,November
2020-12-31,Chloride,46,793.6891304347826,374.0,42.0,5850.0,2020,12,December
2020-12-31,Dissolved oxygen (DO),43,13.618139534883722,13.45,11.22,19.33,2020,12,December
2020-12-31,Kjeldahl nitrogen,32,0.935625,0.865,0.49,2.79,2020,12,December
2020-12-31,Specific conductance,77,3324.051948051948,2087.0,649.0,17100.0,2020,12,December
2020-12-31,"Temperature, water",43,1.8604651162790697,1.6,-0.2,4.6,2020,12,December
2020-12-31,"Total Phosphorus, mixed forms",52,7.404875243942308,0.0563,0.0093,96.8,2020,12,December
2021-01-31,Chloride,40,1068.795,528.0,36.5,7810.0,2021,1,January
2021-01-31,Dissolved oxygen (DO),42,15.938547619047618,14.190000000000001,4.21,93.72,2021,1,January
2021-01-31,Kjeldahl nitrogen,30,1.0286666666666666,0.72,0.39,5.47,2021,1,January
2021-01-31,Specific conductance,73,3837.5479452054797,2230.0,609.0,24506.0,2021,1,January
2021-01-31,"Temperature, water",42,0.7771428571428571,0.2,0.0,20.4,2021,1,January
2021-01-31,"Total Phosphorus, mixed forms",39,7.739102564102564,0.0292,0.0104,176.0,2021,1,January
2021-02-28,Chloride,42,1360.4,1140.0,36.7,5690.0,2021,2,February
2021-02-28,Dissolved oxygen (DO),40,13.586000000000002,13.64,11.9,14.54,2021,2,February
2021-02-28,Kjeldahl nitrogen,26,1.3715384615384614,1.3250000000000002,0.42,2.51,2021,2,February
2021-02-28,Specific conductance,66,4927.742424242424,4597.5,632.0,16040.0,2021,2,February
2021-02-28,"Temperature, water",40,0.61,0.2,-0.8,3.3,2021,2,February
2021-02-28,"Total Phosphorus, mixed forms",51,8.774372842588235,0.0458,0.0088,114.0,2021,2,February
2021-03-31,Chloride,48,638.1166666666667,386.5,38.1,2450.0,2021,3,March
2021-03-31,Dissolved oxygen (DO),46,13.085652173913042,12.955,9.0,17.25,2021,3,March
2021-03-31,Kjeldahl nitrogen,36,0.8591666666666666,0.77,0.28,1.88,2021,3,March
2021-03-31,Specific conductance,81,2728.6913580246915,1923.0,582.0,8111.0,2021,3,March
2021-03-31,"Temperature, water",46,6.360869565217392,7.05,0.3,13.7,2021,3,March
2021-03-31,"Total Phosphorus, mixed forms",59,1.7981825298135592,0.0504,0.0151,41.5,2021,3,March
2021-04-30,Chloride,30,525.8366666666667,443.0,72.8,1560.0,2021,4,April
2021-04-30,Dissolved oxygen (DO),42,12.967380952380953,12.96,9.59,15.0,2021,4,April
2021-04-30,Kjeldahl nitrogen,24,0.7641666666666667,0.72,0.2,1.22,2021,4,April
2021-04-30,Specific conductance,62,2196.1774193548385,1897.5,597.0,5180.0,2021,4,April
2021-04-30,"Temperature, water",43,7.609302325581395,7.9,3.5,12.0,2021,4,April
2021-04-30,"Total Phosphorus, mixed forms",30,0.031086666666666665,0.029150000000000002,0.0139,0.0891,2021,4,April
2021-05-31,Chloride,31,491.72258064516126,419.0,56.5,1690.0,2021,5,May
2021-05-31,Dissolved oxygen (DO),42,10.248333333333333,10.04,5.66,15.08,2021,5,May
2021-05-31,Kjeldahl nitrogen,25,1.3584,0.98,0.69,9.72,2021,5,May
2021-05-31,Specific conductance,62,2040.258064516129,1857.0,540.0,5780.0,2021,5,May
2021-05-31,"Temperature, water",42,17.423809523809524,17.700000000000003,9.7,22.6,2021,5,May
2021-05-31,"Total Phosphorus, mixed forms",33,0.06339696969696969,0.044,0.012,0.44,2021,5,May
2021-06-30,Chloride,32,355.4625,268.0,57.6,1060.0,2021,6,June
2021-06-30,Dissolved oxygen (DO),48,9.209166666666667,8.98,4.36,17.87,2021,6,June
2021-06-30,Kjeldahl nitrogen,25,1.09,1.1,0.52,1.92,2021,6,June
2021-06-30,Specific conductance,61,1554.1803278688524,1393.0,523.0,3670.0,2021,6,June
2021-06-30,"Temperature, water",48,18.491666666666667,18.75,7.1,24.8,2021,6,June
2021-06-30,"Total Phosphorus, mixed forms",36,1.3180694444444443,0.0658,0.0153,24.0,2021,6,June
2021-07-31,Chloride,28,289.1642857142857,238.0,55.9,757.0,2021,7,July
2021-07-31,Dissolved oxygen (DO),48,8.429166666666667,8.399999999999999,4.23,15.91,2021,7,July
2021-07-31,Kjeldahl nitrogen,20,0.7525000000000001,0.75,0.5,1.13,2021,7,July
2021-07-31,Specific conductance,46,1436.1304347826087,1351.5,609.0,3030.0,2021,7,July
2021-07-31,"Temperature, water",60,21.466666666666665,21.25,17.0,28.5,2021,7,July
2021-07-31,"Total Phosphorus, mixed forms",46,0.7162922236086956,0.060954971499999996,0.0147,14.2,2021,7,July
2021-08-31,Chloride,52,252.61346153846154,165.0,21.2,946.0,2021,8,August
2021-08-31,Dissolved oxygen (DO),96,11.641041666666666,8.99,5.0,59.21,2021,8,August
2021-08-31,Kjeldahl nitrogen,47,0.6929574468085107,0.7,0.202,1.47,2021,8,August
2021-08-31,Specific conductance,90,1206.7577777777778,1036.5,295.3,3417.0,2021,8,August
2021-08-31,"Temperature, water",94,22.894255319148936,23.0,12.4,29.0,2021,8,August
2021-08-31,"Total Phosphorus, mixed forms",68,0.32617889914705883,0.038624457,0.0029,10.0,2021,8,August
2021-09-30,Chloride,38,156.3421052631579,99.35,39.4,621.0,2021,9,September
2021-09-30,Dissolved oxygen (DO),70,6.948285714285714,6.734999999999999,5.0,16.76,2021,9,September
2021-09-30,Kjeldahl nitrogen,28,0.8985714285714286,0.835,0.42,2.82,2021,9,September
2021-09-30,Specific conductance,67,871.2686567164179,673.0,282.0,2470.0,2021,9,September
2021-09-30,"Temperature, water",70,17.73542857142857,17.8,12.29,24.1,2021,9,September
2021-09-30,"Total Phosphorus, mixed forms",64,0.887448487484375,0.0955157715,0.0111,24.6,2021,9,September
2021-10-31,Chloride,31,174.5225806451613,116.0,65.9,522.0,2021,10,October
2021-10-31,Dissolved oxygen (DO),41,11.289268292682927,11.48,7.39,12.56,2021,10,October
2021-10-31,Kjeldahl nitrogen,25,1.0404,0.93,0.74,1.99,2021,10,October
2021-10-31,Specific conductance,62,925.1370967741935,859.0,419.7,1811.0,2021,10,October
2021-10-31,"Temperature, water",41,9.573170731707316,9.0,6.7,14.0,2021,10,October
2021-10-31,"Total Phosphorus, mixed forms",37,0.7670327505945945,0.067879543,0.0113,12.9,2021,10,October
2021-11-30,Chloride,32,278.190625,237.0,66.0,1320.0,2021,11,November
2021-11-30,Dissolved oxygen (DO),37,14.378378378378379,14.31,10.96,18.52,2021,11,November
2021-11-30,Kjeldahl nitrogen,25,1.7116,0.83,0.56,21.6,2021,11,November
2021-11-30,Specific conductance,62,1261.532258064516,1193.5,597.0,2240.0,2021,11,November
2021-11-30,"Temperature, water",37,3.3783783783783785,3.2,0.7,7.4,2021,11,November
2021-11-30,"Total Phosphorus, mixed forms",43,0.06883326246511627,0.0259,0.0071,0.676848686,2021,11,November
2021-12-31,Chloride,31,381.1645161290323,274.0,45.2,1100.0,2021,12,December
2021-12-31,Dissolved oxygen (DO),18,13.845,14.015,12.23,14.5,2021,12,December
2021-12-31,Kjeldahl nitrogen,28,0.9010714285714286,0.885,0.31,1.44,2021,12,December
2021-12-31,Specific conductance,65,1740.0,1354.0,614.0,4060.0,2021,12,December
2021-12-31,"Temperature, water",37,3.8783783783783785,3.7,1.0,8.0,2021,12,December
2021-12-31,"Total Phosphorus, mixed forms",41,0.04840518468292683,0.0351,0.016786286,0.264908571,2021,12,December
2022-01-31,Chloride,34,1351.1411764705883,659.0,26.5,14200.0,2022,1,January
2022-01-31,Dissolved oxygen (DO),36,12.743888888888888,12.765,10.03,15.61,2022,1,January
2022-01-31,Kjeldahl nitrogen,30,0.8376666666666667,0.68,0.36,2.91,2022,1,January
2022-01-31,Specific conductance,31,4818.548387096775,2660.0,587.0,36900.0,2022,1,January
2022-01-31,"Temperature, water",37,0.6405405405405405,0.6,0.1,1.8,2022,1,January
2022-01-31,"Total Phosphorus, mixed forms",32,0.03021875,0.01635,0.0092,0.153,2022,1,January
2022-02-28,Chloride,32,1011.071875,569.5,49.2,4950.0,2022,2,February
2022-02-28,Dissolved oxygen (DO),5,14.132,15.37,6.81,17.04,2022,2,February
2022-02-28,Kjeldahl nitrogen,32,1.155625,1.17,0.45,2.07,2022,2,February
2022-02-28,Specific conductance,37,3352.945945945946,1493.0,347.0,16120.0,2022,2,February
2022-02-28,"Temperature, water",5,0.054000000000000006,0.05,0.02,0.09,2022,2,February
2022-02-28,"Total Phosphorus, mixed forms",32,0.082090625,0.061200000000000004,0.019,0.385,2022,2,February
2022-03-31,Chloride,32,628.815625,281.5,48.8,2760.0,2022,3,March
2022-03-31,Dissolved oxygen (DO),38,15.705526315789472,14.105,9.0,25.16,2022,3,March
2022-03-31,Kjeldahl nitrogen,32,1.3387499999999999,1.07,0.42,4.51,2022,3,March
2022-03-31,Specific conductance,69,2403.391304347826,1461.0,500.0,9000.0,2022,3,March
2022-03-31,"Temperature, water",38,2.758157894736842,2.3,0.04,6.72,2022,3,March
2022-03-31,"Total Phosphorus, mixed forms",38,0.1793359127894737,0.0752481715,0.024,1.29,2022,3,March
2022-04-30,Chloride,37,386.7972972972973,286.0,23.7,1530.0,2022,4,April
2022-04-30,Dissolved oxygen (DO),50,12.1242,11.8,7.0,14.74,2022,4,April
2022-04-30,Kjeldahl nitrogen,37,0.7345675675675676,0.78,0.166,1.66,2022,4,April
2022-04-30,Specific conductance,77,1706.1844155844158,1580.0,316.2,5110.0,2022,4,April
2022-04-30,"Temperature, water",49,7.881632653061224,7.6,3.5,11.7,2022,4,April
2022-04-30,"Total Phosphorus, mixed forms",46,0.026828260869565218,0.0194,0.0029,0.148,2022,4,April
2022-05-31,Chloride,28,503.49285714285713,412.0,75.8,1350.0,2022,5,May
2022-05-31,Dissolved oxygen (DO),48,10.039166666666667,10.440000000000001,2.5,24.71,2022,5,May
2022-05-31,Kjeldahl nitrogen,28,0.9896428571428572,0.865,0.53,2.46,2022,5,May
2022-05-31,Specific conductance,71,1750.8605633802817,1611.0,572.0,4600.0,2022,5,May
2022-05-31,"Temperature, water",51,16.66470588235294,16.6,7.4,26.3,2022,5,May
2022-05-31,"Total Phosphorus, mixed forms",33,0.051638126424242425,0.0423,0.014583086,0.16,2022,5,May
2022-06-30,Chloride,28,481.39285714285717,462.0,72.0,1440.0,2022,6,June
2022-06-30,Dissolved oxygen (DO),64,8.69171875,8.86,0.95,15.43,2022,6,June
2022-06-30,Kjeldahl nitrogen,28,1.135,0.87,0.49,3.37,2022,6,June
2022-06-30,Specific conductance,84,1673.297619047619,1631.5,541.0,4760.0,2022,6,June
2022-06-30,"Temperature, water",70,17.045714285714286,17.05,7.0,24.4,2022,6,June
2022-06-30,"Total Phosphorus, mixed forms",28,0.08682500000000001,0.058300000000000005,0.011,0.279,2022,6,June
2022-07-31,Chloride,28,361.65714285714284,331.0,66.4,850.0,2022,7,July
2022-07-31,Dissolved oxygen (DO),65,7.758307692307692,8.0,3.05,11.0,2022,7,July
2022-07-31,Kjeldahl nitrogen,28,1.0592857142857144,0.965,0.48,2.66,2022,7,July
2022-07-31,Specific conductance,82,1336.6048780487806,1356.5,9.6,2950.0,2022,7,July
2022-07-31,"Temperature, water",71,21.2,21.6,9.0,29.0,2022,7,July
2022-07-31,"Total Phosphorus, mixed forms",28,0.08954642857142857,0.07105,0.0134,0.321,2022,7,July
2022-08-31,Chloride,28,204.67499999999998,170.0,58.3,472.0,2022,8,August
2022-08-31,Dissolved oxygen (DO),63,7.3480952380952385,7.86,1.6,10.64,2022,8,August
2022-08-31,Kjeldahl nitrogen,28,1.0967857142857143,0.98,0.56,2.03,2022,8,August
2022-08-31,Specific conductance,83,910.8542168674699,757.0,358.0,1964.0,2022,8,August
2022-08-31,"Temperature, water",68,20.269117647058824,20.5,10.3,28.0,2022,8,August
2022-08-31,"Total Phosphorus, mixed forms",28,0.09893214285714287,0.09395,0.0157,0.3,2022,8,August
2022-09-30,Chloride,28,208.37142857142857,199.5,54.1,533.0,2022,9,September
2022-09-30,Dissolved oxygen (DO),59,8.51813559322034,9.0,1.85,13.44,2022,9,September
2022-09-30,Kjeldahl nitrogen,28,0.7953571428571429,0.6950000000000001,0.32,2.58,2022,9,September
2022-09-30,Specific conductance,80,951.8233749999999,913.5,6.77,2180.0,2022,9,September
2022-09-30,"Temperature, water",65,16.48923076923077,16.1,6.2,26.9,2022,9,September
2022-09-30,"Total Phosphorus, mixed forms",22,0.05905454545454545,0.044649999999999995,0.0228,0.149,2022,9,September
2022-10-31,Chloride,28,283.44642857142856,243.5,60.5,703.0,2022,10,October
2022-10-31,Dissolved oxygen (DO),64,9.77171875,10.625,4.82,15.02,2022,10,October
2022-10-31,Kjeldahl nitrogen,28,0.7689285714285715,0.74,0.37,1.54,2022,10,October
2022-10-31,Specific conductance,82,1228.2073170731708,1160.5,502.0,2780.0,2022,10,October
2022-10-31,"Temperature, water",64,9.6390625,9.5,6.4,14.6,2022,10,October
2022-10-31,"Total Phosphorus, mixed forms",24,0.0438625,0.03905,0.0108,0.11,2022,10,October
2022-11-30,Chloride,28,498.4857142857143,356.5,63.5,1580.0,2022,11,November
2022-11-30,Dissolved oxygen (DO),45,13.447555555555555,13.68,7.0,36.5,2022,11,November
2022-11-30,Kjeldahl nitrogen,28,0.7867857142857143,0.62,0.3,2.12,2022,11,November
2022-11-30,Specific conductance,69,1942.9246376811593,1480.0,192.0,5237.0,2022,11,November
2022-11-30,"Temperature, water",45,3.1355555555555554,3.1,0.0,11.8,2022,11,November
2022-11-30,"Total Phosphorus, mixed forms",22,0.08617272727272728,0.022949999999999998,0.0133,0.42,2022,11,November
2022-12-31,Chloride,35,998.3800000000001,424.0,19.0,5980.0,2022,12,December
2022-12-31,Dissolved oxygen (DO),39,13.07923076923077,13.37,8.0,15.07,2022,12,December
2022-12-31,Kjeldahl nitrogen,35,0.7828571428571429,0.64,0.29,3.2,2022,12,December
2022-12-31,Specific conductance,72,3659.222222222222,1942.5,557.0,18460.0,2022,12,December
2022-12-31,"Temperature, water",39,1.1846153846153846,0.2,0.0,6.4,2022,12,December
2022-12-31,"Total Phosphorus, mixed forms",26,0.051234615384615385,0.02205,0.0114,0.668,2022,12,December
2023-01-31,Dissolved oxygen (DO),2,8.5,8.5,8.0,9.0,2023,1,January
2023-01-31,"Temperature, water",3,2.1333333333333333,1.9,1.8,2.7,2023,1,January
2023-02-28,Dissolved oxygen (DO),2,8.5,8.5,8.0,9.0,2023,2,February
2023-02-28,"Temperature, water",3,2.3333333333333335,2.0,1.8,3.2,2023,2,February
2023-03-31,Dissolved oxygen (DO),5,8.6,9.0,8.0,9.0,2023,3,March
2023-03-31,"Temperature, water",6,3.25,3.05,2.3,4.6,2023,3,March
2023-04-30,Dissolved oxygen (DO),2,8.5,8.5,8.0,9.0,2023,4,April
2023-04-30,"Temperature, water",4,6.7,7.300000000000001,4.1,8.1,2023,4,April
2023-05-31,Dissolved oxygen (DO),11,9.636363636363637,9.0,7.0,12.0,2023,5,May
2023-05-31,"Temperature, water",13,13.784615384615384,13.7,7.5,18.9,2023,5,May
2023-06-30,Dissolved oxygen (DO),29,7.551724137931035,7.0,5.0,12.0,2023,6,June
2023-06-30,"Temperature, water",31,18.845161290322583,18.3,14.2,24.3,2023,6,June
2023-07-31,Dissolved oxygen (DO),26,7.269230769230769,7.0,5.0,12.0,2023,7,July
2023-07-31,"Temperature, water",29,22.478620689655173,21.8,17.6,31.7,2023,7,July
2023-08-31,Dissolved oxygen (DO),35,7.0285714285714285,6.0,4.0,12.0,2023,8,August
2023-08-31,"Temperature, water",35,19.39428571428571,20.1,9.1,25.3,2023,8,August
2023-09-30,Dissolved oxygen (DO),13,8.76923076923077,9.0,5.5,12.0,2023,9,September
2023-09-30,"Temperature, water",13,20.107692307692307,20.2,17.7,25.3,2023,9,September
2023-11-30,Dissolved oxygen (DO),1,9.0,9.0,9.0,9.0,2023,11,November
2023-11-30,"Temperature, water",1,4.1,4.1,4.1,4.1,2023,11,November
2024-01-31,Dissolved oxygen (DO),1,12.0,12.0,12.0,12.0,2024,1,January
2024-01-31,"Temperature, water",1,0.1,0.1,0.1,0.1,2024,1,January
